giro,nicho,empresa,url,email,telefono,ciudad,estado,pais,tipo,prioridad,score_contacto,notas,fuente
Autos,Accesorios para autos (luces y refacciones pequeñas),Accesorios Aguilar,https://www.accesoriosaguilar.com/,,3322621310,Zapopan,Jalisco,México,Mayoreo,Alta,6,"Focos LED, xenón, barras, alarmas y polarizado; Puerto Guaymas 983, Miramar",research
Autos,Accesorios para autos (luces y refacciones pequeñas),Accesorios Molo,https://www.accesoriosmolo.com/,,5635518793,CDMX,CDMX,México,Mayoreo,Alta,6,"17+ años; accesorios automotrices mayoreo/menudeo; Juventino Rosas 9, Peralvillo",research
Autos,Accesorios para autos (luces y refacciones pequeñas),Accesorios para autos (luces y refacciones pequeñas) (ejemplo original),https://www.masrefacciones.mx/,,,,,México,Ejemplo original,Media,2,Seed del cliente,ejemplo_cliente
Autos,Accesorios para autos (luces y refacciones pequeñas),Amazon MX accesorios auto,https://www.amazon.com.mx/s?k=accesorios+para+auto+led,,,México,México,México,Marketplace,Media,2,Sellers de accesorios automotrices,research
Autos,Accesorios para autos (luces y refacciones pequeñas),Autopartes García,,,3333445000,Guadalajara,Jalisco,México,Tienda,Media,3,Repuestos y accesorios para autos; faros y calaveras en GDL,research
Autos,Accesorios para autos (luces y refacciones pequeñas),AutoZone México,https://www.autozone.com.mx/,,,CDMX,CDMX,México,Retail,Media,3,Refaccionarias con accesorios y luces,brand
Autos,Accesorios para autos (luces y refacciones pequeñas),Comercializadora Fénix,https://www.autoaccesoriosfenix.com/,,,CDMX,CDMX,México,Mayoreo,Media,4,"1,302+ productos de iluminación LED y accesorios; precios de mayoreo; envío CDMX",research
Autos,Accesorios para autos (luces y refacciones pequeñas),Evolum,https://evolum.shop/,,,México,México,México,Ecom,Media,3,"Tienda líder en luces LED para carros: kits H4/H7/H11/9005/9006 con 22,000 lúmenes",research
Autos,Accesorios para autos (luces y refacciones pequeñas),Goled,,,3787819000,Tepatitlán,Jalisco,México,Tienda,Media,3,Tienda de iluminación para autos y camiones,research
Autos,Accesorios para autos (luces y refacciones pequeñas),Leds Cuernavaca,,,7771282726,Cuernavaca,Morelos,México,Mayoreo,Media,4,Faros LED mayoreo/menudeo; modelos Ultra Luxury y Ultimate; también en Puebla,research
Autos,Accesorios para autos (luces y refacciones pequeñas),Mas Refacciones (ejemplo),https://www.masrefacciones.mx/,,,México,México,México,Ejemplo original,Media,2,Ejemplo del cliente — refacciones y accesorios para autos,ejemplo_cliente
Autos,Accesorios para autos (luces y refacciones pequeñas),Mercado Libre luces LED,https://listado.mercadolibre.com.mx/luces-led-mayoreo,,,México,México,México,Marketplace,Media,2,Mayoreo de luces LED para auto,research
Autos,Accesorios para autos (luces y refacciones pequeñas),Mundo Electrónico Víctor's,,,3336581000,Guadalajara,Jalisco,México,Mayoreo,Media,4,"Iluminación LED hogar y auto, materiales electrónicos y repuestos; mayoreo/menudeo",research
Autos,Accesorios para autos (luces y refacciones pequeñas),NAPA México,https://www.napaautopartes.mx/,,,,,México,Retail,Media,2,Refaccionarias con accesorios,brand
Autos,Accesorios para autos (luces y refacciones pequeñas),O'Reilly Auto Parts MX,https://www.oreillyauto.com.mx/,,,,,México,Retail,Media,2,Refaccionarias con accesorios,brand
Autos,Accesorios para autos (luces y refacciones pequeñas),Sección Amarilla — focos LED mayoreo,https://www.seccionamarilla.com.mx/,,,México,México,México,Directorio,Media,2,Directorio de proveedores de focos LED automotriz,research
Autos,Accesorios para autos (luces y refacciones pequeñas),Steren auto,https://www.steren.com.mx/,,,CDMX,CDMX,México,Retail,Media,3,Accesorios electrónicos para auto,brand
Autos,Accesorios para autos (luces y refacciones pequeñas),Walmart México auto,https://www.walmart.com.mx/,,,CDMX,CDMX,México,Retail,Media,3,Sección automotriz con accesorios,brand
Autos,Accesorios para autos (luces y refacciones pequeñas),ADERCO,,,,México,México,México,Marca,Baja,1,"Accesorios y LED para auto, marca mexicana",brand
Autos,Accesorios para autos (luces y refacciones pequeñas),Barra LED mini faro,,,,México,México,México,Producto,Baja,,"Barras LED 5-7 pulgadas, 16-27 LED",research
Autos,Accesorios para autos (luces y refacciones pequeñas),Big Country,,,,México,México,México,Marca,Baja,1,Accesorios para auto,brand
Autos,Accesorios para autos (luces y refacciones pequeñas),Bronco,,,,México,México,México,Marca,Baja,1,Accesorios e iluminación para auto,brand
Autos,Accesorios para autos (luces y refacciones pequeñas),CARLUMEX,,,,México,México,México,Marca,Baja,1,"Iluminación automotriz, marca mexicana",brand
Autos,Accesorios para autos (luces y refacciones pequeñas),Faro LED redondo auxiliar,,,,México,México,México,Producto,Baja,,"Faros auxiliares LED con lupa y estrobo, mayoreo 30 pzas",research
Autos,Accesorios para autos (luces y refacciones pequeñas),Faros 4x6 Diamond,,,,México,México,México,Producto,Baja,,"Faros LED 4x6 modelo Diamond con luz de día, mayoreo 10 pzas",research
Autos,Accesorios para autos (luces y refacciones pequeñas),Focos LED Master,,,,México,México,México,Producto,Baja,,"Kit faros LED Master H1/H3/H7/H11/9005/9006, 4.5★ (230 reviews)",research
Autos,Accesorios para autos (luces y refacciones pequeñas),HOD,,,,México,México,México,Marca,Baja,1,Partes de colisión automotriz,brand
Autos,Accesorios para autos (luces y refacciones pequeñas),Imloya,,,,México,México,México,Marca,Baja,1,Iluminación automotriz,brand
Autos,Accesorios para autos (luces y refacciones pequeñas),IOL,,,,México,México,México,Marca,Baja,1,"Códigos LED mini slim y estrobos, vía ML",brand
Autos,Accesorios para autos (luces y refacciones pequeñas),IPADSA,,,,México,México,México,Marca,Baja,1,Partes de colisión y autopartes,brand
Autos,Accesorios para autos (luces y refacciones pequeñas),Kit luces LED C6,,,,México,México,México,Producto,Baja,,"Kit luces LED auto H1/H7/H3/9005/9006, 4.3★ (2,424 reviews) vía ML",research
Autos,Accesorios para autos (luces y refacciones pequeñas),Lumen,,,,México,México,México,Marca,Baja,1,Iluminación automotriz,brand
Autos,Accesorios para autos (luces y refacciones pequeñas),Luz interior LED Canbus,,,,México,México,México,Producto,Baja,,"Luz interior 31/41/36/39mm, 4.8★ (665 reviews) vía ML",research
Autos,Accesorios para autos (luces y refacciones pequeñas),Torreta 30 LED,,,,México,México,México,Producto,Baja,,Torreta LED montecarga amarilla industrial 10-110V,research
Autos,Accesorios para autos (luces y refacciones pequeñas),Tunix,,,,México,México,México,Marca,Baja,1,"Luces LED y accesorios, vía mayoristas MX",brand
Blancos,"Almohadas, cobijas",Airbnb starter kits blancos,https://blancoscasalinda.com.mx/,,5524418163,CDMX,CDMX,México,Canal Airbnb,Alta,5,Paquetes host,research
Blancos,"Almohadas, cobijas",Almohadas cooling gel MX,https://luuna.mx/,hola@luuna.mx,,CDMX,CDMX,México,Línea cooling,Alta,6,Luuna / Emma,research
Blancos,"Almohadas, cobijas",Batas de baño mayoreo,https://www.blancosmexicanos.com/,blancosmexico@hotmail.com,5555221017,CDMX,CDMX,México,Línea batas,Alta,8,Hotel y spa,research
Blancos,"Almohadas, cobijas",Blancolor,https://blancolor.com.mx/,info@blancolor.com.mx,(33) 3827-1170,Tlajomulco,Jalisco,México,Fabricante hotelero,Alta,9,"48 años blancos hoteleros, Niños Héroes 603",research
Blancos,"Almohadas, cobijas",Blancos Casa Linda,https://blancoscasalinda.com.mx/,,(55) 5395-2526,CDMX,CDMX,México,Mayoreo hotel/Airbnb,Alta,6,Presa Tepuxtepec 32-201 Lomas de Sotelo,research
Blancos,"Almohadas, cobijas",Blancos Casa Linda WhatsApp,https://blancoscasalinda.com.mx/,,5591883332,CDMX,CDMX,México,Canal WA,Alta,5,Mayoreo,research
Blancos,"Almohadas, cobijas",Blancos Mexicanos,https://www.blancosmexicanos.com/,blancosmexico@hotmail.com,5555221017,CDMX,CDMX,México,Fabricante mayoreo,Alta,9,"+40 años, hotel/hospital — Poniente 122 #473 Vallejo",research
Blancos,"Almohadas, cobijas",Blancos Mexicanos WhatsApp,https://www.blancosmexicanos.com/,blancosmexico@hotmail.com,5513583528,CDMX,CDMX,México,Canal WA,Alta,8,Cotización mismo día,research
Blancos,"Almohadas, cobijas",Blancos para moteles mayoreo,https://www.blancosmexicanos.com/,,5555227902,CDMX,CDMX,México,Canal motel,Alta,5,Alta rotación,research
Blancos,"Almohadas, cobijas",Bordado y estampado blancos,https://www.blancosmexicanos.com/,blancosmexico@hotmail.com,5555424420,CDMX,CDMX,México,Personalización,Alta,8,Logo hotel/hospital,research
Blancos,"Almohadas, cobijas",Camas y bases Luuna,https://luuna.mx/,hola@luuna.mx,,CDMX,CDMX,México,Complemento,Alta,6,Sistema descanso,research
Blancos,"Almohadas, cobijas",Catálogo colchas Casa Linda,https://blancoscasalinda.com.mx/,,5524418163,CDMX,CDMX,México,Catálogo,Alta,5,Colchas,research
Blancos,"Almohadas, cobijas",Cobertores polar mayoreo gobierno,https://www.blancosmexicanos.com/cobertores,blancosmexico@hotmail.com,5553583528,CDMX,CDMX,México,Mayoreo institucional,Alta,9,Donación y dependencias,research
Blancos,"Almohadas, cobijas",Cobijas donación institucional,https://lanuevaperla.com/venta-de-cobijas-en-chiapas/,,3331263789,Guadalajara,Jalisco,México,Institucional,Alta,5,"Fibras regeneradas, envíos MX",research
Blancos,"Almohadas, cobijas",Colchas y Blancos Del Valle,https://colchasdelvalle.wixsite.com/colchasdelvalle,,5574217685,Nezahualcóyotl,EdoMex,México,Retail regional,Alta,5,"Vianney / Concord, Mexibús L3",research
Blancos,"Almohadas, cobijas",Edredones mayoreo GDL,https://blancolor.com.mx/,info@blancolor.com.mx,(33) 3827-1170,Jalisco,Jalisco,México,Línea edredón,Alta,8,Hotelería occidente,research
Blancos,"Almohadas, cobijas",Entrega inmediata blancos CDMX,https://www.blancosmexicanos.com/,,5555221017,CDMX,CDMX,México,Operación,Alta,5,Pedido urgente,research
Blancos,"Almohadas, cobijas",Envíos nacionales blancos,https://blancoscasalinda.com.mx/,,(55) 6395-2276,CDMX,CDMX,México,Logística,Alta,5,Toda la República,research
Blancos,"Almohadas, cobijas",Fabricamos a la medida blancos,https://www.blancosmexicanos.com/,,5555227902,CDMX,CDMX,México,Custom,Alta,5,Hotel specs,research
Blancos,"Almohadas, cobijas",Fibras regeneradas cobijas,https://lanuevaperla.com/,,3331263789,Guadalajara,Jalisco,México,Sustentable,Alta,5,Algodón/poliéster/lana,research
Blancos,"Almohadas, cobijas",Frazadas institucionales,https://www.blancosmexicanos.com/,,5555227902,CDMX,CDMX,México,Institucional,Alta,5,Gobierno y albergues,research
Blancos,"Almohadas, cobijas",Gobierno / protección civil cobijas,https://www.blancosmexicanos.com/,,5555221017,CDMX,CDMX,México,Licitación,Alta,5,Emergencias,research
Blancos,"Almohadas, cobijas",Gobierno y empresas Casa Linda,https://blancoscasalinda.com.mx/,,(55) 5395-5362,CDMX,CDMX,México,B2G/B2B,Alta,6,Institucional,research
Blancos,"Almohadas, cobijas",La Nueva Perla,https://lanuevaperla.com/,,3336145388,Guadalajara,Jalisco,México,Fábrica textil,Alta,5,"+80 años cobijas, mantelería, blancos hospital",research
Blancos,"Almohadas, cobijas",La Nueva Perla WhatsApp,https://lanuevaperla.com/,,3338015019,Guadalajara,Jalisco,México,Canal WA,Alta,5,Mayoreo,research
Blancos,"Almohadas, cobijas",Lomas de Sotelo showroom,https://blancoscasalinda.com.mx/,,(55) 5395-2526,Miguel Hidalgo,CDMX,México,Showroom,Alta,5,Sotelo,research
Blancos,"Almohadas, cobijas",Luuna,https://luuna.mx/,hola@luuna.mx,,CDMX,CDMX,México,Marca D2C,Alta,7,"Colchones y almohadas, Reforma 296",research
Blancos,"Almohadas, cobijas",Luuna almohadas línea,https://luuna.mx/,hola@luuna.mx,,CDMX,CDMX,México,Línea almohada,Alta,6,Cooling,research
Blancos,"Almohadas, cobijas",Mantelería eventos La Nueva Perla,https://lanuevaperla.com/,,3336138245,Guadalajara,Jalisco,México,Eventos,Alta,5,Manteles y servilletas,research
Blancos,"Almohadas, cobijas",Manteles restaurante mayoreo,https://lanuevaperla.com/,,3336138245,Guadalajara,Jalisco,México,Horeca,Alta,5,Eventos y rest,research
Blancos,"Almohadas, cobijas",Mejoramos precio blancos,https://www.blancosmexicanos.com/,,5555221017,CDMX,CDMX,México,Mayoreo precio,Alta,6,Cotiza,research
Blancos,"Almohadas, cobijas",Pijamas y batas Vianney,https://vianney.com.mx/,ventas.institucionales@vianney.mx,,México,México,México,Línea pijama,Alta,5,Retail,brand
Blancos,"Almohadas, cobijas",Reforma 296 Luuna HQ,https://luuna.mx/,hola@luuna.mx,,CDMX,CDMX,México,HQ,Alta,6,Piso 31 Juárez,research
Blancos,"Almohadas, cobijas",Ropa hospitalaria La Nueva Perla,https://lanuevaperla.com/,,3331519445,Guadalajara,Jalisco,México,Hospital,Alta,5,Campos quirúrgicos y sábanas,research
Blancos,"Almohadas, cobijas",Sofás y puffs Luuna adyacente,https://luuna.mx/,hola@luuna.mx,,CDMX,CDMX,México,Adyacente hogar,Alta,6,Mismo D2C,research
Blancos,"Almohadas, cobijas",Sábanas hotel mayoreo,https://blancoscasalinda.com.mx/,,5591883332,CDMX,CDMX,México,Línea sábanas,Alta,5,Airbnb y boutique,research
Blancos,"Almohadas, cobijas",Sábanas quirúrgicas / campos,https://lanuevaperla.com/,,3331519445,Guadalajara,Jalisco,México,Médico,Alta,5,Hospital,research
Blancos,"Almohadas, cobijas",Tapetes de baño mayoreo,https://blancoscasalinda.com.mx/,,(55) 5395-5362,CDMX,CDMX,México,Línea baño,Alta,5,Hotel,research
Blancos,"Almohadas, cobijas",Telas crudas / mantas teñidas,https://lanuevaperla.com/,,3336138245,Guadalajara,Jalisco,México,Insumo textil,Alta,5,Confección,research
Blancos,"Almohadas, cobijas",Tienda física Perla GDL,https://lanuevaperla.com/,,3336145388,Guadalajara,Jalisco,México,Showroom,Alta,5,Mayoreo presencial,research
Blancos,"Almohadas, cobijas",Toallas hotel mayoreo CDMX,https://www.blancosmexicanos.com/,blancosmexico@hotmail.com,5555227902,CDMX,CDMX,México,Línea toallas,Alta,8,"Hotel, spa, gym",research
Blancos,"Almohadas, cobijas",Ventas Luuna 8am-11pm,https://luuna.mx/,hola@luuna.mx,,CDMX,CDMX,México,Canal ventas,Alta,6,Todos los días,research
Blancos,"Almohadas, cobijas",Vianney,https://vianney.com.mx/,ventas.institucionales@vianney.mx,,México,México,México,Marca nacional,Alta,6,"Edredones, sábanas, almohadas, toallas",brand
Blancos,"Almohadas, cobijas",Vianney institucional empresas,https://vianney.com.mx/,ventas.institucionales@vianney.mx,,México,México,México,B2B,Alta,6,Ventas empresas,brand
Blancos,"Almohadas, cobijas",Accesorios de baño textiles,https://vianney.com.mx/,,,México,México,México,Baño,Media,2,Retail,brand
Blancos,"Almohadas, cobijas",Almohadas memory foam mayoreo,,,,CDMX,CDMX,México,Mayoreo,Media,2,D2C y hotel,research
Blancos,"Almohadas, cobijas","Almohadas, cobijas (ejemplo original)",https://mintandlime.mx/,,,,,México,Ejemplo original,Media,2,Seed del cliente,ejemplo_cliente
Blancos,"Almohadas, cobijas",Amazon MX blancos sellers,https://www.amazon.com.mx/s?k=almohadas,,,México,México,México,Marketplace,Media,2,Sellers MX,research
Blancos,"Almohadas, cobijas",Ancho 3 metros estampado,https://www.kaltex.com.mx/,,,Querétaro,Querétaro,México,Capacidad,Media,3,Rotativo 20 colores,research
Blancos,"Almohadas, cobijas",Blancos Azteca,https://listado.mercadolibre.com.mx/almohadas_Store_blancos-azteca,,,México,México,México,Marca D2C,Media,3,Almohadas muy vendidas MX,research
Blancos,"Almohadas, cobijas",Caminos de mesa / individuales,https://vianney.com.mx/,,,México,México,México,Decoración mesa,Media,2,Retail,brand
Blancos,"Almohadas, cobijas",Chedraui blancos,https://www.chedraui.com.mx/,,,México,México,México,Súper,Media,2,Temporada,brand
Blancos,"Almohadas, cobijas",Cluster textiles Puebla,https://www.munditelas.com/,,,Puebla,Puebla,México,Cluster,Media,2,Telas y blancos mayoreo,research
Blancos,"Almohadas, cobijas",Cluster textiles San Juan del Río,https://www.kaltex.com.mx/,,,San Juan del Río,Querétaro,México,Cluster Kaltex,Media,2,Full package,research
Blancos,"Almohadas, cobijas",Cluster textiles Vallejo CDMX,https://www.blancosmexicanos.com/,,5555221017,CDMX,CDMX,México,Cluster,Media,4,Fábricas oriente/norte,research
Blancos,"Almohadas, cobijas",Colchas Concord,https://www.concord.com.mx/,,,México,México,México,Marca colchas,Media,3,Retail nacional,brand
Blancos,"Almohadas, cobijas",Colchones a medida Aguascalientes,https://colchonesalamedida.mx/,,,Aguascalientes,Aguascalientes,México,Fábrica regional,Media,3,A la medida,research
Blancos,"Almohadas, cobijas",Colchones Atlas,https://www.colchonesatlas.com/,,,México,México,México,Marca/fábrica,Media,3,Atlas del Descanso,brand
Blancos,"Almohadas, cobijas",Colchones Concord / hogar,https://www.concord.com.mx/,,,México,México,México,Marca hogar,Media,3,Colchas,brand
Blancos,"Almohadas, cobijas",Coppel blancos,https://www.coppel.com/,,,México,México,México,Retail,Media,2,Edredones y almohadas,brand
Blancos,"Almohadas, cobijas",Costco blancos / colchones,https://www.costco.com.mx/,,,México,México,México,Club,Media,2,Kirkland textiles,brand
Blancos,"Almohadas, cobijas",Distribuidora de Blancos Galicia,,,,Guadalajara,Jalisco,México,Distribuidor hotel,Media,2,+15 años jalisciense,research
Blancos,"Almohadas, cobijas",Dormimundo,https://www.dormimundo.com.mx/,,,México,México,México,Cadena colchones,Media,2,Sucursales nacionales,brand
Blancos,"Almohadas, cobijas",Dormimundo Arboledas Ags,,,4499126011,Aguascalientes,Aguascalientes,México,Sucursal,Media,3,Convención 1914 Nte 1507,research
Blancos,"Almohadas, cobijas",Dormimundo Convención Ags,,,4499786300,Aguascalientes,Aguascalientes,México,Sucursal,Media,3,Convención 1914 Sur 809,research
Blancos,"Almohadas, cobijas",Ecom cobijas ML official stores,https://listado.mercadolibre.com.mx/cobijas,,,México,México,México,Marketplace,Media,2,Tiendas oficiales,research
Blancos,"Almohadas, cobijas",Elektra colchones,https://www.elektra.mx/,,,México,México,México,Retail crédito,Media,2,Dormimundo / Atlas,brand
Blancos,"Almohadas, cobijas",Emma almohadas,https://www.emma-colchon.mx/,,,México,México,México,Línea almohada,Media,2,D2C,brand
Blancos,"Almohadas, cobijas",Emma Colchón México,https://www.emma-colchon.mx/,,,México,México,México,Marca D2C,Media,3,Hybrid / Active Cooling,brand
Blancos,"Almohadas, cobijas",Estampado rotativo Kaltex,https://www.kaltex.com.mx/,,,Querétaro,Querétaro,México,Proceso,Media,3,Hasta 20 colores,research
Blancos,"Almohadas, cobijas",Full package confección Qro,https://www.kaltex.com.mx/,,,San Juan del Río,Querétaro,México,Maquila,Media,3,Lavado láser + costura,research
Blancos,"Almohadas, cobijas",Fundas de almohada mayoreo,,,,CDMX,CDMX,México,Mayoreo,Media,2,Hotel y hogar,research
Blancos,"Almohadas, cobijas",Fábrica sábanas/almohadas Emilio Rabaza,,,,Guadalajara,Jalisco,México,Fabricante hotel,Media,2,"Emilio Rabaza 1971 — sábanas, almohadas, cobertores",research
Blancos,"Almohadas, cobijas",HEB blancos norte,https://www.heb.com.mx/,,,Monterrey,NL,México,Súper,Media,3,Hogar norte,brand
Blancos,"Almohadas, cobijas",IKEA México blancos,https://www.ikea.com/mx/es/,,,CDMX,CDMX,México,Retail,Media,3,Ånneland y textiles,brand
Blancos,"Almohadas, cobijas",Kaltex Home,https://www.kaltex.com.mx/,,,San Juan del Río,Querétaro,México,Textilera nacional,Media,3,"Blancos hotel y retail, estampado",research
Blancos,"Almohadas, cobijas",Kaltex Home hotel chains,https://www.kaltex.com.mx/,,,Querétaro,Querétaro,México,B2B hotel,Media,4,Cadenas grandes,research
Blancos,"Almohadas, cobijas",La Comer / City Market hogar,https://www.lacomer.com.mx/,,,CDMX,CDMX,México,Súper premium,Media,3,Textiles,brand
Blancos,"Almohadas, cobijas",Liverpool blancos,https://www.liverpool.com.mx/,,,CDMX,CDMX,México,Retail,Media,3,"Vianney, Cannon, propios",brand
Blancos,"Almohadas, cobijas",Mayoreo La Lagunilla textiles,,,,CDMX,CDMX,México,Mayoreo popular,Media,2,Hogar,research
Blancos,"Almohadas, cobijas",Mayoreo Mercado de la Merced textiles,,,,CDMX,CDMX,México,Mayoreo popular,Media,2,Cobijas y sábanas,research
Blancos,"Almohadas, cobijas",Mayoreo Tepito cobijas,,,,CDMX,CDMX,México,Mayoreo popular,Media,2,Temporada frío,research
Blancos,"Almohadas, cobijas",Mint and Lime,https://mintandlime.mx/,,,México,México,México,Ejemplo original,Media,2,Ejemplo del cliente — almohadas y cobijas,ejemplo_cliente
Blancos,"Almohadas, cobijas",Mint and Lime cobijas,https://mintandlime.mx/,,,México,México,México,Línea cobija,Media,2,Ejemplo + catálogo,research
Blancos,"Almohadas, cobijas",Munditelas / Multiblancos,https://www.munditelas.com/,,,Puebla,Puebla,México,Mayoreo telas/blancos,Media,3,+25 años hotel y confección Puebla,research
Blancos,"Almohadas, cobijas",Nezt Colchones,https://nezt.mx/,,,México,México,México,Marca D2C,Media,3,Colchón Original,research
Blancos,"Almohadas, cobijas",Nooz Colchones,https://nooz.mx/,,,México,México,México,Marca D2C,Media,3,Descanso D2C,research
Blancos,"Almohadas, cobijas",Palacio de Hierro blancos,https://www.elpalaciodehierro.com/,,,CDMX,CDMX,México,Retail premium,Media,3,Importados + nacionales,brand
Blancos,"Almohadas, cobijas",Protectores de colchón mayoreo CDMX,,,,CDMX,CDMX,México,Mayoreo,Media,2,Hotel y hogar,research
Blancos,"Almohadas, cobijas",Restonic México,https://www.restonic.com.mx/,,,México,México,México,Marca colchón,Media,3,Retail y fábricas,brand
Blancos,"Almohadas, cobijas",Restonic sucursales,https://www.restonic.com.mx/,,,México,México,México,Retail marca,Media,3,Cadena,brand
Blancos,"Almohadas, cobijas",Sam's Club blancos,https://www.sams.com.mx/,,,México,México,México,Club,Media,2,Mayoreo hogar,brand
Blancos,"Almohadas, cobijas",Sealy México,https://www.sealy.com.mx/,,,México,México,México,Marca colchón,Media,3,Posturepedic,brand
Blancos,"Almohadas, cobijas",Sealy Posturepedic retail,https://www.sealy.com.mx/,,,México,México,México,Retail marca,Media,3,Cadena,brand
Blancos,"Almohadas, cobijas",Sognare,https://www.sognare.com.mx/,,,México,México,México,Marca colchones/blancos,Media,3,Almohadas y blancos premium,research
Blancos,"Almohadas, cobijas",Sognare almohadas Sense,https://www.sognare.com.mx/,,,México,México,México,Línea almohada,Media,2,Sense,research
Blancos,"Almohadas, cobijas",Soriana blancos,https://www.soriana.com/,,,México,México,México,Súper,Media,2,Temporada,brand
Blancos,"Almohadas, cobijas",Suburbia blancos,https://www.suburbia.com.mx/,,,México,México,México,Retail,Media,2,Precio,brand
Blancos,"Almohadas, cobijas",Sábanas ajustables mayoreo,,,,CDMX,CDMX,México,Mayoreo,Media,2,Hotel,research
Blancos,"Almohadas, cobijas",The Home Depot colchones,https://www.homedepot.com.mx/,,,México,México,México,Retail,Media,2,Descanso,brand
Blancos,"Almohadas, cobijas",Walmart blancos,https://www.walmart.com.mx/,,,México,México,México,Retail,Media,2,Great Value / marcas,brand
Blancos,"Almohadas, cobijas",Íntima Hogar,https://www.intimahogar.com/,,,México,México,México,Marca hogar,Media,3,Sábanas y edredones,brand
Blancos,"Almohadas, cobijas",Íntima sábanas egipcias,https://www.intimahogar.com/,,,México,México,México,Premium hogar,Media,2,Algodón,brand
Blancos,"Almohadas, cobijas",Almohadas cervicales MX,,,,México,México,México,Línea ortopédica,Baja,,D2C y farmacia,research
Blancos,"Almohadas, cobijas",Almohadas de látex MX,,,,México,México,México,Línea premium,Baja,,Natural / sintético,research
Blancos,"Almohadas, cobijas",Almohadas de pluma / down alternative,,,,México,México,México,Mayoreo,Baja,1,Hotel boutique,research
Blancos,"Almohadas, cobijas",Almohadas de trigo sarraceno MX,,,,México,México,México,Nicho,Baja,,Natural,research
Blancos,"Almohadas, cobijas",Almohadas ortopédicas farmacia MX,,,,México,México,México,Ortopédica,Baja,,Canal farmacia,research
Blancos,"Almohadas, cobijas",Atlas del Descanso Convención,,,,Aguascalientes,Aguascalientes,México,Sucursal,Baja,1,Colchones Atlas,research
Blancos,"Almohadas, cobijas",Bases y box spring MX,,,,México,México,México,Complemento,Baja,,Dormimundo / Atlas,research
Blancos,"Almohadas, cobijas",Blancos hospital CDMX,,,,CDMX,CDMX,México,Canal hospital,Baja,1,Clínicas,research
Blancos,"Almohadas, cobijas",Blancos hotel Cancún proveedores,,,,Cancún,Q. Roo,México,Canal hotelero,Baja,1,Riviera Maya,research
Blancos,"Almohadas, cobijas",Blancos hotel CDMX boutique,,,,CDMX,CDMX,México,Canal hotelero,Baja,1,Airbnb y boutique,research
Blancos,"Almohadas, cobijas",Blancos infantiles / cunas,,,,México,México,México,Línea kids,Baja,,Retail,research
Blancos,"Almohadas, cobijas",Blancos spa / gym CDMX,,,,CDMX,CDMX,México,Canal wellness,Baja,1,Toallas y batas,research
Blancos,"Almohadas, cobijas",Cabeceras y textiles cama,,,,México,México,México,Complemento,Baja,,Hogar,research
Blancos,"Almohadas, cobijas",Cannon México,,,,México,México,México,Marca toallas/sábanas,Baja,1,Retail,brand
Blancos,"Almohadas, cobijas",Cobijas eléctricas MX,,,,México,México,México,Temporada frío,Baja,,Norte,research
Blancos,"Almohadas, cobijas",Cobijas sherpa / borrega MX,,,,México,México,México,Ecom temporada,Baja,1,Retail,research
Blancos,"Almohadas, cobijas",Cojines decorativos mayoreo,,,,México,México,México,Decoración,Baja,,Retail y ecom,research
Blancos,"Almohadas, cobijas",Colchones a medida CDMX,,,,CDMX,CDMX,México,Fábrica regional,Baja,1,A la medida,research
Blancos,"Almohadas, cobijas",Colchones a medida GDL,,,,Guadalajara,Jalisco,México,Fábrica regional,Baja,1,A la medida,research
Blancos,"Almohadas, cobijas",Colchones a medida MTY,,,,Monterrey,NL,México,Fábrica regional,Baja,1,A la medida,research
Blancos,"Almohadas, cobijas",Colchones América,,,,México,México,México,Marca/fábrica,Baja,1,Tradicional,brand
Blancos,"Almohadas, cobijas",Colchones Exel,,,,México,México,México,Marca regional,Baja,1,Descanso,research
Blancos,"Almohadas, cobijas",Colchones Flex,,,,México,México,México,Marca,Baja,1,Retail,brand
Blancos,"Almohadas, cobijas",Colchones individuales estudiantes,,,,México,México,México,Canal educativo,Baja,,Residencias,research
Blancos,"Almohadas, cobijas",Colchones king / cal king import,,,,México,México,México,Premium,Baja,,Medidas US,research
Blancos,"Almohadas, cobijas",Confeccionistas deportivos Dyexsa,,,,México,México,México,Telas,Baja,,Pijamas y toallas,research
Blancos,"Almohadas, cobijas",Cortinas de baño textiles,,,,México,México,México,Baño,Baja,,Retail — no cortinas hogar a medida,research
Blancos,"Almohadas, cobijas",Cubrecolchón quilted,,,,México,México,México,Insumo,Baja,,Hogar,research
Blancos,"Almohadas, cobijas",Dyexsa textiles,,,,México,México,México,Telas mayoreo,Baja,1,"Blancos y toallas, zona centro",research
Blancos,"Almohadas, cobijas",Ecom almohadas Shopify MX,,,,México,México,México,Ecom D2C,Baja,1,Marcas chicas,research
Blancos,"Almohadas, cobijas",Edredones infantiles personajes,,,,México,México,México,Kids,Baja,,Retail temporada,research
Blancos,"Almohadas, cobijas",Edredones nórdicos ecom MX,,,,México,México,México,Ecom,Baja,1,Invierno,research
Blancos,"Almohadas, cobijas",Fundas de colchón zipper,,,,México,México,México,Insumo,Baja,,Hotel,research
Blancos,"Almohadas, cobijas",Fábricas de Francia hogar,,,,México,México,México,Retail,Baja,,Histórico Liverpool,brand
Blancos,"Almohadas, cobijas",Gallery House telas GDL,,,,Guadalajara,Jalisco,México,Telas + blancos,Baja,1,Hotelería GDL,research
Blancos,"Almohadas, cobijas",Juegos de cama 2 plazas mayoreo,,,,México,México,México,Mayoreo,Baja,1,Hogar,research
Blancos,"Almohadas, cobijas",Lavanderías industriales blancos,,,,México,México,México,Servicio + compra,Baja,,Hotel,research
Blancos,"Almohadas, cobijas",Mink colchones,,,,México,México,México,Marca D2C,Baja,1,Memory foam,research
Blancos,"Almohadas, cobijas",Outlet blancos CDMX,,,,CDMX,CDMX,México,Outlet,Baja,1,Segunda / liquidación,research
Blancos,"Almohadas, cobijas",Outlet blancos GDL,,,,Guadalajara,Jalisco,México,Outlet,Baja,1,Fábrica,research
Blancos,"Almohadas, cobijas",Outlet colchones CDMX,,,,CDMX,CDMX,México,Outlet,Baja,1,Segunda,research
Blancos,"Almohadas, cobijas",Outlet colchones GDL,,,,Guadalajara,Jalisco,México,Outlet,Baja,1,Fábrica,research
Blancos,"Almohadas, cobijas",Protectores de colchón hotel,,,,México,México,México,Insumo hotel,Baja,,Impermeables,research
Blancos,"Almohadas, cobijas",Renta de blancos eventos,,,,CDMX,CDMX,México,Renta,Baja,1,Banquetes,research
Blancos,"Almohadas, cobijas",Ropa de cama hotel all-inclusive,,,,Cancún,Q. Roo,México,Hotel playa,Baja,1,Alto volumen,research
Blancos,"Almohadas, cobijas",Santista textiles MX,,,,México,México,México,Textilera,Baja,,Blancos,research
Blancos,"Almohadas, cobijas",Sears blancos,,,,México,México,México,Retail,Baja,,Temporada,brand
Blancos,"Almohadas, cobijas",Servilletas tela mayoreo,,,,México,México,México,Horeca,Baja,,Restaurante,research
Blancos,"Almohadas, cobijas",Simmons Beautyrest MX,,,,México,México,México,Retail marca,Baja,1,Premium,brand
Blancos,"Almohadas, cobijas",Simmons México,,,,México,México,México,Marca colchón,Baja,1,Beautyrest,brand
Blancos,"Almohadas, cobijas",Spring Air México,,,,México,México,México,Marca colchón,Baja,1,Canal moderno,brand
Blancos,"Almohadas, cobijas",Spring Air sucursales,,,,México,México,México,Retail marca,Baja,1,Cadena,brand
Blancos,"Almohadas, cobijas",Sábanas de bambú ecom MX,,,,México,México,México,Ecom D2C,Baja,1,Sustentable,research
Blancos,"Almohadas, cobijas",Tempur México,,,,México,México,México,Marca premium,Baja,1,Memory foam,brand
Blancos,"Almohadas, cobijas",Therapedic México,,,,México,México,México,Marca colchón,Baja,1,Canal retail,brand
Blancos,"Almohadas, cobijas",Tiendas de blancos centro GDL,,,,Guadalajara,Jalisco,México,Retail centro,Baja,1,Mayoreo/menudeo,research
Blancos,"Almohadas, cobijas",Tiendas de blancos centro MTY,,,,Monterrey,NL,México,Retail centro,Baja,1,Mayoreo/menudeo,research
Blancos,"Almohadas, cobijas",Toallas de alberca hotel,,,,Cancún,Q. Roo,México,Hotel playa,Baja,1,Mayoreo,research
Blancos,"Almohadas, cobijas",Toallas de gym mayoreo,,,,CDMX,CDMX,México,Gym,Baja,1,Mayoreo,research
Blancos,"Almohadas, cobijas",Topper de colchón ecom MX,,,,México,México,México,Complemento,Baja,,D2C,research
Blancos,"Almohadas, cobijas",Uniformes cocina + blancos,,,,Guadalajara,Jalisco,México,Horeca mixto,Baja,1,Fábrica GDL,research
Blancos,"Almohadas, cobijas",Woolworth blancos,,,,México,México,México,Retail,Baja,,Hogar,brand
Autos,Aromatizantes para autos,Aislinn Productos de Limpieza,https://aislinn.com.mx/,ventas@aislinn.com.mx,553906964,,,México,Mayoreo,Alta,8,"Aromatizante por litro 4L/20L, aromas Auto Nuevo, Cereza, Lavanda…",research
Autos,Aromatizantes para autos,Areon contacto,https://areon-mexico.com/contacto/,info@areon-mexico.com,5591835294,CDMX,CDMX,México,Canal,Alta,8,+52 55 9183 5294; WhatsApp,research
Autos,Aromatizantes para autos,Areon México,https://areon-mexico.com/,info@areon-mexico.com,5591835294,CDMX,CDMX,México,Distribuidor,Alta,9,Polanco; catálogo Areon auto/hogar; distribuidores,research
Autos,Aromatizantes para autos,Automotriz 360,https://www.auto360.com.mx/aromatizantes,ventas@auto360.com.mx,3333829489,Guadalajara,Jalisco,México,Fabricante,Alta,9,"Químicos automotriz; Altos Hornos 1273, P.I. El Álamo",research
Autos,Aromatizantes para autos,Wiese CDMX Distribuidor,https://wiese-aromatizante.com/,wiesecdmx@gmail.com,5589311558,CDMX,CDMX,México,Distribuidor,Alta,9,"Aromatizante auto 7ml, clip on y gel 70g; WA 55 3958 2119",research
Autos,Aromatizantes para autos,Abastecedora Industrial de Limpieza,,,,Monterrey,Nuevo León,México,Fabricante,Media,2,"Aromas para auto, socio Cosmos desde 2009; Col. Pablo A. de la Garza",research
Autos,Aromatizantes para autos,Amazon MX aromatizantes auto,https://www.amazon.com.mx/s?k=aromatizante+para+auto,,,México,México,México,Marketplace,Media,2,Sellers aromatizantes,research
Autos,Aromatizantes para autos,Aromatizantes para autos (ejemplo original),https://olfativahome.com/,,,,,México,Ejemplo original,Media,2,Seed del cliente,ejemplo_cliente
Autos,Aromatizantes para autos,Aromáticos y Químicos del Centro,,,5585266676,,,México,Mayoreo,Media,3,Oficina corporativa; aromatizantes,research
Autos,Aromatizantes para autos,Autozone México,https://www.autozone.com.mx/,,,CDMX,CDMX,México,Retail,Media,3,Refaccionarias venden aromatizantes,brand
Autos,Aromatizantes para autos,Basic-chem de México,,,,Ecatepec,EdoMex,México,Fabricante,Media,2,"Aromas para auto; Av. Lázaro Cárdenas 83, Doce de Diciembre",research
Autos,Aromatizantes para autos,Chedraui aromatizantes,https://www.chedraui.com.mx/aromatizante-cristalinas-3765142/p,,,,,México,Retail,Media,2,Autoservicio: Cristalinas,brand
Autos,Aromatizantes para autos,Clean Chemical Products,,,,CDMX,CDMX,México,Fabricante,Media,2,"Aromas para auto; Calle 4 No. 390, Agrícola Pantitlán, Iztacalco",research
Autos,Aromatizantes para autos,CLYNDEX,,,,CDMX,CDMX,México,Mayoreo,Media,2,"Insurgentes Sur 4342, Tlalpan",research
Autos,Aromatizantes para autos,Cristalinasshop MX,https://cristalinasshop.com.mx/,,,,,México,Marca,Media,3,"Aromatizantes MX: coche premium con pinza, mikados",research
Autos,Aromatizantes para autos,Dalmick,,,,Xalostoc,EdoMex,México,Mayoreo,Media,2,"Aromatizantes olor manzana; Ébano 30, Viveros Xalostoc",research
Autos,Aromatizantes para autos,Distribuidora El Trébol (Dicotrel),,,,Nezahualcóyotl,EdoMex,México,Distribuidor,Media,2,Aromas para auto; Col. La Perla,research
Autos,Aromatizantes para autos,FAME IMPORT,,,,CDMX,CDMX,México,Distribuidor,Media,2,Homero 538-303A Polanco; aromatizantes Areon al mayoreo,research
Autos,Aromatizantes para autos,Grupo Cirro Cooper,,,,Cuautitlán Izcalli,EdoMex,México,Fabricante,Media,2,Aromas para auto; socio Cosmos desde 2005,research
Autos,Aromatizantes para autos,H-E-B aromatizantes,https://www.heb.com.mx/cristalinas-aromatizante-automovil100-ml-1-pz-901633/p,,,,,México,Retail,Media,2,Autoservicio: Cristalinas 100ml,brand
Autos,Aromatizantes para autos,Industrias San-Ber,,,8141708011,Escobedo,Nuevo León,México,Fabricante,Media,4,"Aromatizantes al alcohol SAN-AIR; Siderúrgica 120, P.I. Escobedo",research
Autos,Aromatizantes para autos,Laboratorios Hersol,,,,Metepec,EdoMex,México,Fabricante,Media,2,"Aromas para auto; Niños Héroes 116, Barrio La Concepción",research
Autos,Aromatizantes para autos,LAVA MUNDO,,,,San Mateo Tecoloapan,México,México,Mayoreo,Media,2,Carretera Lago de Guadalupe 98; aromatizantes autos,research
Autos,Aromatizantes para autos,ML aromatizantes mayoreo,https://listado.mercadolibre.com.mx/aromatizantes-para-autos-mayoreo,,,México,México,México,Marketplace,Media,2,Mayoreo aromatizantes auto,research
Autos,Aromatizantes para autos,O'Reilly Auto Parts MX,https://www.oreillyauto.com.mx/,,,,,México,Retail,Media,2,Refaccionarias,brand
Autos,Aromatizantes para autos,Olarte Especialidades Químicas,,,5585262305,Ecatepec,EdoMex,México,Mayoreo,Media,4,"Aromatizantes larga duración; Av. Nacional 71, Sta. María Chiconautla",research
Autos,Aromatizantes para autos,Olfativa,https://olfativahome.com/,,,,,México,Ejemplo original,Media,2,Ejemplo del cliente — aromatizantes para autos,ejemplo_cliente
Autos,Aromatizantes para autos,ONA Inspira México,,,,CDMX,CDMX,México,Fabricante,Media,2,"Eugenia 910, Benito Juárez; aromatizantes hogar/oficina",research
Autos,Aromatizantes para autos,QUÍMICA ARBEN,,,5585262422,Coyotepec,EdoMex,México,Fabricante,Media,4,Aromatizantes industriales; Carretera Teoloyucan-Huehuetoca S/N,research
Autos,Aromatizantes para autos,Sanitaria Bencos,,,,CDMX,CDMX,México,Mayoreo,Media,2,Vallejo; aromatizantes FAME/Areon,research
Autos,Aromatizantes para autos,Sapphire Flavors and Fragances,,,,CDMX,CDMX,México,Fabricante,Media,2,San Rafael; fragancias y aromatizantes para ambiente,research
Autos,Aromatizantes para autos,Silicone Technology de México,,,,CDMX,CDMX,México,Fabricante,Media,2,"Enriqueta 3235, Bondojito; aromatizantes para automóvil",research
Autos,Aromatizantes para autos,Surtidora de limpieza Jalisco,,,3336532518,Puerto Melaque,Jalisco,México,Mayoreo,Media,4,Limpieza auto y aromatizantes; sucursal Zapopan 33 3805 6628,research
Autos,Aromatizantes para autos,Auto Lab,,,,,,México,Distribuidor,Baja,1,Little Trees exhibidores 60 pzs,research
Autos,Aromatizantes para autos,California Scents,,,,,,México,Marca,Baja,1,"Lata y gel, import",brand
Autos,Aromatizantes para autos,Distribuidora Automotriz Jari,,,,,,México,Distribuidor,Baja,1,California Scents cajas 12 pzs,research
Autos,Aromatizantes para autos,ECOMMSE,,,,,,México,Distribuidor,Baja,1,Axe gel / Jelly Belly auto,research
Autos,Aromatizantes para autos,Febreze Car (P&G),,,,,,México,Marca,Baja,1,Import; rejilla y spray,brand
Autos,Aromatizantes para autos,GAMAVAL,,,,,,México,Distribuidor,Baja,1,Fragancias 1L mayoreo,research
Autos,Aromatizantes para autos,Glade Car (SC Johnson),,,,,,México,Marca,Baja,1,Gel 70g,brand
Autos,Aromatizantes para autos,HGMX,,,,,,México,Distribuidor,Baja,1,Kits ambientadores premium para auto,research
Autos,Aromatizantes para autos,Little Trees,,,,,,México,Marca,Baja,1,"Colgante pinito, import",brand
Autos,Aromatizantes para autos,Oxyglow,,,,,,México,Marca,Baja,1,Aromatizante inteligente para carro,research
Autos,Aromatizantes para autos,Pura Esencia,,,,,,México,Marca,Baja,1,Colgantes 5ml mayoreo 30/100 pzs,research
Autos,Aromatizantes para autos,RECUBRA,,,,,,México,Distribuidor,Baja,1,Cristalinas para auto,research
Autos,Aromatizantes para autos,Slim Company,,,,,,México,Marca,Baja,1,Colgante ambientador de coche,research
Autos,Aromatizantes para autos,Tauber,,,,,,México,Distribuidor,Baja,1,Lata California Scents 12 pzs,research
Autos,Aromatizantes para autos,Yankee Candle Car,,,,,,México,Marca,Baja,1,Esfera para auto,brand
Hogar,Articulos de limpieza,Codelmex,https://www.codelmex.mx/,ventas@codelmex.mx,5557633898,CDMX,CDMX,México,Distribuidor,Alta,9,60+ años; 600+ artículos de limpieza mayoreo; Topacio 36 Centro,research
Hogar,Articulos de limpieza,Energy Clean,https://www.energyclean.mx/,ventas@energyclean.mx,8130685708,Monterrey,Nuevo León,México,Fabricante,Alta,9,"Químicos, papel institucional y jarcería; Juventino Rosas 2008",research
Hogar,Articulos de limpieza,La Avenida,https://laavenida.com.mx/,,8117672929,Monterrey,Nuevo León,México,Fabricante,Alta,6,Químicos de limpieza y desinfección; granel 1L-1000L; Ruiz Cortines 104 Pte,research
Hogar,Articulos de limpieza,La Avenida Escobedo,https://laavenida.com.mx/,,8114920810,Escobedo,Nuevo León,México,Sucursal,Alta,5,"Calle Sétima 601, Praderas Girasoles",research
Hogar,Articulos de limpieza,MayoreoTotal,https://www.mayoreototal.net/,mtnotificacion@gmail.com,5560752408,CDMX,CDMX,México,Mayoreo,Alta,9,"Abarrotes y limpieza al mayoreo CDMX; detergentes, cloro, papel",research
Hogar,Articulos de limpieza,Yanitor,https://www.yanitor.com/,tiendaweb@yanitor.com,8112340500,Monterrey,Nuevo León,México,Fabricante,Alta,9,Limpieza industrial; distribuidor Rubbermaid/Purell/Diversey; Av. Fundidora 501,research
Hogar,Articulos de limpieza,3M México,https://www.3m.com.mx/,,,CDMX,CDMX,México,Marca,Media,4,"Scotch-Brite, esponjas y limpiadores",brand
Hogar,Articulos de limpieza,Alcodistribuidora,https://alcodistribuidora.com/,,,,,México,Distribuidor,Media,3,Distribuidor master de El Castor y grandes marcas de limpieza,research
Hogar,Articulos de limpieza,Amazon MX limpieza,https://www.amazon.com.mx/s?k=articulos+de+limpieza,,,México,México,México,Marketplace,Media,2,Sellers de artículos de limpieza,research
Hogar,Articulos de limpieza,Articulos de limpieza (ejemplo original),https://es.uline.mx/,,,,,México,Ejemplo original,Media,2,Seed del cliente,ejemplo_cliente
Hogar,Articulos de limpieza,Cepillos El Castor,https://www.cepilloselcastor.com/,,,Guadalajara,Jalisco,México,Fabricante,Media,4,"70+ años; cepillos, escobas, trapeadores y jaladores profesionales",research
Hogar,Articulos de limpieza,Clorox México,,,,CDMX,CDMX,México,Marca,Media,2,"Cloro, Pinol y desinfectantes",brand
Hogar,Articulos de limpieza,Costco México,https://www.costco.com.mx/,,,CDMX,CDMX,México,Retail,Media,3,Limpieza por volumen,brand
Hogar,Articulos de limpieza,Diversey México,https://diversey.com/es-mx,,,CDMX,CDMX,México,Marca,Media,4,Limpieza institucional e higiene,brand
Hogar,Articulos de limpieza,Fábrica de Jabón La Corona,https://www.lacorona.com.mx/,,,CDMX,CDMX,México,Marca,Media,4,"Detergente Roma, Foca y jabones",brand
Hogar,Articulos de limpieza,Grupo Kryss,,,,Aguascalientes,Aguascalientes,México,Fabricante,Media,2,"Escobas, cepillos y jarciería, marca mexicana",brand
Hogar,Articulos de limpieza,Home Depot México,https://www.homedepot.com.mx/,,,CDMX,CDMX,México,Retail,Media,3,Limpieza y jarciería,brand
Hogar,Articulos de limpieza,Mercado Libre limpieza,https://listado.mercadolibre.com.mx/articulos-de-limpieza-mayoreo,,,México,México,México,Marketplace,Media,2,Mayoreo de limpieza,research
Hogar,Articulos de limpieza,P&G México (Ace / Mr. Clean),,,,CDMX,CDMX,México,Marca,Media,2,Detergentes y multiusos,brand
Hogar,Articulos de limpieza,Purell / GOJO,,,,USA,,México,Marca,Media,2,"Sanitizantes y dispensadores, vía Yanitor",brand
Hogar,Articulos de limpieza,Rubbermaid Commercial,,,,USA,,México,Marca,Media,2,"Contenedores y jarciería profesional, vía distribuidores MX",brand
Hogar,Articulos de limpieza,Surtidora de Productos de Limpieza,,,3336532518,Puerto Melaque,Jalisco,México,Mayoreo,Media,4,"Almorol, aromatizantes y brillo a mayoreo; suc. Zapopan 33 3805 6628",research
Hogar,Articulos de limpieza,Uline México (ejemplo),https://es.uline.mx/,,,CDMX,CDMX,México,Ejemplo original,Media,3,Ejemplo del cliente — artículos de limpieza y empaque,ejemplo_cliente
Hogar,Articulos de limpieza,Walmart México,https://www.walmart.com.mx/,,,CDMX,CDMX,México,Retail,Media,3,Autoservicio: limpieza de hogar,brand
Comercializadora,Articulos de papeleria en mayoreo,Lumen Guadalajara,https://lumen.com.mx/,ventasmayoreo@lumen.com.mx,3336143956,Guadalajara,Jalisco,México,Sucursal,Alta,8,"C. Pedro Moreno 589, Centro GDL",research
Comercializadora,Articulos de papeleria en mayoreo,Office Depot México,https://www.officedepot.com.mx/,,5525820910,CDMX,CDMX,México,Retail,Alta,5,Cadena de papelería y oficina,brand
Comercializadora,Articulos de papeleria en mayoreo,Papelería Lozano Hermanos,https://papeleriaslozanohermanos.com.mx/,papeleria@lozano.com.mx,5557611520,CDMX,CDMX,México,Mayoreo,Alta,9,"Papelería y útiles, CDMX",research
Comercializadora,Articulos de papeleria en mayoreo,Papelerías Lumen,https://lumen.com.mx/,ventasmayoreo@lumen.com.mx,5544455000,CDMX,CDMX,México,Mayoreo,Alta,9,"Desde 1943; mayorista de papelería, electrónicos y hogar; República de El Salvador 52-54; ventas corporativas y gran mayoreo",research
Comercializadora,Articulos de papeleria en mayoreo,3M México,https://www.3m.com.mx/,,,CDMX,CDMX,México,Marca,Media,4,"Post-it y cintas, operación MX",brand
Comercializadora,Articulos de papeleria en mayoreo,ACCO Brands,,,,USA,,México,Marca,Media,2,"Engrapadoras y archivo, venta MX",brand
Comercializadora,Articulos de papeleria en mayoreo,Acrilex,,,,Brasil,,México,Marca,Media,2,"Pinturas y manualidades, venta MX",brand
Comercializadora,Articulos de papeleria en mayoreo,Amazon MX papelería mayoreo,https://www.amazon.com.mx/s?k=papeleria+mayoreo,,,México,México,México,Marketplace,Media,2,Sellers de papelería por mayoreo,research
Comercializadora,Articulos de papeleria en mayoreo,Ampersand,,,,USA,,México,Marca,Media,2,"Paneles de arte, venta MX",brand
Comercializadora,Articulos de papeleria en mayoreo,Angelus,,,,USA,,México,Marca,Media,2,"Pinturas para calzado, venta MX",brand
Comercializadora,Articulos de papeleria en mayoreo,Arteza,,,,USA,,México,Marca,Media,2,"Arte y manualidades, venta MX",brand
Comercializadora,Articulos de papeleria en mayoreo,Articulos de papeleria en mayoreo (ejemplo original),https://es.uline.mx/,,,,,México,Ejemplo original,Media,2,Seed del cliente,ejemplo_cliente
Comercializadora,Articulos de papeleria en mayoreo,CIFRA Papelería,,,,CDMX,CDMX,México,Mayoreo,Media,2,Distribuidora de papelería y consumibles,research
Comercializadora,Articulos de papeleria en mayoreo,COPAMEX,https://www.copamex.com/,,,Monterrey,Nuevo León,México,Fabricante,Media,4,Papelera mexicana líder en papeles de escritura y empaque,brand
Comercializadora,Articulos de papeleria en mayoreo,Costco México,https://www.costco.com.mx/,,,CDMX,CDMX,México,Retail,Media,3,Papelería y útiles por mayoreo,brand
Comercializadora,Articulos de papeleria en mayoreo,DAS,,,,Italia,,México,Marca,Media,2,"Arcilla y modelado, venta MX",brand
Comercializadora,Articulos de papeleria en mayoreo,Derwent,,,,Reino Unido,,México,Marca,Media,2,"Arte profesional, venta MX",brand
Comercializadora,Articulos de papeleria en mayoreo,Distribuidora Sajor,,,,Guadalajara,Jalisco,México,Mayoreo,Media,2,"40+ años; productos Scribe, COPAMEX, Saira y Jiss",research
Comercializadora,Articulos de papeleria en mayoreo,Dixon,,,,USA,,México,Marca,Media,2,"Lápices y colores, venta MX",brand
Comercializadora,Articulos de papeleria en mayoreo,Dymo,,,,USA,,México,Marca,Media,2,"Etiquetadoras, venta MX",brand
Comercializadora,Articulos de papeleria en mayoreo,Ecoline,,,,Holanda,,México,Marca,Media,2,"Acuarelas líquidas, venta MX",brand
Comercializadora,Articulos de papeleria en mayoreo,El Sótano,https://www.elsotano.com/,,,CDMX,CDMX,México,Retail,Media,3,Librería y papelería,brand
Comercializadora,Articulos de papeleria en mayoreo,Elmer's,,,,USA,,México,Marca,Media,2,"Pegamentos, venta MX",brand
Comercializadora,Articulos de papeleria en mayoreo,Expo,,,,USA,,México,Marca,Media,2,"Marcadores para pizarrón, venta MX",brand
Comercializadora,Articulos de papeleria en mayoreo,Fellowes,,,,USA,,México,Marca,Media,2,"Destructoras y oficina, venta MX",brand
Comercializadora,Articulos de papeleria en mayoreo,Grupo Papelero Scribe,https://scribe.com.mx/,,,México,México,México,Fabricante,Media,3,Fabricante de cuadernos y papelería,brand
Comercializadora,Articulos de papeleria en mayoreo,Liverpool Papelería,https://www.liverpool.com.mx/,,,CDMX,CDMX,México,Retail,Media,3,Sección de papelería fina,brand
Comercializadora,Articulos de papeleria en mayoreo,Markal,,,,USA,,México,Marca,Media,2,"Marcadores industriales, venta MX",brand
Comercializadora,Articulos de papeleria en mayoreo,Mercado Libre papelería mayoreo,https://listado.mercadolibre.com.mx/papeleria-mayoreo,,,México,México,México,Marketplace,Media,2,Mayoreo de útiles escolares,research
Comercializadora,Articulos de papeleria en mayoreo,Office Lab / Marchante,https://marchante.mx/,,,México,México,México,Mayoreo,Media,3,Colección papelería y oficina con 70+ marcas,research
Comercializadora,Articulos de papeleria en mayoreo,OfficeMax México,https://www.officemax.com.mx/,,,CDMX,CDMX,México,Retail,Media,3,Cadena de papelería y oficina,brand
Comercializadora,Articulos de papeleria en mayoreo,Olfa,,,,Japón,,México,Marca,Media,2,"Cúters y herramientas de corte, venta MX",brand
Comercializadora,Articulos de papeleria en mayoreo,Papelera del Norte,https://papeleradelnorte.shop/,,,Monterrey,Nuevo León,México,Mayoreo,Media,4,"Papelería al mayoreo del norte; 3M, BACO, Barrilito, BIC, Azor",research
Comercializadora,Articulos de papeleria en mayoreo,Papelería Cornejo,,,,Guadalajara,Jalisco,México,Mayoreo,Media,2,Papelería de mayoreo en GDL,research
Comercializadora,Articulos de papeleria en mayoreo,Papelería Omega,,,,Guadalajara,Jalisco,México,Mayoreo,Media,2,"+9,000 artículos: útiles, oficina, escritura y archivo",research
Comercializadora,Articulos de papeleria en mayoreo,Paper Mate,,,,USA,,México,Marca,Media,2,"Bolígrafos, venta MX",brand
Comercializadora,Articulos de papeleria en mayoreo,Papira,https://papira.com.mx/,,,Guanajuato,Guanajuato,México,Mayoreo,Media,4,"Papelería al mayoreo con planta en Guanajuato; marcas Bic, Crayola, Norma, Faber-Castell; envíos nacionales",research
Comercializadora,Articulos de papeleria en mayoreo,Parker,,,,Francia,,México,Marca,Media,2,"Plumas, venta MX",brand
Comercializadora,Articulos de papeleria en mayoreo,Pelikan México,https://www.pelikan.com.mx/,,,México,México,México,Marca,Media,3,"Papelería y útiles escolares, operación MX",brand
Comercializadora,Articulos de papeleria en mayoreo,Pentel,,,,Japón,,México,Marca,Media,2,"Escritura, venta MX",brand
Comercializadora,Articulos de papeleria en mayoreo,Pilot,,,,Japón,,México,Marca,Media,2,"Escritura, venta MX",brand
Comercializadora,Articulos de papeleria en mayoreo,Posca,,,,Japón,,México,Marca,Media,2,"Marcadores de pintura, venta MX",brand
Comercializadora,Articulos de papeleria en mayoreo,Prismacolor,,,,USA,,México,Marca,Media,2,"Arte profesional, venta MX",brand
Comercializadora,Articulos de papeleria en mayoreo,Sam's Club México,https://www.sams.com.mx/,,,CDMX,CDMX,México,Retail,Media,3,Papelería por mayoreo,brand
Comercializadora,Articulos de papeleria en mayoreo,Sanborns,https://www.sanborns.com.mx/,,,CDMX,CDMX,México,Retail,Media,3,Dulcería y papelería fina,brand
Comercializadora,Articulos de papeleria en mayoreo,Scribe,https://scribe.com.mx/,,,México,México,México,Marca,Media,3,Desde 1960; cuadernos y papelería mexicana,brand
Comercializadora,Articulos de papeleria en mayoreo,Sharpie,,,,USA,,México,Marca,Media,2,"Marcadores, venta MX",brand
Comercializadora,Articulos de papeleria en mayoreo,Stabilo,,,,Alemania,,México,Marca,Media,2,"Resaltadores y plumas, venta MX",brand
Comercializadora,Articulos de papeleria en mayoreo,Swingline,,,,USA,,México,Marca,Media,2,"Engrapadoras y archivo, venta MX",brand
Comercializadora,Articulos de papeleria en mayoreo,Uline México (ejemplo),https://es.uline.mx/,,,CDMX,CDMX,México,Ejemplo original,Media,3,Ejemplo del cliente — papelería y empaque al mayoreo,ejemplo_cliente
Comercializadora,Articulos de papeleria en mayoreo,Uni-Ball,,,,Japón,,México,Marca,Media,2,"Escritura, venta MX",brand
Comercializadora,Articulos de papeleria en mayoreo,Unión Papelera,,,,CDMX,CDMX,México,Mayoreo,Media,2,"Distribuidor de HP, 3M, Azor, Lefort, Avery Dennison, Epson, Sablón, Henkel, Scribe y Xerox",research
Comercializadora,Articulos de papeleria en mayoreo,Walmart México,https://www.walmart.com.mx/,,,CDMX,CDMX,México,Retail,Media,3,Sección de papelería,brand
Comercializadora,Articulos de papeleria en mayoreo,Waterman,,,,Francia,,México,Marca,Media,2,"Plumas, venta MX",brand
Comercializadora,Articulos de papeleria en mayoreo,Zebra (papelería),,,,Japón,,México,Marca,Media,2,"Escritura, venta MX",brand
Comercializadora,Articulos de papeleria en mayoreo,A-Ink,,,,México,México,México,Marca,Baja,1,Tintas y papelería mexicana,brand
Comercializadora,Articulos de papeleria en mayoreo,Adhes,,,,México,México,México,Marca,Baja,1,Adhesivos mexicanos,brand
Comercializadora,Articulos de papeleria en mayoreo,ATL,,,,México,México,México,Marca,Baja,1,Papelería y arte mexicano,brand
Comercializadora,Articulos de papeleria en mayoreo,Avery Dennison México,,,,México,México,México,Marca,Baja,1,"Etiquetas y archivo, operación MX",brand
Comercializadora,Articulos de papeleria en mayoreo,Azor,,,,México,México,México,Marca,Baja,1,"Papelería y útiles, marca mexicana",brand
Comercializadora,Articulos de papeleria en mayoreo,BACO,,,,México,México,México,Marca,Baja,1,75+ años; artículos escolares y de oficina,brand
Comercializadora,Articulos de papeleria en mayoreo,Barrilito,,,,México,México,México,Marca,Baja,1,"200+ años; lápices, bolígrafos, tijeras y kits escolares",brand
Comercializadora,Articulos de papeleria en mayoreo,Bic México,,,,México,México,México,Marca,Baja,1,"Bolígrafos y encendedores, operación MX",brand
Comercializadora,Articulos de papeleria en mayoreo,Bombin,,,,México,México,México,Marca,Baja,1,Papelería mexicana,brand
Comercializadora,Articulos de papeleria en mayoreo,Calpaco,,,,México,México,México,Mayoreo,Baja,1,Papelería y regalos por mayoreo,research
Comercializadora,Articulos de papeleria en mayoreo,Casio México,,,,México,México,México,Marca,Baja,1,"Calculadoras, operación MX",brand
Comercializadora,Articulos de papeleria en mayoreo,Celosa,,,,México,México,México,Marca,Baja,1,Cintas adhesivas mexicanas,brand
Comercializadora,Articulos de papeleria en mayoreo,Chenson,,,,México,México,México,Marca,Baja,1,"Mochilas, loncheras y accesorios escolares MX",brand
Comercializadora,Articulos de papeleria en mayoreo,Confetti,,,,México,México,México,Marca,Baja,1,Papelería mexicana,brand
Comercializadora,Articulos de papeleria en mayoreo,Crayola México,,,,México,México,México,Marca,Baja,1,"Crayones y colores, operación MX",brand
Comercializadora,Articulos de papeleria en mayoreo,Dabo Papelerías,,,,CDMX,CDMX,México,Retail,Baja,1,Cadena de papelerías,brand
Comercializadora,Articulos de papeleria en mayoreo,Devek,,,,México,México,México,Marca,Baja,1,Plastificados y papelería MX,brand
Comercializadora,Articulos de papeleria en mayoreo,Dietrix,,,,México,México,México,Marca,Baja,1,Papelería mexicana,brand
Comercializadora,Articulos de papeleria en mayoreo,Easy Line,,,,México,México,México,Marca,Baja,1,Útiles escolares MX,brand
Comercializadora,Articulos de papeleria en mayoreo,Eurocolors,,,,México,México,México,Marca,Baja,1,Papelería mexicana,brand
Comercializadora,Articulos de papeleria en mayoreo,Euroformas,,,,México,México,México,Marca,Baja,1,Papelería mexicana,brand
Comercializadora,Articulos de papeleria en mayoreo,Euromac,,,,México,México,México,Marca,Baja,1,Papelería mexicana,brand
Comercializadora,Articulos de papeleria en mayoreo,Faber-Castell México,,,,México,México,México,Marca,Baja,1,"Lápices de color y escolares, operación MX",brand
Comercializadora,Articulos de papeleria en mayoreo,Factis,,,,México,México,México,Marca,Baja,1,Escolares mexicanos,brand
Comercializadora,Articulos de papeleria en mayoreo,First Class,,,,México,México,México,Marca,Baja,1,Papelería mexicana,brand
Comercializadora,Articulos de papeleria en mayoreo,Janel,,,,México,México,México,Marca,Baja,1,Papelería mexicana,brand
Comercializadora,Articulos de papeleria en mayoreo,K-Tape,,,,México,México,México,Marca,Baja,1,Cintas adhesivas mexicanas,brand
Comercializadora,Articulos de papeleria en mayoreo,Kinera,,,,México,México,México,Marca,Baja,1,Papelería mexicana,brand
Comercializadora,Articulos de papeleria en mayoreo,Kores México,,,,México,México,México,Marca,Baja,1,"Papelería y adhesivos, operación MX",brand
Comercializadora,Articulos de papeleria en mayoreo,Krystal,,,,México,México,México,Marca,Baja,1,Cuadernos y papelería mexicana,brand
Comercializadora,Articulos de papeleria en mayoreo,Kyma,,,,México,México,México,Marca,Baja,1,Papelería mexicana,brand
Comercializadora,Articulos de papeleria en mayoreo,Lefort,,,,México,México,México,Marca,Baja,1,Papelería mexicana,brand
Comercializadora,Articulos de papeleria en mayoreo,Lápiz Carpintero,,,,México,México,México,Marca,Baja,1,Lápices clásicos mexicanos,brand
Comercializadora,Articulos de papeleria en mayoreo,MAE,,,,México,México,México,Marca,Baja,1,Útiles escolares mexicanos,brand
Comercializadora,Articulos de papeleria en mayoreo,Mango Papelerías,,,,México,México,México,Retail,Baja,,Cadena de papelerías,brand
Comercializadora,Articulos de papeleria en mayoreo,Mapasa,,,,México,México,México,Marca,Baja,1,Papelería mexicana,brand
Comercializadora,Articulos de papeleria en mayoreo,Memotip,,,,México,México,México,Marca,Baja,1,Notas adhesivas mexicanas,brand
Comercializadora,Articulos de papeleria en mayoreo,Nassa,,,,México,México,México,Marca,Baja,1,Papelería mexicana,brand
Comercializadora,Articulos de papeleria en mayoreo,Navitek,,,,México,México,México,Marca,Baja,1,Papelería técnica mexicana,brand
Comercializadora,Articulos de papeleria en mayoreo,Norma,,,,México,México,México,Marca,Baja,1,Cuadernos y útiles escolares mexicanos,brand
Comercializadora,Articulos de papeleria en mayoreo,Offiland,,,,México,México,México,Marca,Baja,1,"Útiles escolares y oficina, marca MX",brand
Comercializadora,Articulos de papeleria en mayoreo,Papelería Palacio,,,,CDMX,CDMX,México,Retail,Baja,1,Papelería y librería,brand
Comercializadora,Articulos de papeleria en mayoreo,Papelerías Yoreme,,,,Culiacán,Sinaloa,México,Retail,Baja,1,Cadena de papelerías del noroeste,brand
Comercializadora,Articulos de papeleria en mayoreo,Pegaso,,,,México,México,México,Marca,Baja,1,Papelería mexicana,brand
Comercializadora,Articulos de papeleria en mayoreo,RAI Papelerías,,,,CDMX,CDMX,México,Retail,Baja,1,Cadena de papelerías y útiles,brand
Comercializadora,Articulos de papeleria en mayoreo,Rayter,,,,México,México,México,Marca,Baja,1,Papelería mexicana,brand
Comercializadora,Articulos de papeleria en mayoreo,Sablón,,,,México,México,México,Marca,Baja,1,"Papelería y pegamentos, marca MX",brand
Comercializadora,Articulos de papeleria en mayoreo,Starfile,,,,México,México,México,Marca,Baja,1,Archivo y papelería mexicana,brand
Comercializadora,Articulos de papeleria en mayoreo,Tapebear,,,,México,México,México,Marca,Baja,1,Cintas adhesivas MX,brand
Comercializadora,Articulos de papeleria en mayoreo,Tuk,,,,México,México,México,Marca,Baja,1,Adhesivos mexicanos,brand
Comercializadora,Articulos de papeleria en mayoreo,Vortred,,,,México,México,México,Marca,Baja,1,Papelería mexicana,brand
Comercializadora,Articulos de papeleria en mayoreo,Xerox México,,,,México,México,México,Marca,Baja,1,"Papel y copiado, operación MX",brand
Juguetes,Articulos miniatura o a escala,Fenix Hobby / Big Bang Planet,https://fenixhobby.com.mx/,contacto@bigbangtoys.com.mx,3322937386,Guadalajara,Jalisco,México,Tienda + ecom,Alta,9,Plaza Fiesta Arboledas E18-E19,research
Juguetes,Articulos miniatura o a escala,Hobby Models,https://hobbymodels.com.mx/,,4433150122,Morelia,Michoacán,México,Mayoreo/menudeo,Alta,6,"Modelismo y RC — García de León 1555-A, WA 4434808804",research
Juguetes,Articulos miniatura o a escala,Hobbymex,https://hobbymex.com.mx/,,5552771444,CDMX,CDMX,México,Tienda modelismo,Alta,5,"Agricultura 67-D Escandón, WA 5541363690",research
Juguetes,Articulos miniatura o a escala,Modelismo México Store,,mastermodelworks@hotmail.com,6141842343,Chihuahua,Chihuahua,México,Tienda + club,Alta,6,Lateral La Esperanza 16 Plaza Los Arquitos,research
Juguetes,Articulos miniatura o a escala,Tiendas hobby GDL cluster,https://fenixhobby.com.mx/,contacto@bigbangtoys.com.mx,3322937386,Guadalajara,Jalisco,México,Cluster,Alta,7,Fenix / Big Bang,research
Juguetes,Articulos miniatura o a escala,Trenes.mx / Trenes S.A. de C.V.,https://trenes.mx/,,5568683070,Naucalpan,EdoMex,México,Ejemplo original,Alta,5,Ejemplo del cliente — Plaza Satélite C-137 desde 1974,ejemplo_cliente
Juguetes,Articulos miniatura o a escala,Articulos miniatura o a escala (ejemplo original),https://trenes.mx/,,,,,México,Ejemplo original,Media,2,Seed del cliente,ejemplo_cliente
Juguetes,Articulos miniatura o a escala,Atlas Model Railroad,,,,USA,,México,Marca,Media,2,"Vías y modelos HO/N, vía HO de México",brand
Juguetes,Articulos miniatura o a escala,B&P Toys-Trains,https://www.toystrains.com.mx/,,,México,México,México,Tienda,Media,2,"Escalas Z, N, HO, O y G; surtido de locomotoras y accesorios",research
Juguetes,Articulos miniatura o a escala,Bachmann Trains,,,,USA,,México,Marca,Media,2,"Trenes HO/N y control DCC, importado",brand
Juguetes,Articulos miniatura o a escala,HO de México,https://treneshodemexico.com/,,,México,México,México,Ecom,Media,3,"Tienda virtual del ferromodelista mexicano: escalas HO, N, DCC, estructuras",research
Juguetes,Articulos miniatura o a escala,Tiendas hobby CDMX cluster,https://hobbymex.com.mx/,,5552771444,CDMX,CDMX,México,Cluster,Media,4,Hobbymex + Trenes Satélite,research
Juguetes,Articulos miniatura o a escala,Walthers,,,,USA,,México,Marca,Media,2,"Modelos HO y accesorios ferroviarios, importado",brand
Juguetes,Articulos miniatura o a escala,Armatrenes,,,,Guadalajara,Jalisco,México,Tienda,Baja,1,"Ferromodelismo y maquetas, 4.5★ (28 reseñas) en GDL",research
Juguetes,Articulos miniatura o a escala,Central de Maquetas Guadalajara,,,,Guadalajara,Jalisco,México,Tienda,Baja,1,Tienda de modelismo y maquetas en GDL,research
Juguetes,Articulos miniatura o a escala,Jobbees,,,,Guadalajara,Jalisco,México,Tienda,Baja,1,"Tienda de maquetas antigua en GDL: modelismo estático, ferroviario y figuras",research
Juguetes,Articulos miniatura o a escala,Maquetas en Acrílico Acosta,,,,Guadalajara,Jalisco,México,Tienda,Baja,1,"Maquetas en acrílico, 4.1★ (8 reseñas) GDL",research
Juguetes,Articulos miniatura o a escala,Mundo Hobby,,,,Guadalajara,Jalisco,México,Tienda,Baja,1,"Modelismo y juguetes a escala, aviones de motor en GDL",research
Adultos,Articulos para adultos,Bunny Brand Love Toys,https://www.sexshopmayoreo.mx/,,5610442123,CDMX,CDMX,México,Mayoreo,Alta,6,"Mayorista para sex shops; Calz. Tlalpan 2905 of 100, Coyoacán",research
Adultos,Articulos para adultos,Erotika Love Store,https://www.erotikalovestore.mx/,hola@erotikalovestore.mx,5621690379,CDMX,CDMX,México,Sex shop,Alta,8,"Hamburgo 105, Col. Juárez; juguetes, lubricantes y lencería; envíos",research
Adultos,Articulos para adultos,Fantasías Boutique Tijuana,https://fantasiasboutique.com/,info@fantasiasboutique.com,6643825677,Tijuana,Baja California,México,Sex shop,Alta,8,"Blvd. Gustavo Díaz Ordaz 13391, Plaza Bonita; envíos y recolección",research
Adultos,Articulos para adultos,Love & Toys CDMX,https://loveandtoys.com.mx/,,5657538385,CDMX,CDMX,México,Sex shop,Alta,5,"500+ productos; showroom con cita; Ignacio Ramos Praslow 171, Iztapalapa",research
Adultos,Articulos para adultos,Mi Pasión SexShop,https://www.mipasion.com.mx/,,3326467132,Guadalajara,Jalisco,México,Sex shop,Alta,5,Juguetes eróticos; venta mayoreo; envíos a todo México y USA,research
Adultos,Articulos para adultos,Sex Shop Sin Filtros Mérida,https://www.facebook.com/SinFiltrosmerida/,sexshopsinfiltrosmerida@gmail.com,9995323488,Mérida,Yucatán,México,Sex shop,Alta,8,Tienda ONLINE con entregas discretas a domicilio en Mérida,research
Adultos,Articulos para adultos,SexyShop CDMX,https://sexyshop.mx/,,5592455592,CDMX,CDMX,México,Sex shop,Alta,5,"Calz. Acoxpa 566 local 1B, Prados Coapa, Tlalpan; WA 55 3031 2857",research
Adultos,Articulos para adultos,ToLove Sex Shop,https://tolove.mx/,,5564338669,CDMX,CDMX,México,Sex shop,Alta,5,"Eje 5 Sur Ramos Millán 65, Benito Juárez; envíos nacionales",research
Adultos,Articulos para adultos,Varta Mayoreo,https://vartamayoreo.mx/,ventas@vartamayoreo.mx,5525695800,CDMX,CDMX,México,Mayoreo,Alta,9,Distribuidora de artículos para adulto; marcas internacionales; envíos MX,research
Adultos,Articulos para adultos,Amazon MX juguetes eróticos,https://www.amazon.com.mx/s?k=juguetes+eroticos,,,México,México,México,Marketplace,Media,2,Sellers de juguetes eróticos,research
Adultos,Articulos para adultos,Articulos para adultos (ejemplo original),https://www.tiendavenus.com/,,,,,México,Ejemplo original,Media,2,Seed del cliente,ejemplo_cliente
Adultos,Articulos para adultos,Boners Sex Shop,https://boners.com.mx/,,,Puebla,Puebla,México,Sex shop,Media,3,Especializada en juguetes para hombres gay; envío discreto nacional,research
Adultos,Articulos para adultos,Cake Sex Shop,https://cake.com.mx/,,,CDMX,CDMX,México,Sex shop,Media,3,"Más de 2,500 productos; blog de salud sexual",research
Adultos,Articulos para adultos,Doc Johnson,,,,USA,,México,Marca,Media,2,Juguetes clásicos; distribución MX,brand
Adultos,Articulos para adultos,Durex,,,,UK,,México,Marca,Media,2,Condones y lubricantes; retail MX,brand
Adultos,Articulos para adultos,Farmacias Benavides,https://www.benavides.com.mx/,,,Monterrey,Nuevo León,México,Retail,Media,3,Vende condones y lubricantes,brand
Adultos,Articulos para adultos,Farmacias del Ahorro,https://www.fahorro.com/,,,CDMX,CDMX,México,Retail,Media,3,Vende condones y lubricantes,brand
Adultos,Articulos para adultos,Farmacias Guadalajara,https://www.farmaciasguadalajara.com.mx/,,,Guadalajara,Jalisco,México,Retail,Media,3,Vende condones y lubricantes,brand
Adultos,Articulos para adultos,Farmacias San Pablo,https://farmaciasanpablo.mx/,,,CDMX,CDMX,México,Retail,Media,3,Vende condones y lubricantes,brand
Adultos,Articulos para adultos,Fleshlight,,,,USA,,México,Marca,Media,2,Masturbadores; venta MX,brand
Adultos,Articulos para adultos,Fun Factory,,,,Alemania,,México,Marca,Media,2,Juguetes de silicona; venta MX,brand
Adultos,Articulos para adultos,ID Lubricants,,,,USA,,México,Marca,Media,2,Lubricantes; vía mayoristas MX,brand
Adultos,Articulos para adultos,Inttimus Sex Shop,https://www.inttimus.com.mx/,,,Mazatlán,Sinaloa,México,Sex shop,Media,3,"Boutique erótica: vibradores, dildos, lubricantes, BDSM; envíos",research
Adultos,Articulos para adultos,Jimmy Jane,,,,USA,,México,Marca,Media,2,Juguetes de diseño; venta MX,brand
Adultos,Articulos para adultos,JO Lubricants,,,,USA,,México,Marca,Media,2,Lubricantes; distribución MX,brand
Adultos,Articulos para adultos,Kiiroo,,,,Holanda,,México,Marca,Media,2,Juguetes interactivos; distribución Latam,brand
Adultos,Articulos para adultos,LELO,,,,Suecia,,México,Marca,Media,2,Vibradores premium; se vende en MX,brand
Adultos,Articulos para adultos,Lifestyles,,,,USA,,México,Marca,Media,2,Condones; retail MX,brand
Adultos,Articulos para adultos,Lovense,,,,China,,México,Marca,Media,2,Juguetes control remoto vía app; venta MX,brand
Adultos,Articulos para adultos,Magic Motion,,,,China,,México,Marca,Media,2,Juguetes con app; distribución Latam,brand
Adultos,Articulos para adultos,Mercado Libre sex shop,https://listado.mercadolibre.com.mx/sex-shop,,,México,México,México,Marketplace,Media,2,Tiendas de artículos para adultos en ML,research
Adultos,Articulos para adultos,Nasstoys,,,,USA,,México,Marca,Media,2,Juguetes económicos; distribución MX,brand
Adultos,Articulos para adultos,OhMiBod,,,,USA,,México,Marca,Media,2,Juguetes con música/app; venta MX,brand
Adultos,Articulos para adultos,Pipedream Products,,,,USA,,México,Marca,Media,2,Juguetes y novedades; distribución MX,brand
Adultos,Articulos para adultos,Satisfyer,,,,Alemania,,México,Marca,Media,2,Succionadores; distribución y venta en México,brand
Adultos,Articulos para adultos,Secreto Amor MX,https://secretoamormx.com/,,,México,México,México,Mayoreo,Media,3,"Distribuidor mayorista líder; mín. $10,000; marcas reconocidas; envíos nacionales",research
Adultos,Articulos para adultos,Sliquid,,,,USA,,México,Marca,Media,2,Lubricantes naturales; venta MX,brand
Adultos,Articulos para adultos,Soriana,https://www.soriana.com/,,,CDMX,CDMX,México,Retail,Media,3,Sección de condones y lubricantes,brand
Adultos,Articulos para adultos,Svakom,,,,China,,México,Marca,Media,2,Juguetes premium; venta MX,brand
Adultos,Articulos para adultos,Tenga,,,,Japón,,México,Marca,Media,2,Masturbadores desechables; venta MX,brand
Adultos,Articulos para adultos,Tienda Venus,https://www.tiendavenus.com/,,,CDMX,CDMX,México,Ejemplo original,Media,3,Ejemplo del cliente — sex shop en línea,ejemplo_cliente
Adultos,Articulos para adultos,Trojan,,,,USA,,México,Marca,Media,2,Condones y lubricantes; retail MX,brand
Adultos,Articulos para adultos,Walmart México,https://www.walmart.com.mx/,,,CDMX,CDMX,México,Retail,Media,3,Sección de condones y lubricantes,brand
Adultos,Articulos para adultos,We-Vibe,,,,Canadá,,México,Marca,Media,2,Juguetes en pareja con app; venta MX,brand
Adultos,Articulos para adultos,Womanizer,,,,Alemania,,México,Marca,Media,2,Tecnología Pleasure Air; venta MX,brand
Adultos,Articulos para adultos,BeHappy Sex Store,,,,CDMX,CDMX,México,Sex shop,Baja,1,"Sex shop discreta en CDMX; vibradores, dildos y lencería",research
Adultos,Articulos para adultos,Control,,,,México,,México,Marca,Baja,1,Condones mexicanos; retail,brand
Adultos,Articulos para adultos,Diversex Condonería,,,,CDMX,CDMX,México,Sex shop,Baja,1,"Regina 72, Centro; lubricantes, vibradores, arneses, talleres y asesorías",research
Adultos,Articulos para adultos,Gold Dreams,,,,CDMX,CDMX,México,Sex shop,Baja,1,"Hamburgo 165, Zona Rosa; 15+ años; artículos de piel, arneses y dildos",research
Adultos,Articulos para adultos,Kamasutra,,,,México,,México,Marca,Baja,1,Lubricantes y cosmética íntima mexicana,brand
Adultos,Articulos para adultos,La Manzana de Eva,,,,CDMX,CDMX,México,Cadena,Baja,1,Cadena mexicana de sex shops con varias sucursales,brand
Adultos,Articulos para adultos,Prudence,,,,México,,México,Marca,Baja,1,Condones mexicanos; retail,brand
Adultos,Articulos para adultos,Sex Capital,,,,CDMX,CDMX,México,Sex shop,Baja,1,"16 de Septiembre 11, Centro; juguetes y cabinas de cine",research
Adultos,Articulos para adultos,Sico,,,,México,,México,Marca,Baja,1,Condones mexicanos; retail,brand
Adultos,Articulos para adultos,Vainilla Condonería,,,,CDMX,CDMX,México,Sex shop,Baja,1,"Belisario Domínguez 15, Coyoacán; enfoque divertido y saludable",research
Electronica,"Audifonos bluetooth, cargadores, fundas",Cargador tipo C 20W,https://keiz.mx/,ventas@keiz.mx,8122235059,Monterrey,Nuevo León,México,Producto,Alta,8,Combo cargador tipo C,research
Electronica,"Audifonos bluetooth, cargadores, fundas",Distribuidora OEM,https://distribuidoraoem.mx/,info@distribuidoraoem.com,8180751009,Monterrey,Nuevo León,México,Mayoreo,Alta,9,Hidalgo 116 Local A8 Centro; stock para revendedores,research
Electronica,"Audifonos bluetooth, cargadores, fundas",Keiz cargadores,https://keiz.mx/,ventas@keiz.mx,8122235059,Monterrey,Nuevo León,México,Producto,Alta,8,Cargadores Tipo C/V8 por caja de 200 pzs,research
Electronica,"Audifonos bluetooth, cargadores, fundas",Keiz power bank,https://keiz.mx/,ventas@keiz.mx,8122235059,Monterrey,Nuevo León,México,Producto,Alta,8,GAR117 20000mAh caja 50 pzs,research
Electronica,"Audifonos bluetooth, cargadores, fundas",Keiz.mx,https://keiz.mx/,ventas@keiz.mx,8122235059,Monterrey,Nuevo León,México,Mayoreo,Alta,9,Plaza Mayoreo del Celular; cajas por mayoreo,research
Electronica,"Audifonos bluetooth, cargadores, fundas",Mayoreando,https://mayoreando.mx/,,5525952700,CDMX,CDMX,México,Ecom,Alta,6,"Sur 73 228, Iztapalapa; audífonos y accesorios; Sur 73 228, Iztapalapa; audífonos y accesorios; Tienda mayoreo en línea: audífonos y accesorios",research
Electronica,"Audifonos bluetooth, cargadores, fundas",Mayoreo Vip,https://mayoreo.vip/,ventas@mayoreo.vip,5591706245,CDMX,CDMX,México,Mayoreo,Alta,9,Centro CDMX; mínimos 40-100 pzs,research
Electronica,"Audifonos bluetooth, cargadores, fundas",MayoreoTotal,https://www.mayoreototal.mx/,info@mayoreototal.mx,5512486231,CDMX,CDMX,México,Mayoreo,Alta,9,"Contra entrega; audífonos, cargadores y accesorios",research
Electronica,"Audifonos bluetooth, cargadores, fundas",Moreka BL019 audífonos,https://www.moreka.tienda/,,3344980702,Guadalajara,Jalisco,México,Producto,Alta,5,"Audífonos TWS BL019 ANC 19hrs, BT 5.3",research
Electronica,"Audifonos bluetooth, cargadores, fundas",Moreka Shop,https://www.moreka.tienda/,sales@morekashop.com,3344980702,Guadalajara,Jalisco,México,Fabricante,Alta,9,"Fabricante MX de accesorios celular: cargadores, bocinas, audífonos; Ramón Corona 196 Centro",research
Electronica,"Audifonos bluetooth, cargadores, fundas",Moreka ventas 5 líneas,https://www.moreka.tienda/,,3344980702,Guadalajara,Jalisco,México,Canal,Alta,5,(33) 4498-0702 con 5 líneas; L-D 10:00-19:30,research
Electronica,"Audifonos bluetooth, cargadores, fundas",Power bank 10000mAh,https://keiz.mx/,ventas@keiz.mx,8122235059,Monterrey,Nuevo León,México,Producto,Alta,8,Batería portátil caja 50 pzs,research
Electronica,"Audifonos bluetooth, cargadores, fundas",Unicell accesorios,https://unicell.com.mx/accesorios-para-celular-por-mayoreo/,,5621399879,CDMX,CDMX,México,Canal,Alta,5,"Audífonos, cargadores, cables, power banks, smart watches",research
Electronica,"Audifonos bluetooth, cargadores, fundas",Unicell México,https://unicell.com.mx/,,5621399879,CDMX,CDMX,México,Mayoreo,Alta,6,Eje Central Lázaro Cárdenas 76 Local 3; envíos 2-5 días,research
Electronica,"Audifonos bluetooth, cargadores, fundas",Amazon MX audífonos,https://www.amazon.com.mx/s?k=audifonos+bluetooth,,,México,México,México,Marketplace,Media,2,Sellers audífonos TWS,research
Electronica,"Audifonos bluetooth, cargadores, fundas",Anker México,https://www.anker.com/,,,,,México,Marca,Media,3,"Soundcore, cargadores y power banks",brand
Electronica,"Audifonos bluetooth, cargadores, fundas","Audifonos bluetooth, cargadores, fundas (ejemplo original)",https://www.ele-gate.com/,,,,,México,Ejemplo original,Media,2,Seed del cliente,ejemplo_cliente
Electronica,"Audifonos bluetooth, cargadores, fundas",Bocina bluetooth,https://www.morekashop.com/,,,,,México,Producto,Media,2,Bocina BT portátil con FM/USB,research
Electronica,"Audifonos bluetooth, cargadores, fundas",Cabocel Mayoristas,,,,Monterrey,Nuevo León,México,Mayoreo,Media,2,"10+ años, accesorios para celular",research
Electronica,"Audifonos bluetooth, cargadores, fundas",Centro Case GDL,,,,Guadalajara,Jalisco,México,Distribuidor,Media,2,Fundas y accesorios mayoreo GDL,research
Electronica,"Audifonos bluetooth, cargadores, fundas",Ele-Gate,https://www.ele-gate.com/,,,,,México,Ejemplo original,Media,2,Ejemplo del cliente — accesorios electrónicos,ejemplo_cliente
Electronica,"Audifonos bluetooth, cargadores, fundas",JBL México,https://www.jbl.com.mx/,,,,,México,Marca,Media,3,Bocinas y audífonos,brand
Electronica,"Audifonos bluetooth, cargadores, fundas",ML audífonos mayoreo,https://listado.mercadolibre.com.mx/auriculares-bluetooth-mayoreo,,,México,México,México,Marketplace,Media,2,Kits y paquetes mayoreo,research
Electronica,"Audifonos bluetooth, cargadores, fundas",Moreka bocina 406,https://www.moreka.tienda/,,,Guadalajara,Jalisco,México,Producto,Media,3,"Bocina 406 RGB, TF, Radio FM",research
Electronica,"Audifonos bluetooth, cargadores, fundas",Moreka E605 audífonos,https://www.moreka.tienda/,,,Guadalajara,Jalisco,México,Producto,Media,3,"E605 TWS BT 5.3, 25hrs Hi-Fi",research
Electronica,"Audifonos bluetooth, cargadores, fundas",Steren,https://www.steren.com.mx/,,,CDMX,CDMX,México,Retail,Media,3,Cadena de electrónica y accesorios,brand
Electronica,"Audifonos bluetooth, cargadores, fundas",Xtassis Mobile,,,,CDMX,CDMX,México,Mayoreo,Media,2,"Andrade 47, fundas y accesorios",research
Electronica,"Audifonos bluetooth, cargadores, fundas",Baseus / Ugreen,,,,,,México,Marca,Baja,1,Cargadores y cables vía ecom MX,brand
Grooming,Barberia y cuidado masculino,Vikingos Barber Shop,https://www.facebook.com/vikingosbarbershopmx/,vikingosbarbershop@gmail.com,5550847376,EdoMex,EdoMex,México,Barbería,Alta,8,Barber shop con cortes clásicos y modernos; Periférico Norte,research
Grooming,Barberia y cuidado masculino,Amazon MX barbería,https://www.amazon.com.mx/s?k=productos+para+barberia,,,México,México,México,Marketplace,Media,2,Sellers de productos de barbería,research
Grooming,Barberia y cuidado masculino,American Crew,,,,USA,,México,Marca,Media,2,"Productos de barbería premium, venta MX",brand
Grooming,Barberia y cuidado masculino,Andis,,,,USA,,México,Marca,Media,2,"Máquinas de corte, venta MX",brand
Grooming,Barberia y cuidado masculino,Babyliss Pro,,,,Francia,,México,Marca,Media,2,"Herramientas de barbería, venta MX",brand
Grooming,Barberia y cuidado masculino,Barberia y cuidado masculino (ejemplo original),https://www.sensabien.com/,,,,,México,Ejemplo original,Media,2,Seed del cliente,ejemplo_cliente
Grooming,Barberia y cuidado masculino,Baregk,https://www.facebook.com/BarberiaBaregkMX/,,,México,México,México,Marca,Media,3,Marca de barbería y cuidado personal masculino,research
Grooming,Barberia y cuidado masculino,Clubman Pinaud,,,,USA,,México,Marca,Media,2,"Lociones y productos de barbería, venta MX",brand
Grooming,Barberia y cuidado masculino,Coppel grooming,https://www.coppel.com/,,,CDMX,CDMX,México,Retail,Media,3,Sección de cuidado masculino,brand
Grooming,Barberia y cuidado masculino,Gillette México,https://www.gillette.com.mx/,,,CDMX,CDMX,México,Marca,Media,4,Rasuradoras y cuidado masculino,brand
Grooming,Barberia y cuidado masculino,Mercado Libre barbería,https://listado.mercadolibre.com.mx/productos-para-barberia-mayoreo,,,México,México,México,Marketplace,Media,2,Mayoreo de productos de barbería,research
Grooming,Barberia y cuidado masculino,Old Spice,,,,USA,,México,Marca,Media,2,"Desodorantes y cuidado masculino, venta MX",brand
Grooming,Barberia y cuidado masculino,Oster,,,,USA,,México,Marca,Media,2,"Máquinas de corte, venta MX",brand
Grooming,Barberia y cuidado masculino,Proraso,,,,Italia,,México,Marca,Media,2,"Productos clásicos de barbería, venta MX",brand
Grooming,Barberia y cuidado masculino,Sensabien (ejemplo),https://www.sensabien.com/,,,México,México,México,Ejemplo original,Media,2,Ejemplo del cliente — cuidado masculino,ejemplo_cliente
Grooming,Barberia y cuidado masculino,Suavecito Pomade,,,,USA,,México,Marca,Media,2,"Pomadas de barbería, venta MX",brand
Grooming,Barberia y cuidado masculino,Wahl,,,,USA,,México,Marca,Media,2,"Clippers de barbería, venta MX",brand
Grooming,Barberia y cuidado masculino,Walmart México grooming,https://www.walmart.com.mx/,,,CDMX,CDMX,México,Retail,Media,3,Sección de cuidado masculino,brand
Grooming,Barberia y cuidado masculino,Axe (Unilever),,,,México,México,México,Marca,Baja,1,"Cuidado masculino, retail MX",brand
Grooming,Barberia y cuidado masculino,Bígaro,,,,México,México,México,Marca,Baja,1,"Fijadores y brillantina para cabello, marca MX",brand
Grooming,Barberia y cuidado masculino,Dove Men+Care,,,,México,México,México,Marca,Baja,1,"Cuidado masculino, retail MX",brand
Grooming,Barberia y cuidado masculino,El Vaquero,,,,México,México,México,Marca,Baja,1,"Gel y fijadores para cabello, marca MX",brand
Grooming,Barberia y cuidado masculino,Jojoba / Argan Men,,,,México,México,México,Marca,Baja,1,Aceites y pomadas para barba,brand
Grooming,Barberia y cuidado masculino,Kiss Color / Kiss,,,,México,México,México,Marca,Baja,1,"Tintes y cuidado para barba, marca mexicana",brand
Grooming,Barberia y cuidado masculino,Marca de la Cruz,,,,México,México,México,Marca,Baja,1,Jabones y cuidado personal mexicano,brand
Grooming,Barberia y cuidado masculino,V75,,,,México,México,México,Marca,Baja,1,Cuidado capilar masculino,brand
Papeleria,Bolsas de regalo,BK Bolsas,https://bolsasbk.com.mx/,ventas@bolsasbk.com.mx,5554567770,Naucalpan,EdoMex,México,Fabricante,Alta,9,"Chalco 26 El Conde, kraft / tote / tornasol desde 50 pzas",research
Papeleria,Bolsas de regalo,BolsaDeRegalo / Cachito Mío,https://bolsaderegalo.com/,hola@bolsaderegalo.com,5543960137,CDMX,CDMX,México,Mayoreo,Alta,9,"Misioneros 7 Local 3 Centro, L-S 8-17:45 Dom 9-13:30",research
Papeleria,Bolsas de regalo,CORPER,https://corper.mx/,ventas@corper.mx,5544568805,CDMX,CDMX,México,Fabricante,Alta,9,"Bolsas de papel personalizadas desde 1000 pzas, WA 5531262547",research
Papeleria,Bolsas de regalo,Creear,https://creear.mx/,,5549491671,CDMX,CDMX,México,Ejemplo original,Alta,5,"Ejemplo del cliente — bolsas y envolturas, cotiza 5591881827",ejemplo_cliente
Papeleria,Bolsas de regalo,Cristaline,https://www.cristaline.mx/,ventas@cristaline.mx,5515411753,Tlalnepantla,EdoMex,México,Fabricante,Alta,9,"34 años fabricando bolsas de celofán y pliegos para regalo; Guadalajara 17, Const. 1917",research
Papeleria,Bolsas de regalo,Packsys,https://packsys.com/,info@packsys.com,5515004000,Tepotzotlán,EdoMex,México,Mayoreo,Alta,9,"México-Qro Km 37.5 Texcacoa, L-V 8-18",research
Papeleria,Bolsas de regalo,Bolsas de regalo (ejemplo original),https://creear.mx/,,,,,México,Ejemplo original,Media,2,Seed del cliente,ejemplo_cliente
Papeleria,Bolsas de regalo,Bolsas Papel Kraft CDMX,https://bolsaspapelkraftcdmx.com/,,,CDMX,CDMX,México,Fabricante,Media,4,Kraft / cartón por mayor,research
Papeleria,Bolsas de regalo,BÖRSE,https://borse.com.mx/,,,,,México,Fabricante,Media,3,"Bolsas personalizadas de plástico, papel y tela para uso promocional y comercial",research
Papeleria,Bolsas de regalo,El Centro Bolsero,https://www.elcentrobolserosa.com/,,,CDMX,CDMX,México,Distribuidor,Media,4,"60+ años; bolsas de papel con/sin asas, envolturas y cajas para regalo",research
Papeleria,Bolsas de regalo,Entelequia,https://desechablesbiodegradables.com/collections/bolsas-papel-kraft,,,CDMX,CDMX,México,Mayoreo,Media,4,"Kraft alimentos, envío gratis CDMX >$3900",research
Papeleria,Bolsas de regalo,FABOLSA,,,,CDMX,CDMX,México,Fabricante,Media,2,"Fábrica de bolsas y envolturas; Eje 5 Ote (Javier Rojo Gómez) 468B, Iztapalapa; 51-100 empleados",research
Papeleria,Bolsas de regalo,FiuBags,https://fiubags.mx/,,,Puebla,Puebla,México,Fabricante,Media,4,"Fábrica de bolsas de tela (manta, loneta, poliéster) en Puebla/Tlaxcala; personalización desde 100 pzs",research
Papeleria,Bolsas de regalo,Emepak,,,,México,México,México,Marca,Baja,1,"Bolsas kraft personalizadas 150u y de regalo, vía ML",brand
Alimentos,Botanas y snacks mexicanos,Aceites para freír Oleofinos canal botana,https://www.oleofinos.com.mx,sucet.alvarez@oleofinos.com.mx,(477) 392-6516,Zapopan,Jalisco,México,Insumo industria,Alta,8,Easy Fried — proveedores de fábricas,dirind
Alimentos,Botanas y snacks mexicanos,Afrima / Tostadas Luz Ma,https://www.tostadasluzma.com.mx,alimentos_fritos@yahoo.com.mx,(443) 313-7098,Morelia,Michoacán,México,Fabricante,Alta,9,Tostadas tradicional/botanera/horneada y churros de maíz,dirind
Alimentos,Botanas y snacks mexicanos,Alimentos Extruidos / Gustinos,https://www.gustinos.com,ventas@gustinos.com,(33) 3686-1771,Tlajomulco,Jalisco,México,Fabricante insumos,Alta,9,"Pellets para snacks de trigo, papa y maíz",dirind
Alimentos,Botanas y snacks mexicanos,Alimentos Finos del Norte,,jgarza@hotmail.com,(844) 432-0602,Saltillo,Coahuila,México,Fabricante insumos,Alta,7,Pellet de cuero de cerdo para chicharrón,dirind
Alimentos,Botanas y snacks mexicanos,Alimentos Procesados de Zamora / Aproza,https://www.aprozaoficial.com,aproza2@prodigy.net.mx,(351) 517-0212,Zamora,Michoacán,México,Fabricante,Alta,9,"Cereales y botanas extruidas, palomitas, Troncheese",dirind
Alimentos,Botanas y snacks mexicanos,Alimentos Susalia,https://www.susalia.com,info@susalia.com,(55) 8788-1860,CDMX,CDMX,México,Marca tostadas,Alta,9,"Tortillas, totopos y tostadas de nopal",dirind
Alimentos,Botanas y snacks mexicanos,Alimentos Típicos Mexicanos GAVI,,administracion@gavi.com.mx,(55) 5360-0980,Naucalpan,EdoMex,México,Fabricante,Alta,7,"Tostadas, totopos, tortillas de harina",dirind
Alimentos,Botanas y snacks mexicanos,Alimentos y Botanas Herrera,https://www.botanasherrera.com,ventas@botanasherrera.com,(999) 946-1491,Mérida,Yucatán,México,Fabricante,Alta,9,"Charritos, papas, churritos, cacahuate, chicharrón, totopos, platanitos",dirind
Alimentos,Botanas y snacks mexicanos,Beto Botanas,https://betobotanas.com.mx/,ventas@betobotanas.com.mx,5553052136,Cd. López Mateos,EdoMex,México,Fabricante/distribuidor,Alta,9,"Churritos, chicharrones, chetos, palomitas, papas, mayoreo",research
Alimentos,Botanas y snacks mexicanos,Boka-2 Bokados,https://www.bokados.com,info@bokados.com,800-800-3442,Santa Catarina,NL,México,Marca,Alta,9,Entremeses Arca Continental,research
Alimentos,Botanas y snacks mexicanos,Bokados / Nacional de Alimentos y Helados,https://www.bokados.com,info@bokados.com,800-800-3442,Santa Catarina,NL,México,Marca nacional,Alta,9,"Botanas BOKA-2, Arca Continental, Monterrey",dirind
Alimentos,Botanas y snacks mexicanos,Botanamex,https://botanamex.com.mx/,ventas@botanamex.com.mx,5575854444,Chalco,EdoMex,México,Fabricante,Alta,9,"Zona industrial Chalco, elaboración de botanas",research
Alimentos,Botanas y snacks mexicanos,Botanas Bibisnacks,http://botanasbibisnacks.com/,botanasbibi@gmail.com,5562841244,Iztapalapa,CDMX,México,Fabricante mayoreo,Alta,9,"Papas, chicharrones, churritos nopal/amaranto, palomitas — Santa Isabel Industrial",research
Alimentos,Botanas y snacks mexicanos,Botanas Crounsh / Tostadas Chihuahua,https://www.botanascrounsh.com,tostadas_chihuahua@hotmail.com,(614) 435-4092,Chihuahua,Chihuahua,México,Fabricante tostadas,Alta,9,Tostadas y botanas regionales,dirind
Alimentos,Botanas y snacks mexicanos,Botanas de amaranto Indugrumex,https://www.indugrumex.com,ventas@indugrumex.com,(55) 2483-7013,Atizapán,EdoMex,México,Línea amaranto,Alta,8,Churros y palanquetas,research
Alimentos,Botanas y snacks mexicanos,Botanas de tamarindo K-Botanas,https://www.k-botanas.com/,,5656566389,Pachuca,Hidalgo,México,Línea tamarindo,Alta,5,Enchilado fábrica,research
Alimentos,Botanas y snacks mexicanos,Botanas Esnafer,https://www.botanasesnafer.com.mx,contacto@botanasesnafer.com.mx,(595) 951-1061,Texcoco,EdoMex,México,Fabricante,Alta,9,"Cacahuates, haba, garbanzo, girasol y calabaza — cobertura nacional",dirind
Alimentos,Botanas y snacks mexicanos,Botanas Julimoy,https://www.julimoy.com.mx,escalera.m@julimoy.com.mx,(55) 5694-4437,Iztapalapa,CDMX,México,Fabricante,Alta,9,"Papas, palomitas, aros, donitas, churritos, cacahuates",dirind
Alimentos,Botanas y snacks mexicanos,Botanas Kande / Tronquitos,https://www.fritostronquitos.com.mx,botanaskande@prodigy.net.mx,(81) 8354-5871,Monterrey,NL,México,Fabricante,Alta,9,"TRONQUITOS, CRUCITAS, TOSKYS — harina maíz/trigo/papa",dirind
Alimentos,Botanas y snacks mexicanos,Botanas Los Compadres,https://botanasloscompadres.com/,,9991779873,Kanasín,Yucatán,México,Fabricante/distribuidor,Alta,6,"Proveedor tiendas y supermercados, mayoreo por kilo",research
Alimentos,Botanas y snacks mexicanos,Botanas Los Compadres sucursal Pensiones,https://botanasloscompadres.com/,,9996474830,Mérida,Yucatán,México,Sucursal mayoreo,Alta,6,"Calle 23 diagonal, Residencial Pensiones",research
Alimentos,Botanas y snacks mexicanos,Botanas Mima,,tostadasmima@gmail.com,(81) 8336-1600,Santa Catarina,NL,México,Fabricante regional,Alta,7,Tostadas — Col. La Fama,dirind
Alimentos,Botanas y snacks mexicanos,Botanas Mina,https://www.facebook.com/Botanasminaoficial,josueweromina@gmail.com,9988424833,Cancún,Quintana Roo,México,Fabricante regional,Alta,9,"Plátanos fritos, papas, palomitas, chicharrón de trigo/maíz",dirind
Alimentos,Botanas y snacks mexicanos,Botanas Provi / Productos VYL,https://botanasprovi.com.mx/,bety@botanasprovi.com.mx,(444) 833-6922,San Luis Potosí,SLP,México,Fabricante,Alta,9,"Papas, cacahuates, haba, churritos, chicharrón 100% naturales",dirind
Alimentos,Botanas y snacks mexicanos,Botanas Ramos,,botanasramos@gmail.com,4777704596,León,Guanajuato,México,Fabricante regional,Alta,7,Botanas de harina para freír y cuero para chicharrón,research
Alimentos,Botanas y snacks mexicanos,Botanas RIC,https://botanasric.com/,ric@botanasric.com,(487) 872-0408,Rioverde,SLP,México,Fabricante,Alta,9,"Papas, churritos, chicharrón, totopos, habas, cacahuates",dirind
Alimentos,Botanas y snacks mexicanos,Botanas San José,https://botanassanjose.com/,ventas@prosanjo.com.mx,5545289162,CDMX,CDMX,México,Fabricante,Alta,9,"Cueritos, chetos, frituras, palomitas, papas — Iztapalapa",research
Alimentos,Botanas y snacks mexicanos,Botanas Torritos,https://botanastorritos.com/,gerenciadeventas@botanastorritos.com,9992541252,Mérida,Yucatán,México,Fabricante D2C,Alta,9,"Botanas yucatecas desde 1953, charritos tostadas churritos",research
Alimentos,Botanas y snacks mexicanos,Botanas WIPO,https://www.botanaswipo.com,ventas@botanaswipo.com,(33) 3684-7678,Zapopan,Jalisco,México,Fabricante,Alta,9,"Frituras de harina de trigo, papa integral y maíz",dirind
Alimentos,Botanas y snacks mexicanos,Botanas y Derivados / BYDSA,https://www.bydsa.com,jbueno@bydsa.com,(81) 8360-9086,Guadalupe,NL,México,Fabricante,Alta,9,"Botanas, frituras, papas, chicharrones",dirind
Alimentos,Botanas y snacks mexicanos,Cacahuates del Rey / Pikatones,https://www.facebook.com/pikatones,cacahuatesdelrey@hotmail.com,(449) 996-2626,Aguascalientes,Aguascalientes,México,Fabricante,Alta,9,"Cacahuates habanero, nacho, jalapeño, pika nuts, japonés",dirind
Alimentos,Botanas y snacks mexicanos,Cacahuates Golden Galdisa retail,https://www.galdisa.com,ventas@galdisa.com,(55) 5630-4616,CDMX,CDMX,México,Mayoreo CEDA,Alta,9,Industria y retail,research
Alimentos,Botanas y snacks mexicanos,Cacahuates Martin Morelos,https://www.cacahuatesdemorelos.com.mx,,(55) 5626-7516,Tlalpan,CDMX,México,Marca,Alta,6,Cacahuates MARTIN,research
Alimentos,Botanas y snacks mexicanos,CGM / Botanas Matracas,https://www.empresascgm.com.mx,cogumo@prodigy.net.mx,(591) 917-1349,Zumpango,EdoMex,México,Fabricante,Alta,9,Frituras y botanas MATRACAS,dirind
Alimentos,Botanas y snacks mexicanos,Chicharrón Arran botanero,https://www.arran.mx,productos@arran.mx,800-823-2747,Acatlán,Hidalgo,México,Línea cerdo,Alta,8,Placero y botanero,research
Alimentos,Botanas y snacks mexicanos,Chilifrut,,miguelangel.ventaschilifrut@gmail.com,(55) 7160-6467,Naucalpan,EdoMex,México,Fabricante granel,Alta,7,"Desde 1983, cacahuates y frituras a granel",dirind
Alimentos,Botanas y snacks mexicanos,Churritos nopal Bibisnacks,http://botanasbibisnacks.com/,botanasbibi@gmail.com,5562841244,Iztapalapa,CDMX,México,Línea churrito,Alta,8,Nopal y amaranto,research
Alimentos,Botanas y snacks mexicanos,Churros de maíz Luz Ma,https://www.tostadasluzma.com.mx,alimentos_fritos@yahoo.com.mx,(443) 313-7098,Morelia,Michoacán,México,Línea churros,Alta,8,Fábrica tostadas + churros,research
Alimentos,Botanas y snacks mexicanos,Comercializadora Galfra / Rancho Sano,https://www.galfra.com,ventas@galfra.com,(378) 103-2851,Tepatitlán,Jalisco,México,Fabricante,Alta,9,"Cacahuates Rancho Sano, Charro Pancho, mazapán",dirind
Alimentos,Botanas y snacks mexicanos,CRISPY LEMON Nipon,https://www.niponbotanas.com,info@pnipon.com,(55) 5716-8600,Iztacalco,CDMX,México,SKU,Alta,8,Cacahuate chile-limón,research
Alimentos,Botanas y snacks mexicanos,Cronchitos Lily,https://www.botanaslily.com.mx,contacto@botanaslily.com,(33) 3639-0504,Tlaquepaque,Jalisco,México,SKU bandera,Alta,8,Cronchitos y tostis,research
Alimentos,Botanas y snacks mexicanos,Cueritos San José,https://botanassanjose.com/,ventas@prosanjo.com.mx,5545289162,CDMX,CDMX,México,Línea cueritos,Alta,8,Curtidos y chetos,research
Alimentos,Botanas y snacks mexicanos,Donitas Totis,https://www.totis.com.mx/,jmartinez@totis.com.mx,800-201-7333,Tizayuca,Hidalgo,México,SKU bandera,Alta,8,Limón y sal / chile,research
Alimentos,Botanas y snacks mexicanos,El Charrito Friconsel,https://www.friconsel.com,info@friconsel.com,(81) 8327-1918,Guadalupe,NL,México,Marca,Alta,9,Papas y chicharrón,research
Alimentos,Botanas y snacks mexicanos,Empacadora Kipi,https://www.kipi.com.mx,kipipms@prodigy.net.mx,(55) 5759-2021,GAM,CDMX,México,Empacadora,Alta,8,"Churritos, confitados, bofitos",dirind
Alimentos,Botanas y snacks mexicanos,Friconsel / El Charrito,https://www.friconsel.com,info@friconsel.com,(81) 8327-1918,Guadalupe,NL,México,Fabricante,Alta,9,"Botanas EL CHARRITO — papas, chicharrón, cacahuates",dirind
Alimentos,Botanas y snacks mexicanos,Frituras Rincón Tarasco,,comprasrincontarasco@gmail.com,(961) 615-4502,Tuxtla Gutiérrez,Chiapas,México,Fabricante,Alta,7,"Churritos, nachos, papas, plátanos, tostadas, totopitos",dirind
Alimentos,Botanas y snacks mexicanos,Frubotanas Planta de Vida,https://www.plantavit.mx,comentarios@plantavit.mx,(81) 8355-4032,Guadalupe,NL,México,Marca healthy,Alta,9,Fruta deshidratada,research
Alimentos,Botanas y snacks mexicanos,Fun Fruit botanas,https://funfruit.com.mx/,shop@funfruit.com.mx,,Tlalnepantla,EdoMex,México,Mayoreo B2B,Alta,7,"Semillas y botanas de frutos secos, envíos nacionales",research
Alimentos,Botanas y snacks mexicanos,Galdisa / Golden Nuts,https://www.galdisa.com,info@galdisa.com.mx,(55) 5630-4616,CDMX,CDMX,México,Fabricante/mayoreo,Alta,9,"GOLDEN y GOLD FRITZ, maquila de marca propia",dirind
Alimentos,Botanas y snacks mexicanos,GIMX / Indugrumex,https://www.indugrumex.com,ventas@indugrumex.com,(55) 2483-7013,Atizapán,EdoMex,México,Fabricante,Alta,9,"Churros de amaranto, palanquetas, granolas, semillas",dirind
Alimentos,Botanas y snacks mexicanos,Gold Fritz Galdisa,https://www.galdisa.com,info@galdisa.com.mx,(55) 5630-4616,CDMX,CDMX,México,Línea botana,Alta,8,"Cacahuate, haba, garbanzo, pepita",research
Alimentos,Botanas y snacks mexicanos,Grupo Bimbo / Dirección Corporativa Impulsora,https://www.grupobimbo.com,direcciondecompras.gestion@grupobimbo.com,(55) 5268-6600,CDMX,CDMX,México,Corporativo,Alta,8,"Barcel, Takis, Ricolino — enterprise",dirind
Alimentos,Botanas y snacks mexicanos,Grupo El Norteño / Del Norte Foods,https://www.delnortefoods.com,gleal@delnortefoods.com,(844) 415-1438,Saltillo,Coahuila,México,Fabricante,Alta,9,Productos de maíz,dirind
Alimentos,Botanas y snacks mexicanos,Grupo Martin Cubero,https://www.cacahuatesdemorelos.com.mx,martindd@mail.internet.com.mx,(55) 5626-7516,Tlalpan,CDMX,México,Fabricante,Alta,9,Cacahuates y botanas MARTIN,dirind
Alimentos,Botanas y snacks mexicanos,Grupo Medesa / Meber,https://www.grupomedesa.com,contacto@grupomedesa.com,(722) 237-4573,San Mateo Atenco,EdoMex,México,Fabricante,Alta,9,"Botanas MEBER, cacahuate japonés, dulces",dirind
Alimentos,Botanas y snacks mexicanos,Grupo Ta-Itto,https://www.grupotaitto.com,,(55) 7248-8082,Texcoco,EdoMex,México,Fabricante,Alta,6,"Cacahuate japonés, dulces y botanas",dirind
Alimentos,Botanas y snacks mexicanos,Hergran,https://www.hergran.com,informacion@hergran.com,(81) 8104-1891,Monterrey,NL,México,Marca granola/snacks,Alta,9,Granola y snacks con frutos secos,research
Alimentos,Botanas y snacks mexicanos,Ideas en Alimentos / Tipikas,https://ideasenalimentos.com.mx,contacto@ideasenalimentos.com.mx,(999) 985-0291,Mérida,Yucatán,México,Fabricante,Alta,9,Tortillas de harina TIPIKAS,dirind
Alimentos,Botanas y snacks mexicanos,Industrial Las Norteñas,,servicioalcliente@nortenas.com.mx,800-134-5001,Tepic,Nayarit,México,Fabricante,Alta,7,"Tortillas de harina, tostadas y galletas de cacahuate",dirind
Alimentos,Botanas y snacks mexicanos,iNuts,https://www.inuts.com.mx,clientes@inuts.com.mx,(55) 1850-5463,CDMX,CDMX,México,Marca gourmet D2C,Alta,9,"Cacahuates japoneses, almendras, tablas de botana",research
Alimentos,Botanas y snacks mexicanos,K-Botanas,https://www.k-botanas.com/,,5656566389,Pachuca,Hidalgo,México,Fabricante D2C,Alta,6,"Fábrica desde 1998, tamarindo enchilado, cacahuates, mayoreo y tienda online",research
Alimentos,Botanas y snacks mexicanos,K-Botanas fábrica Pachuca,https://www.k-botanas.com/,,5656566389,Pachuca,Hidalgo,México,Fábrica + tienda,Alta,5,Av. Juárez 1001 Local D desde 1998,research
Alimentos,Botanas y snacks mexicanos,Kokis Productos Ávila,https://www.productosavila.com,compras@productosavila.com,(33) 3609-1042,Zapopan,Jalisco,México,Marca,Alta,9,Fritos KOKIS,research
Alimentos,Botanas y snacks mexicanos,La Trigueña,https://www.latriguena.com.mx,atencionaclientes@latriguena.com.mx,(961) 615-3684,Tuxtla Gutiérrez,Chiapas,México,Fabricante,Alta,9,"Tostadas botaneras, horneadas y chicharrón",dirind
Alimentos,Botanas y snacks mexicanos,Manzela La Shinita,https://www.manzela.com.mx,manzela@prodigy.net.mx,800-715-7208,Texcoco,EdoMex,México,Marca,Alta,9,Japonés y tamarindo,research
Alimentos,Botanas y snacks mexicanos,Maquila Rosasnack SLP,,administracionprovifiesta@botanasprovi.com.mx,4445553156,Mexquitic,SLP,México,Maquila marca propia,Alta,7,Papas y frituras,research
Alimentos,Botanas y snacks mexicanos,Matracas CGM,https://www.empresascgm.com.mx,cogumo@prodigy.net.mx,(591) 917-1349,Zumpango,EdoMex,México,Marca,Alta,9,Frituras MATRACAS,research
Alimentos,Botanas y snacks mexicanos,McCain México,https://www.mccain.com.mx,francisco.lopez@mccain.com,800-0622-246,CDMX,CDMX,México,Corporativo,Alta,8,Papas a la francesa y botanas congeladas — enterprise,dirind
Alimentos,Botanas y snacks mexicanos,Meber Grupo Medesa,https://www.grupomedesa.com,contacto@grupomedesa.com,(722) 237-4573,San Mateo Atenco,EdoMex,México,Marca,Alta,9,Cacahuate japonés y dulces,research
Alimentos,Botanas y snacks mexicanos,Milenarias,https://www.milenarias.com,rosamariacole@hotmail.com,(222) 231-8671,Puebla,Puebla,México,Fabricante,Alta,9,"Frituras, totopos, tostadas, botanas",dirind
Alimentos,Botanas y snacks mexicanos,Mura Productos de Cerdo,,productosmura@prodigy.net.mx,(614) 436-0514,Chihuahua,Chihuahua,México,Fabricante,Alta,7,"Chicharrón ahumado y botanero, cuero curtido a granel",dirind
Alimentos,Botanas y snacks mexicanos,Nacional Abastecedora de Granos / Galdisa Abastos,https://www.galdisa.com.mx,ventas@galdisa.com,(55) 5630-4616,CDMX,CDMX,México,Mayoreo industria,Alta,9,"Cacahuate, pepita, pistache para industria de botanas — CEDA",dirind
Alimentos,Botanas y snacks mexicanos,Nishikawa Cacahuates,https://www.cacahuatesnishikawa.com,ventas@cacahuatesnishikawa.com,(55) 5657-1845,Iztacalco,CDMX,México,Fabricante,Alta,9,"Cacahuates japoneses, salado y enchilado",dirind
Alimentos,Botanas y snacks mexicanos,NOM NOMS Diamante,https://www.productosdiamante.com,contacto@productosdiamante.com,(999) 944-0183,Kanasín,Yucatán,México,Marca,Alta,9,Cacahuate y nueces,research
Alimentos,Botanas y snacks mexicanos,PALS Snacks,https://www.pals-snacks.com,hola@pals-snacks.com,(81) 8370-9282,Monterrey,NL,México,Marca snack,Alta,9,Barras de frutos secos veganas,research
Alimentos,Botanas y snacks mexicanos,Pap's Totis,https://www.totis.com.mx/,jmartinez@totis.com.mx,800-201-7333,Tizayuca,Hidalgo,México,SKU papas,Alta,8,Corte casero,research
Alimentos,Botanas y snacks mexicanos,Pellet chicharrón Alimentos Finos del Norte,,jgarza@hotmail.com,(844) 432-0602,Saltillo,Coahuila,México,Insumo industria,Alta,6,Cuero de cerdo deshidratado,dirind
Alimentos,Botanas y snacks mexicanos,Pellets Gustinos snacks,https://www.gustinos.com,ventas@gustinos.com,(33) 3686-1771,Tlajomulco,Jalisco,México,Insumo industria,Alta,8,Pasta para snacks,dirind
Alimentos,Botanas y snacks mexicanos,Pikatones Del Rey,https://www.facebook.com/pikatones,cacahuatesdelrey@hotmail.com,(449) 996-2626,Aguascalientes,Aguascalientes,México,Marca,Alta,9,Cacahuate pika,research
Alimentos,Botanas y snacks mexicanos,Planta de Vida / Frubotanas,https://www.plantavit.mx,comentarios@plantavit.mx,(81) 8355-4032,Guadalupe,NL,México,Marca healthy,Alta,9,"FRUBOTANAS fruta deshidratada, granolas ÁLMEN, quinoa",dirind
Alimentos,Botanas y snacks mexicanos,Productos de Maíz El Azteca,,elaztecaprod@hotmail.com,(632) 322-3931,Magdalena de Kino,Sonora,México,Fabricante,Alta,7,"Pinole, tostadas, botanas y fritos de maíz",dirind
Alimentos,Botanas y snacks mexicanos,Productos de Maíz Sabrosam,https://www.sabrosam.com,contacto@sabrosam.com.mx,(33) 3608-4555,Guadalajara,Jalisco,México,Fabricante,Alta,9,"Tortillas, totopos, tostadas en todas sus variedades",dirind
Alimentos,Botanas y snacks mexicanos,Productos Deshidratados Arran,https://www.arran.mx,productos@arran.mx,800-823-2747,Acatlán,Hidalgo,México,Fabricante,Alta,9,"Chicharrón botanero, plátanos, churritos, torcidillos, totopos",dirind
Alimentos,Botanas y snacks mexicanos,Productos Diamante,https://www.productosdiamante.com,contacto@productosdiamante.com,(999) 944-0183,Kanasín,Yucatán,México,Empacadora,Alta,8,"Cacahuate, nueces, pistaches NOM NOMS; salsas POXILA",dirind
Alimentos,Botanas y snacks mexicanos,Productos Diana,https://www.pdiana.com,info@pdiana.com,(644) 414-6224,Cd. Obregón,Sonora,México,Empacadora,Alta,8,"Botanas y dulces, pistaches, cacahuates, habas",dirind
Alimentos,Botanas y snacks mexicanos,Productos Don Tacho,https://www.productosdontacho.com,ventas@productosdontacho.com,(444) 688-7775,Mexquitic de Carmona,SLP,México,Fábrica botanas,Alta,8,Fábrica de botanas y frituras SLP,dirind
Alimentos,Botanas y snacks mexicanos,Productos Dorisa,,contactobotanasdorisa@gmail.com,(55) 5657-0641,Iztacalco,CDMX,México,Fabricante,Alta,7,"Papas, cacahuate, chicharrón, habas, garbanzo, pepita — mayoreo",dirind
Alimentos,Botanas y snacks mexicanos,Productos Fritos,,pfritos@hotmail.com,(55) 5583-2555,CDMX,CDMX,México,Fabricante,Alta,7,"Habas, cacahuates, pepitas y garbanzos fritos",dirind
Alimentos,Botanas y snacks mexicanos,Productos Kris,https://www.kris.mx,,(662) 214-2344,Hermosillo,Sonora,México,Fabricante,Alta,6,"Tostadas, nachos, palomitas, fritos y botanas de maíz",dirind
Alimentos,Botanas y snacks mexicanos,Productos Lily de Occidente,https://www.botanaslily.com.mx,contacto@botanaslily.com,(33) 3639-0504,Tlaquepaque,Jalisco,México,Fabricante,Alta,9,Cronchitos y tostis LILY,dirind
Alimentos,Botanas y snacks mexicanos,Productos Manzela,https://www.manzela.com.mx,manzela@prodigy.net.mx,800-715-7208,Texcoco,EdoMex,México,Fabricante,Alta,9,"Cacahuate japonés, garapiñado, enchilado; dulces de tamarindo",dirind
Alimentos,Botanas y snacks mexicanos,Productos Morelos,,productosmorelos@hotmail.com,(668) 812-4898,Los Mochis,Sinaloa,México,Fabricante,Alta,7,"Tostadas, totopos, churritos, tortillas",dirind
Alimentos,Botanas y snacks mexicanos,Productos Nipon,https://www.niponbotanas.com,info@pnipon.com,(55) 5716-8600,Iztacalco,CDMX,México,Fabricante,Alta,9,"Cacahuate japonés, chile-limón, enchilados, CRISPY LEMON",dirind
Alimentos,Botanas y snacks mexicanos,Productos Pepito,,propesa1@prodigy.com.mx,800-710-6153,Iztapalapa,CDMX,México,Empacadora,Alta,6,Elaboración y empacado de dulces y botana,dirind
Alimentos,Botanas y snacks mexicanos,Productos Soleta de Oro,,soletadeoro81@hotmail.com,(81) 8330-8018,San Nicolás de los Garza,NL,México,Fabricante,Alta,7,Tortillas de harina y tostadas,dirind
Alimentos,Botanas y snacks mexicanos,Productos Ávila / Kokis,https://www.productosavila.com,compras@productosavila.com,(33) 3609-1042,Zapopan,Jalisco,México,Fabricante,Alta,9,Fritos y botanas KOKIS,dirind
Alimentos,Botanas y snacks mexicanos,Rancho Sano Galfra,https://www.galfra.com,ventas@galfra.com,(378) 103-2851,Tepatitlán,Jalisco,México,Marca,Alta,9,Cacahuates y Charro Pancho,research
Alimentos,Botanas y snacks mexicanos,Rosasnack,,administracionprovifiesta@botanasprovi.com.mx,4445553156,Mexquitic,SLP,México,Fabricante/maquila,Alta,7,"Maquila de papas, frituras, chicharrones, tostadas, totopos",dirind
Alimentos,Botanas y snacks mexicanos,Sazonadores botana Frallier,https://www.frallier.com,emiranda@frallier.com,800-722-6737,CDMX,CDMX,México,Insumo industria,Alta,8,Sabores para churrito/papa,dirind
Alimentos,Botanas y snacks mexicanos,Señor Cactus / Deli Dip Snacks,https://www.senorcactus.com.mx,atencion.clientes@delidipsnacks.com.mx,800-759-0015,El Marqués,Querétaro,México,Fabricante,Alta,9,Tortillas y tostadas de nopal,dirind
Alimentos,Botanas y snacks mexicanos,Surtidos Totis party mix,https://www.totis.com.mx/,,800-201-7333,Tizayuca,Hidalgo,México,SKU fiesta,Alta,5,Party Mix 30 pzas,research
Alimentos,Botanas y snacks mexicanos,Tiobaldo / Productos Delta,https://www.tiobaldo.com.mx,ventas@tiobaldo.com.mx,(81) 8345-1803,Monterrey,NL,México,Fabricante tostadas,Alta,9,Tostadas y botanas de maíz norte,dirind
Alimentos,Botanas y snacks mexicanos,Tostaditas Musiqueras / Productos Paga,https://www.musiqueras.com.mx,,(81) 1093-7324,Guadalupe,NL,México,Fabricante,Alta,6,"Tostaditas MUSIQUERAS horneada, chipotle, jalapeño",dirind
Alimentos,Botanas y snacks mexicanos,Tostaditas Musiqueras chipotle,https://www.musiqueras.com.mx,,(81) 1093-7324,Guadalupe,NL,México,Línea sabores,Alta,5,Jalapeño / chipotle / casera,research
Alimentos,Botanas y snacks mexicanos,Tostimex,https://matangazo.mx/producto/tostimex/,,8183513898,Monterrey,NL,México,Fabricante tostadas,Alta,6,"Fábrica de tostadas, Av. Ruiz Cortínez 2529 Ote.",research
Alimentos,Botanas y snacks mexicanos,Totis / Fritos Totis,https://www.totis.com.mx/,jmartinez@totis.com.mx,800-201-7333,Tizayuca,Hidalgo,México,Marca nacional,Alta,9,"Donitas, Pap's, chicharrones, totopos — planta Tizayuca",dirind
Alimentos,Botanas y snacks mexicanos,Totopos de nopal Susalia línea,https://www.susalia.com,info@susalia.com,(55) 8788-1860,CDMX,CDMX,México,Línea nopal,Alta,8,Totopos y tostadas,research
Alimentos,Botanas y snacks mexicanos,Tronquitos Kande,https://www.fritostronquitos.com.mx,botanaskande@prodigy.net.mx,(81) 8354-5871,Monterrey,NL,México,SKU bandera,Alta,8,Crucitas y Toskys,research
Alimentos,Botanas y snacks mexicanos,Welbing México,https://www.welbingmexico.com,equipodeventas@welbingmexico.com,(55) 5360-4763,Tlalnepantla,EdoMex,México,Granel + marca propia,Alta,9,"Botanas de nuez, macadamia, golden berries",research
Alimentos,Botanas y snacks mexicanos,Afrima de Michoacán,,,,Morelia,Michoacán,México,Fabricante,Media,2,"Benito Juárez 1205, Granjas del Maestro — frituras",cosmos
Alimentos,Botanas y snacks mexicanos,Aprodec Mérida,,,(999) 943-7389,Mérida,Yucatán,México,Distribuidor,Media,4,Distribuidor insumos botana,dirind
Alimentos,Botanas y snacks mexicanos,Azúcar Dulcerías botanas,https://www.azucardulcerias.com/collections/botanas,,,México,México,México,Mayoreo ecom,Media,3,"Botanas al mayoreo por caja, envíos nacionales",research
Alimentos,Botanas y snacks mexicanos,Barcel,https://www.barcel.com.mx/,,,CDMX,CDMX,México,Marca nacional,Media,4,"Grupo Bimbo — Takis, Chip's, Runners; corporativo grande",brand
Alimentos,Botanas y snacks mexicanos,Bofrymex,,,,Uruapan,Michoacán,México,Fabricante,Media,2,Chicharrón botanero — Col. Casa del Niño,cosmos
Alimentos,Botanas y snacks mexicanos,Botanas a granel Abastos GDL,,,,Guadalajara,Jalisco,México,Mayoreo abastos,Media,2,Occidente,research
Alimentos,Botanas y snacks mexicanos,Botanas a granel Abastos MTY,,,,Monterrey,NL,México,Mayoreo abastos,Media,2,Norte,research
Alimentos,Botanas y snacks mexicanos,Botanas a granel Central de Abasto,,,,Iztapalapa,CDMX,México,Mayoreo CEDA,Media,2,Kilo y costal,research
Alimentos,Botanas y snacks mexicanos,Botanas El Tacuache,,,,Colima,Colima,México,Proveedor B2B,Media,2,"Av. Gil Cabrera Gudiño 616, Rancho Blanco",quiminet
Alimentos,Botanas y snacks mexicanos,Botanas fiesta / piñata mayoreo,,,,CDMX,CDMX,México,Mayoreo fiesta,Media,2,Surtidos para eventos,research
Alimentos,Botanas y snacks mexicanos,Botanas Jovi,,,(833) 212-4522,Tampico,Tamaulipas,México,Fabricante regional,Media,4,"Rancheritos, chicharrones, tostadas, cacahuates, cocadas",dirind
Alimentos,Botanas y snacks mexicanos,Botanas K-Chis,,,,Puebla,Puebla,México,Proveedor B2B,Media,2,30 Norte 803 Col. Resurgimiento,quiminet
Alimentos,Botanas y snacks mexicanos,Botanas Laura Chimalhuacán,,,,Chimalhuacán,EdoMex,México,Fabricante,Media,2,"Taletec 8, Fracc. Pescadores",denue
Alimentos,Botanas y snacks mexicanos,Botanas SAS,,,,Azcapotzalco,CDMX,México,Distribuidor,Media,2,"Tonga 28 Col. Euzkadi, venta de frituras",quiminet
Alimentos,Botanas y snacks mexicanos,Botanas y snacks mexicanos (ejemplo original),https://chanchips.com/,,,,,México,Ejemplo original,Media,2,Seed del cliente,ejemplo_cliente
Alimentos,Botanas y snacks mexicanos,Casacarlo,,,,EdoMex,EdoMex,México,Distribuidor,Media,2,Frituras y botanas Estado de México,quiminet
Alimentos,Botanas y snacks mexicanos,Chan Chips,https://chanchips.com/,,,,,México,Ejemplo original,Media,2,Ejemplo del cliente — botanas mexicanas D2C,ejemplo_cliente
Alimentos,Botanas y snacks mexicanos,Cheetos México,https://www.sabritas.com.mx/,,,CDMX,CDMX,México,Marca PepsiCo,Media,4,Extruido queso,brand
Alimentos,Botanas y snacks mexicanos,Chicharrones Porky,https://www.sigma-alimentos.com/,,,Monterrey,NL,México,Marca nacional,Media,4,Sigma Alimentos — chicharrón botanero,brand
Alimentos,Botanas y snacks mexicanos,Chicharrón botanero Sigma Porky,https://www.sigma-alimentos.com/,,,Monterrey,NL,México,Marca nacional,Media,4,Cerdo botanero,brand
Alimentos,Botanas y snacks mexicanos,Chicharrón de harina mayoreo CDMX,,,,CDMX,CDMX,México,Mayoreo,Media,2,Canal fiesta / kilo,research
Alimentos,Botanas y snacks mexicanos,Chip's Barcel,https://www.barcel.com.mx/,,,CDMX,CDMX,México,Marca Bimbo,Media,4,Papas,brand
Alimentos,Botanas y snacks mexicanos,Churritos de nopal / amaranto CDMX,,,,CDMX,CDMX,México,Fabricante healthy,Media,2,Línea alternativa,research
Alimentos,Botanas y snacks mexicanos,Churrumais,https://www.sabritas.com.mx/,,,CDMX,CDMX,México,Marca PepsiCo,Media,4,Fritura de maíz limón,brand
Alimentos,Botanas y snacks mexicanos,Cicasa Internacional,,,,CDMX,CDMX,México,Proveedor B2B,Media,2,"Calle De La Rosa 32, Ampliación San Marcos — frituras",quiminet
Alimentos,Botanas y snacks mexicanos,Comercial Lucero,,,,San Nicolás de los Garza,NL,México,Distribuidor,Media,2,Frituras Nuevo León,quiminet
Alimentos,Botanas y snacks mexicanos,Comercializadora Gonac,https://www.gonac.com.mx/,,,Tlaxcala,Tlaxcala,México,Distribuidor nacional,Media,4,"Frituras, Ciudad Industrial Xicohtencatl II",quiminet
Alimentos,Botanas y snacks mexicanos,Doritos México,https://www.sabritas.com.mx/,,,CDMX,CDMX,México,Marca PepsiCo,Media,4,Totopos saborizados,brand
Alimentos,Botanas y snacks mexicanos,Dulcería Central Sur,,,,Monterrey,NL,México,Distribuidor,Media,2,Batallón de San Blas 56 Col. Obrera — frituras,cosmos
Alimentos,Botanas y snacks mexicanos,Dulces y Cacahuates Noriko,,,,Iztapalapa,CDMX,México,Distribuidor,Media,2,"Botanas y frituras, Claudio Alcer 85 Santa Martha Acatitla",quiminet
Alimentos,Botanas y snacks mexicanos,E-Feast,,,,CDMX,CDMX,México,Distribuidor,Media,2,Frituras y botanas CP 01730,quiminet
Alimentos,Botanas y snacks mexicanos,Elaboración de Botanas Popayán,,,,Chimalhuacán,EdoMex,México,Fabricante,Media,2,"Popayán 36, Barrio Labradores",denue
Alimentos,Botanas y snacks mexicanos,Elaboración de Papas Camez,,,,Chimalhuacán,EdoMex,México,Fabricante,Media,2,José Manuel Camez 25,denue
Alimentos,Botanas y snacks mexicanos,Fritos México,https://www.sabritas.com.mx/,,,CDMX,CDMX,México,Marca PepsiCo,Media,4,Chile y limón,brand
Alimentos,Botanas y snacks mexicanos,Fritos Vikingos,,,,Tultitlán,EdoMex,México,Fabricante,Media,2,Chicharrón botanero — Lomas de Cartagena,cosmos
Alimentos,Botanas y snacks mexicanos,Frituras Cehuan,,,,Chimalhuacán,EdoMex,México,Fabricante,Media,2,Barrio Cesteros,denue
Alimentos,Botanas y snacks mexicanos,Frituras Celio,,,,Chimalhuacán,EdoMex,México,Fabricante,Media,2,"González 56, Fundidores",denue
Alimentos,Botanas y snacks mexicanos,Frituras de Harina Organización Popular,,,,Chimalhuacán,EdoMex,México,Fabricante,Media,2,Barrio Vidrieros,denue
Alimentos,Botanas y snacks mexicanos,Frituras Roca,,,4432022651,Morelia,Michoacán,México,Fabricante,Media,4,"Cacahuates, tostadas, totopos, chicharrones, papas — Juana Barragán 153",research
Alimentos,Botanas y snacks mexicanos,Frituras y Papas Vidal,,,,Chimalhuacán,EdoMex,México,Fabricante,Media,2,La Paz SN,denue
Alimentos,Botanas y snacks mexicanos,Fábrica de Cacahuate Chimalhuacán,,,,Chimalhuacán,EdoMex,México,Fabricante,Media,2,"Venustiano Carranza SN, cabecera municipal",denue
Alimentos,Botanas y snacks mexicanos,Fábrica de Tostadas Remedios,,,,Chimalhuacán,EdoMex,México,Fabricante tostadas,Media,2,Villa San Lorenzo,denue
Alimentos,Botanas y snacks mexicanos,Garbanzo enchilado mayoreo,,,,CDMX,CDMX,México,Mayoreo,Media,2,Canal abarrotes,research
Alimentos,Botanas y snacks mexicanos,Great Value papas Walmart,https://www.walmart.com.mx/,,,México,México,México,Private label,Media,2,Jalapeño / adobadas,brand
Alimentos,Botanas y snacks mexicanos,Grupo Comercial Sedesil,,,,San Nicolás de los Garza,NL,México,Distribuidor,Media,2,"Frituras de maíz, Vía Matamoros 520",quiminet
Alimentos,Botanas y snacks mexicanos,Grupo Richaud,,,,Campeche,Campeche,México,Proveedor B2B,Media,2,Mariano Rodríguez 14 Col. San José,quiminet
Alimentos,Botanas y snacks mexicanos,Habas enchiladas mayoreo,,,,CDMX,CDMX,México,Mayoreo,Media,2,Canal abarrotes,research
Alimentos,Botanas y snacks mexicanos,HEB papas y nachos,https://www.heb.com.mx/botanas/papas-y-frituras,,,Monterrey,NL,México,Private label,Media,3,"Thin, ridged, nacho cheese",brand
Alimentos,Botanas y snacks mexicanos,Kirkland snacks Costco MX,https://www.costco.com.mx/,,,México,México,México,Private label,Media,2,Nueces y chips,brand
Alimentos,Botanas y snacks mexicanos,Kurumaya,,,,Chimalhuacán,EdoMex,México,Fabricante,Media,2,"Elaboración de botanas, Granjas Jacinta",denue
Alimentos,Botanas y snacks mexicanos,Mafer,https://www.mafer.com.mx/,,,México,México,México,Marca nacional,Media,3,Cacahuates premium (PepsiCo),brand
Alimentos,Botanas y snacks mexicanos,Magno Ingeniería en Alimentos,,,,Cd. Juárez,Chihuahua,México,Proveedor B2B,Media,2,Av. Ejército Nacional 7695 — frituras y botanas,quiminet
Alimentos,Botanas y snacks mexicanos,Mayoreo Total botanas,https://www.mayoreototal.mx/collections/botanas,,,México,México,México,Mayoreo ecom,Media,3,Churritos Kipi y botanas por caja,research
Alimentos,Botanas y snacks mexicanos,Member's Mark botanas Sam's,https://www.sams.com.mx/,,,México,México,México,Private label,Media,2,Mayoreo club,brand
Alimentos,Botanas y snacks mexicanos,Mission Foods México,https://www.missionfoods.com.mx/,,,México,México,México,Marca totopos,Media,3,Totopos y tortillas — Gruma,brand
Alimentos,Botanas y snacks mexicanos,Nacional de Botanas,,,5551201025,Ecatepec,EdoMex,México,Fabricante,Media,4,"Chetos extruidos chile-limón, jalapeño, queso — Gardenias 30",research
Alimentos,Botanas y snacks mexicanos,Nature's Heart snacks,https://naturesheart.com.mx/,,,México,México,México,Marca healthy,Media,3,Snacks y nueces retail moderno,brand
Alimentos,Botanas y snacks mexicanos,Nature's Heart trail mix,https://naturesheart.com.mx/,,,México,México,México,Marca healthy,Media,3,Mix nueces 300g/900g,brand
Alimentos,Botanas y snacks mexicanos,Nava Foods,,,,Morelia,Michoacán,México,Proveedor B2B,Media,2,"Salvador Arzuela 200, Elias Perez Avalos",quiminet
Alimentos,Botanas y snacks mexicanos,Palomitas Cinemex,https://cinemex.com/,,,México,México,México,Canal cine,Media,2,Marca propia cines,brand
Alimentos,Botanas y snacks mexicanos,Palomitas Cinépolis,https://cinepolis.com/,,,México,México,México,Canal cine,Media,2,Marca propia cines,brand
Alimentos,Botanas y snacks mexicanos,Palomitas de olla / gourmet CDMX,,,,CDMX,CDMX,México,D2C gourmet,Media,2,Sabores artesanales,research
Alimentos,Botanas y snacks mexicanos,Papas Fritas Adán,,,,Chimalhuacán,EdoMex,México,Fabricante,Media,2,Corregidora SN,denue
Alimentos,Botanas y snacks mexicanos,Papas Fritas Benito Juárez Chimalhuacán,,,,Chimalhuacán,EdoMex,México,Fabricante,Media,2,Barrio Xochitenco,denue
Alimentos,Botanas y snacks mexicanos,Papas Fritas Central 10,,,,Chimalhuacán,EdoMex,México,Fabricante,Media,2,Villas de San Lorenzo,denue
Alimentos,Botanas y snacks mexicanos,Papas Fritas Corregidora 47,,,,Chimalhuacán,EdoMex,México,Fabricante,Media,2,Cabecera municipal,denue
Alimentos,Botanas y snacks mexicanos,Papas Fritas Niños Héroes,,,,Chimalhuacán,EdoMex,México,Fabricante,Media,2,Col. Artesanos,denue
Alimentos,Botanas y snacks mexicanos,Papas Fritas Parral,,,,Chimalhuacán,EdoMex,México,Fabricante,Media,2,Fracc. San Agustín,denue
Alimentos,Botanas y snacks mexicanos,Papas Fritas Plutarco González,,,,Chimalhuacán,EdoMex,México,Fabricante,Media,2,Barrio Plateros,denue
Alimentos,Botanas y snacks mexicanos,Platanitos fritos sureste,,,,Yucatán,Yucatán,México,Fabricante regional,Media,2,Botana de plátano,research
Alimentos,Botanas y snacks mexicanos,Postres Frituras y Papas,,,,Chimalhuacán,EdoMex,México,Fabricante,Media,2,Cofre de Perote 34,denue
Alimentos,Botanas y snacks mexicanos,Pringles México,https://www.pringles.com/mx/es/home.html,,,México,México,México,Marca internacional,Media,3,Kellanova — canal moderno,brand
Alimentos,Botanas y snacks mexicanos,Proagropecuarios Nauhtlan,,,,Nautla,Veracruz,México,Productor,Media,2,"Frituras de plátano, Barra de Palmas",quiminet
Alimentos,Botanas y snacks mexicanos,Rancheritos,https://www.sabritas.com.mx/,,,CDMX,CDMX,México,Marca PepsiCo,Media,4,Fritura tradicional,brand
Alimentos,Botanas y snacks mexicanos,Representaciones Manrique,,,(33) 3121-6089,Guadalajara,Jalisco,México,Distribuidor,Media,4,Distribuidor Frallier / sazonadores botana,dirind
Alimentos,Botanas y snacks mexicanos,Ricolino botanas,https://www.ricolino.com.mx/,,,CDMX,CDMX,México,Marca Bimbo,Media,4,Dulce-salado,brand
Alimentos,Botanas y snacks mexicanos,Rikanuez,https://www.rikanuez.com/,,,CDMX,CDMX,México,Ecom + mayoreo,Media,4,Nuez pecana y botana premium,research
Alimentos,Botanas y snacks mexicanos,Runners Barcel,https://www.barcel.com.mx/,,,CDMX,CDMX,México,Marca Bimbo,Media,4,Fritura,brand
Alimentos,Botanas y snacks mexicanos,Sabritas,https://www.sabritas.com.mx/,,,CDMX,CDMX,México,Marca nacional,Media,4,"PepsiCo — corporativo grande, menos fit outbound SME",brand
Alimentos,Botanas y snacks mexicanos,Saníssimo,https://www.sanissimo.com.mx/,,,México,México,México,Marca tostadas,Media,3,"Tostadas y totopos horneados, Grupo Bimbo",brand
Alimentos,Botanas y snacks mexicanos,Takis Barcel,https://www.barcel.com.mx/,,,CDMX,CDMX,México,Marca Bimbo,Media,4,Fuego / original,brand
Alimentos,Botanas y snacks mexicanos,Tostadas Milpa Real,https://www.milpareal.com.mx/,,,México,México,México,Marca tostadas,Media,3,Tostadas de maíz tradicionales,brand
Alimentos,Botanas y snacks mexicanos,Tostadas Salmas,https://www.salmas.com.mx/,,,México,México,México,Marca tostadas,Media,3,Tostadas horneadas de nopal y maíz,brand
Alimentos,Botanas y snacks mexicanos,Tostadas Salmas nopal,https://www.salmas.com.mx/,,,México,México,México,Marca tostadas,Media,3,Horneadas,brand
Alimentos,Botanas y snacks mexicanos,Tostadas Saníssimo horneadas,https://www.sanissimo.com.mx/,,,México,México,México,Marca tostadas,Media,3,Grupo Bimbo,brand
Alimentos,Botanas y snacks mexicanos,Tostitos México,https://www.sabritas.com.mx/,,,CDMX,CDMX,México,Marca PepsiCo,Media,4,Totopos salsa verde,brand
Alimentos,Botanas y snacks mexicanos,ACT II Palomitas,,,,México,México,México,Marca palomitas,Baja,1,"Microondas, canal retail",brand
Alimentos,Botanas y snacks mexicanos,Botanas extruidas Ecatepec cluster,,,,Ecatepec,EdoMex,México,Cluster industrial,Baja,,Chetos y extruidos oriente,research
Alimentos,Botanas y snacks mexicanos,Botanas healthy horneadas MX,,,,México,México,México,Marca healthy,Baja,1,Baked snacks,research
Alimentos,Botanas y snacks mexicanos,Botanas Hidalgo cluster,,,,Hidalgo,Hidalgo,México,Cluster regional,Baja,,"Totis, Arran, K-Botanas",research
Alimentos,Botanas y snacks mexicanos,Botanas Iztapalapa cluster,,,,Iztapalapa,CDMX,México,Cluster industrial,Baja,,Fábricas oriente CDMX,research
Alimentos,Botanas y snacks mexicanos,Botanas Jalisco cluster,,,,Guadalajara,Jalisco,México,Cluster regional,Baja,,"WIPO, Lily, Ávila, Galfra",research
Alimentos,Botanas y snacks mexicanos,Botanas Leo,,,,México,México,México,Marca regional,Baja,1,Frituras de maíz canal tradicional,brand
Alimentos,Botanas y snacks mexicanos,Botanas Michel,,,,México,México,México,Marca,Baja,1,Chile limón presentación chica,brand
Alimentos,Botanas y snacks mexicanos,Botanas Nuevo León cluster,,,,Monterrey,NL,México,Cluster regional,Baja,,"Kande, BYDSA, Friconsel, Bokados",research
Alimentos,Botanas y snacks mexicanos,Botanas SLP cluster,,,,San Luis Potosí,SLP,México,Cluster regional,Baja,,"Don Tacho, RIC, Provi, Rosasnack",research
Alimentos,Botanas y snacks mexicanos,Botanas Sonora cluster,,,,Sonora,Sonora,México,Cluster regional,Baja,,"Kris, Diana, El Azteca",research
Alimentos,Botanas y snacks mexicanos,Botanas Yucatán charritos cluster,,,,Mérida,Yucatán,México,Cluster regional,Baja,,"Charritos, tostadas chaya",research
Alimentos,Botanas y snacks mexicanos,Cacahuates Karate,,,,México,México,México,Marca cacahuate,Baja,1,Japonés y enchilado,brand
Alimentos,Botanas y snacks mexicanos,Cacahuates La Lupita,,,,México,México,México,Marca cacahuate,Baja,1,Retail 150g,brand
Alimentos,Botanas y snacks mexicanos,Chips de camote MX,,,,México,México,México,Marca healthy,Baja,1,Alternativa a papa,research
Alimentos,Botanas y snacks mexicanos,Chips de nopal MX,,,,México,México,México,Marca healthy,Baja,1,Botana de nopal,research
Alimentos,Botanas y snacks mexicanos,Encanto Frituras,,,,México,México,México,Marca frituras,Baja,1,Conchitas y frituras de maíz sazonadas,research
Alimentos,Botanas y snacks mexicanos,Encanto Frituras de Maíz,,,,México,México,México,Marca frituras,Baja,1,Conchitas y Tachos — canal retail,brand
Alimentos,Botanas y snacks mexicanos,Maquilan Nuez Chimalhuacán,,,,Chimalhuacán,EdoMex,México,Maquila,Baja,1,"Islas 1, San Agustín",denue
Alimentos,Botanas y snacks mexicanos,Palomitas Morel,,,,México,México,México,Marca palomitas,Baja,1,Retail mantequilla,brand
Alimentos,Botanas y snacks mexicanos,Pepitas enchiladas mayoreo,,,,México,México,México,Mayoreo semillas,Baja,1,Pepita chile,research
Alimentos,Botanas y snacks mexicanos,Prispas,,,,México,México,México,Marca papas,Baja,1,Retail moderno/tradicional,brand
Alimentos,Botanas y snacks mexicanos,Semillas de girasol botana,,,,México,México,México,Mayoreo,Baja,1,Tostadas y saladas,research
Alimentos,Botanas y snacks mexicanos,Snaky,,,,México,México,México,Marca botana,Baja,1,Canal tradicional,brand
Alimentos,Botanas y snacks mexicanos,Sol Tubi-Papa,,,,México,México,México,Marca papas,Baja,1,Adobada / Rifaditas,brand
Alimentos,Botanas y snacks mexicanos,Tostadería Agustín Melgar,,,,Chimalhuacán,EdoMex,México,Tostadería,Baja,1,Barrio Canteros,denue
Alimentos,Botanas y snacks mexicanos,Tostadería Arisbeth,,,,Chimalhuacán,EdoMex,México,Tostadería,Baja,1,Barrio Mineros,denue
Alimentos,Botanas y snacks mexicanos,Tostadería Chiapas Chimalhuacán,,,,Chimalhuacán,EdoMex,México,Tostadería,Baja,1,San Agustín Atlapulco,denue
Alimentos,Botanas y snacks mexicanos,Tostadería Kikis,,,,Chimalhuacán,EdoMex,México,Tostadería,Baja,1,"Coahuila SN, Villas de San Agustín",denue
Alimentos,Botanas y snacks mexicanos,Tostadería La Doradita,,,,Chimalhuacán,EdoMex,México,Tostadería,Baja,1,"Arca de Noé, Acuitlapilco",denue
Alimentos,Botanas y snacks mexicanos,Tostadería La Perla de Occidente,,,,Chimalhuacán,EdoMex,México,Tostadería,Baja,1,"Las Cruces, San Pablo",denue
Alimentos,Botanas y snacks mexicanos,Tostadería Mi Linda Soledad,,,,Chimalhuacán,EdoMex,México,Tostadería,Baja,1,"Insurgentes 1, San Agustín",denue
Alimentos,Botanas y snacks mexicanos,Totopos Guerrero,,,,México,México,México,Marca totopos,Baja,1,Canal abarrotes,brand
Alimentos,Botanas y snacks mexicanos,Valley Foods,,,,México,México,México,Marca papas,Baja,1,Potato chips limón y ridge — canal retail,research
Proveedores,Botellas y tapas personalizados,Botella Vertis (Bogri),https://www.bogri.com.mx/fabricacion/botellas-de-plastico/,,5567206820,CDMX,CDMX,México,Producto,Alta,5,Modelo de botella de plástico de línea,research
Proveedores,Botellas y tapas personalizados,Industrias Bogri,https://www.bogri.com.mx/,,5567206820,CDMX,CDMX,México,Fabricante,Alta,6,"33 años; botellas, tarros, pomaderas y tapas PET/HDPE/PP/PVC; Sto. Tomás 29, Azcapotzalco",research
Proveedores,Botellas y tapas personalizados,MAHA Food Service,https://maha.com.mx/collections/vasos-personalizables,hola@maha.com.mx,,CDMX,CDMX,México,Mayoreo,Alta,7,Vasos personalizados con logo para cafeterías y eventos; papel y PET; tinta grado alimenticio,research
Proveedores,Botellas y tapas personalizados,Tapas dosificadoras TEGSA,https://tegsa.mx/,ventas@tegsa.mx,3313065957,Guadalajara,Jalisco,México,Producto,Alta,8,"Flip top, disc top y tapas dosificadoras",research
Proveedores,Botellas y tapas personalizados,Tapas metálicas twist TEGSA,https://tegsa.mx/,ventas@tegsa.mx,3313065957,Guadalajara,Jalisco,México,Producto,Alta,8,Tapas metálicas de medio giro para frascos,research
Proveedores,Botellas y tapas personalizados,Tarros y pomaderas Bogri,https://www.bogri.com.mx/fabricacion/botellas-de-plastico/,,5567206820,CDMX,CDMX,México,Producto,Alta,5,"Tarros, pomaderas y talqueras de plástico",research
Proveedores,Botellas y tapas personalizados,TEGSA Tapas y Envases,https://tegsa.mx/,ventas@tegsa.mx,3313065957,Guadalajara,Jalisco,México,Fabricante,Alta,9,"Desde 2015; tapas y envases de plástico, metal y vidrio; WA 3314230801",research
Proveedores,Botellas y tapas personalizados,ALPLA México,https://www.alpla.com/mx,,,México,México,México,Fabricante,Media,3,Fabricante global de envases plásticos con plantas en México,brand
Proveedores,Botellas y tapas personalizados,Amazon MX botellas personalizadas,https://www.amazon.com.mx/s?k=botellas+personalizadas,,,México,México,México,Marketplace,Media,2,Sellers de botellas y termos personalizados,research
Proveedores,Botellas y tapas personalizados,Botellas y tapas personalizados (ejemplo original),https://escowill.com/,,,,,México,Ejemplo original,Media,2,Seed del cliente,ejemplo_cliente
Proveedores,Botellas y tapas personalizados,Calate Taller Creativo,https://calate.com.mx/,,,Monterrey,Nuevo León,México,Personalización,Media,3,"Termos con grabado láser, DTF UV y serigrafía; playeras y tote bags; envíos MX",research
Proveedores,Botellas y tapas personalizados,Envases del Norte,,,,Monterrey,Nuevo León,México,Fabricante,Media,2,Envases y tapas para industria,brand
Proveedores,Botellas y tapas personalizados,Envases La Merced,https://envaseslamerced.mx/,,,CDMX,CDMX,México,Fabricante,Media,4,"Envases PET al mayoreo; botellas, frascos y tapas; 5 sucursales y stock inmediato",research
Proveedores,Botellas y tapas personalizados,Envases Universales,https://www.envasesuniversales.com/,,,México,México,México,Fabricante,Media,3,Envases y empaques para la industria,brand
Proveedores,Botellas y tapas personalizados,Escowill (ejemplo),https://escowill.com/,,,México,México,México,Ejemplo original,Media,2,Ejemplo del cliente — fabricante de botellas PET y tapas para salud y belleza; 250+ modelos,ejemplo_cliente
Proveedores,Botellas y tapas personalizados,Escowill tapas y atomizadores,https://escowill.com/,,,México,México,México,Producto,Media,2,Tapas y atomizadores para el mercado de salud y belleza,research
Proveedores,Botellas y tapas personalizados,Fajilla de cartón personalizada MAHA,https://maha.com.mx/collections/vasos-personalizables,,,CDMX,CDMX,México,Producto,Media,3,Fajillas full color para vasos de café,research
Proveedores,Botellas y tapas personalizados,Garrafas Plastika,https://www.plastika.com.mx/,,,Puebla,Puebla,México,Producto,Media,3,Garrafas de plástico para industria,research
Proveedores,Botellas y tapas personalizados,Goteros y bombas Plastika,https://www.plastika.com.mx/,,,Puebla,Puebla,México,Producto,Media,3,"Goteros, vasos dosificadores y bombas atomizadoras",research
Proveedores,Botellas y tapas personalizados,Impressline,https://www.impressline.com.mx/termos-personalizados,,,CDMX,CDMX,México,Mayoreo,Media,4,"Artículos promocionales: termos, tazas, vasos y botellas personalizados con logo",research
Proveedores,Botellas y tapas personalizados,Kupp Termos y Vasos,https://tustermospersonalizados.com/,,,México,México,México,Mayoreo,Media,3,"Termos, vasos y cilindros personalizados; desde 30 pzs; +2,400 eventos; 4.8★",research
Proveedores,Botellas y tapas personalizados,Plastika,https://www.plastika.com.mx/,,,Puebla,Puebla,México,Fabricante,Media,4,"Desde 2000; envases y tapas de plástico ISO 9001; sectores farmacéutico, alimenticio y químico",research
Proveedores,Botellas y tapas personalizados,Plásticos Técnicos de México,,,,CDMX,CDMX,México,Fabricante,Media,2,Fabricación de envases y piezas plásticas,brand
Proveedores,Botellas y tapas personalizados,Termos personalizados ML,https://listado.mercadolibre.com.mx/termos-personalizados-economicos-mayoreo,,,México,México,México,Marketplace,Media,2,Mayoreo de termos y tazas personalizados,research
Proveedores,Botellas y tapas personalizados,TUYO.MX,https://www.tuyo.mx/,,,México,México,México,Personalización,Media,2,Termos personalizados con impresión UV; precios de mayoreo,research
Proveedores,Botellas y tapas personalizados,Vaso cafetero personalizado MAHA,https://maha.com.mx/collections/vasos-personalizables,,,CDMX,CDMX,México,Producto,Media,3,Vasos de papel 10-20oz con logo,research
Proveedores,Botellas y tapas personalizados,Vidriera Los Reyes,,,,CDMX,CDMX,México,Fabricante,Media,2,Fabricante de envases de vidrio,brand
Proveedores,Botellas y tapas personalizados,TLP (tazas personalizadas),,,,México,México,México,Marca,Baja,1,"Taza personalizada económica mayoreo, 4.9★ vía ML",brand
Tecnologia,"Cargadores, porta laptop",DataComponents,https://datacomponents.com.mx/,info@datacomponents.com.mx,5558948888,México,México,México,Mayoreo,Alta,8,IMAGES AND ENTERTAINMENT / B-Robotix,research
Tecnologia,"Cargadores, porta laptop",DDTech,https://www.ddtech.mx/,ventas@ddtech.mx,(33) 1523-2823,Guadalajara,Jalisco,México,Ecom + tienda,Alta,9,Componentes ASUS partner,research
Tecnologia,"Cargadores, porta laptop",Digitalife,https://www.digitalife.com.mx/,ventas.internet@digitalife.com.mx,3336300660,Guadalajara,Jalisco,México,Ecom + tienda,Alta,9,API Global / ASUS,research
Tecnologia,"Cargadores, porta laptop",Fundas AirPods mayoreo,https://www.fundasmayoreo.com.mx/,,2411104310,Apizaco,Tlaxcala,México,Línea producto,Alta,5,Catálogo Fundas Mayoreo,research
Tecnologia,"Cargadores, porta laptop",Fundas Mayoreo MX,https://www.fundasmayoreo.com.mx/,,2411104310,Apizaco,Tlaxcala,México,Mayoreo fundas,Alta,6,Josefa Ortiz 500 2do piso Centro,research
Tecnologia,"Cargadores, porta laptop",Hikvision / Dahua canal MCA,https://www.mcachis.com.mx/,,9616132242,Tuxtla Gutiérrez,Chiapas,México,CCTV,Alta,5,Adyacente tech,research
Tecnologia,"Cargadores, porta laptop",Impresoras Lexmark Epson Brother canal,https://www.mcachis.com.mx/,,9616132242,Tuxtla Gutiérrez,Chiapas,México,Consumibles,Alta,5,Adyacente,research
Tecnologia,"Cargadores, porta laptop",Koblenz / APC / Tripp Lite energía,https://www.mcachis.com.mx/,clientes@mcachis.com.mx,9616132242,Tuxtla Gutiérrez,Chiapas,México,Energía,Alta,8,Reguladores y UPS,research
Tecnologia,"Cargadores, porta laptop",Mayoreo celular Eje Central,https://unicell.com.mx/,,5563681724,CDMX,CDMX,México,Cluster,Alta,5,Unicell y vecinos,research
Tecnologia,"Cargadores, porta laptop",Mayoreo celular MTY centro,https://mocadistribuidora.com/,,813882554,Monterrey,NL,México,Cluster,Alta,5,Juárez 745,research
Tecnologia,"Cargadores, porta laptop",MCA Chiapas,https://www.mcachis.com.mx/,clientes@mcachis.com.mx,9616132242,Tuxtla Gutiérrez,Chiapas,México,Mayoreo cómputo,Alta,9,Belisario Domínguez 2007 Penipak desde 1997,research
Tecnologia,"Cargadores, porta laptop",Micas / screen protectors mayoreo,https://unicell.com.mx/,,5563681724,CDMX,CDMX,México,Línea producto,Alta,5,Unicell,research
Tecnologia,"Cargadores, porta laptop",MiPC Comunicaciones,https://www.mipc.com.mx/,ricardo.reynoso@mipc.com.mx,(33) 4770-3209,Guadalajara,Jalisco,México,Distribuidor,Alta,9,ASUS Pacífico,research
Tecnologia,"Cargadores, porta laptop",MOCA Distribuidora,https://mocadistribuidora.com/,mocadistribuidora21@gmail.com,813882554,Monterrey,NL,México,Mayoreo accesorios,Alta,9,"Av. Juárez 745 Centro, +7 años, 5000+ SKU",research
Tecnologia,"Cargadores, porta laptop",MOCA sucursal GDL Piso 3,,mocadistribuidora21@gmail.com,8112558769,Guadalajara,Jalisco,México,Sucursal mayoreo,Alta,7,16 de Septiembre 151 — 3328462843 Alondra,research
Tecnologia,"Cargadores, porta laptop",OCURRE PCH recolecta,https://shop.pchconnect.com/,hola@pchconnect.com,(33) 1368-4390,México,México,México,Logística,Alta,7,Recoge en sucursal,research
Tecnologia,"Cargadores, porta laptop",PCH Connect / Shop PCH,https://shop.pchconnect.com/,hola@pchconnect.com,(33) 1368-4390,CDMX,CDMX,México,Mayoreo tech,Alta,9,Iztaccíhuatl 322 — suc. CDMX/GDL/Mérida/Puebla,research
Tecnologia,"Cargadores, porta laptop",PCH sucursal Guadalajara,https://shop.pchconnect.com/,hola@pchconnect.com,(33) 1368-4390,Guadalajara,Jalisco,México,Sucursal,Alta,8,Occidente,research
Tecnologia,"Cargadores, porta laptop",PCH sucursal Mérida,https://shop.pchconnect.com/,hola@pchconnect.com,(33) 1368-4390,Mérida,Yucatán,México,Sucursal,Alta,8,Sureste,research
Tecnologia,"Cargadores, porta laptop",PCH sucursal Puebla,https://shop.pchconnect.com/,hola@pchconnect.com,(33) 1368-4390,Puebla,Puebla,México,Sucursal,Alta,8,Centro,research
Tecnologia,"Cargadores, porta laptop",Refacciones display / batería,https://mocadistribuidora.com/,,813882554,Monterrey,NL,México,Refacciones,Alta,5,MOCA / Fixoem,research
Tecnologia,"Cargadores, porta laptop",Soportes / car mounts mayoreo,https://www.fundasmayoreo.com.mx/,,2411104310,Apizaco,Tlaxcala,México,Línea producto,Alta,5,Fundas Mayoreo,research
Tecnologia,"Cargadores, porta laptop",Unicell México,https://unicell.com.mx/,,5563681724,CDMX,CDMX,México,Mayoreo fundas,Alta,6,"+15 años, Eje Central 76 Local 3",research
Tecnologia,"Cargadores, porta laptop",Ventronic,https://www.ventronic.mx/,online@ventronic.com.mx,3329620635,Guadalajara,Jalisco,México,Ecom,Alta,9,Componentes,research
Tecnologia,"Cargadores, porta laptop",Amazon MX accesorios sellers,https://www.amazon.com.mx/,,,México,México,México,Marketplace,Media,2,Sellers MX,research
Tecnologia,"Cargadores, porta laptop",Audífonos TWS mayoreo,https://coolook.mx/,,,México,México,México,Línea producto,Media,2,Coolook / ELE-GATE,research
Tecnologia,"Cargadores, porta laptop","Cargadores, porta laptop (ejemplo original)",https://doto.com.mx/,,,,,México,Ejemplo original,Media,2,Seed del cliente,ejemplo_cliente
Tecnologia,"Cargadores, porta laptop",Celulandia,https://celulandia.com.mx/mayoreo/,,,México,México,México,Mayoreo / open box,Media,3,+6 equipos precio mayoreo,research
Tecnologia,"Cargadores, porta laptop",Celular Express / Celex,https://www.celex.com/,,,México,México,México,Mayoreo + Telcel,Media,3,"+25 mil productos, fundas y accesorios",research
Tecnologia,"Cargadores, porta laptop",Centro celular Tepito,,,,CDMX,CDMX,México,Mayoreo popular,Media,2,Fundas y cables,research
Tecnologia,"Cargadores, porta laptop",Chapur,https://www.chapur.com.mx/,,,Mérida,Yucatán,México,Departamental sureste,Media,3,Tech + hogar,brand
Tecnologia,"Cargadores, porta laptop",Compumex,https://www.compumex.mx/,,,México,México,México,Cadena,Media,2,Cómputo,research
Tecnologia,"Cargadores, porta laptop",Compusoluciones,https://www.compusoluciones.com/,,,Guadalajara,Jalisco,México,Integrador,Media,3,B2B,research
Tecnologia,"Cargadores, porta laptop",Comunitel,https://celularesmayoreocomunitel.com/,,,Guadalajara,Jalisco,México,Mayoreo celulares,Media,4,"Samsung, Moto, Xiaomi, Huawei, Apple",research
Tecnologia,"Cargadores, porta laptop",Comunitel sucursal matriz GDL,https://celularesmayoreocomunitel.com/,,,Guadalajara,Jalisco,México,Matriz,Media,3,Centro GDL + 2 suc,research
Tecnologia,"Cargadores, porta laptop",Coolook,https://coolook.mx/,,,México,México,México,Mayoreo accesorios,Media,3,"Mínimo $2,000 — Litio, Novoline, Tauro, Kingston",research
Tecnologia,"Cargadores, porta laptop",Coppel celulares/acc,https://www.coppel.com/,,,México,México,México,Retail crédito,Media,2,Volumen,brand
Tecnologia,"Cargadores, porta laptop",CVA México,https://www.cva.com.mx/,,,México,México,México,Distribuidor mayorista,Media,3,Cómputo,research
Tecnologia,"Cargadores, porta laptop",Cyberpuerta,https://www.cyberpuerta.mx/,,,México,México,México,Ecom componentes,Media,3,PC y accesorios,research
Tecnologia,"Cargadores, porta laptop",Doto,https://doto.com.mx/,,,México,México,México,Ejemplo original,Media,2,Ejemplo del cliente — cargadores y porta laptop,ejemplo_cliente
Tecnologia,"Cargadores, porta laptop",ELE-GATE,https://www.ele-gate.com/,,,México,México,México,Mayoreo B2B,Media,3,"ELEGATE SA DE CV desde 2012, dropshipping 32 estados",research
Tecnologia,"Cargadores, porta laptop",Elektra celulares,https://www.elektra.mx/,,,México,México,México,Retail crédito,Media,2,Volumen,brand
Tecnologia,"Cargadores, porta laptop",Exel del Norte,,,,Monterrey,NL,México,Distribuidor norte,Media,2,Cómputo,research
Tecnologia,"Cargadores, porta laptop",FunCases,https://funcases.mx/,,,México,México,México,D2C,Media,3,Fundas personalizadas — ejemplo adyacente,research
Tecnologia,"Cargadores, porta laptop",Gama Plus,https://gamaplus.com.mx/,,,Guadalajara,Jalisco,México,Mayoreo equipos+acc,Media,4,"Mínimo accesorios $1,500",research
Tecnologia,"Cargadores, porta laptop",Gameplanet,https://gameplanet.com/,,,CDMX,CDMX,México,Retail gamer,Media,3,Accesorios,brand
Tecnologia,"Cargadores, porta laptop",Gloma Store / Loma del Norte,https://www.glomastore.mx/,,,México,México,México,Ecom,Media,3,ASUS Golfo,research
Tecnologia,"Cargadores, porta laptop",Grupo DECME,https://www.grupodecme.com/,,,México,México,México,Ecom / ML,Media,3,Componentes,research
Tecnologia,"Cargadores, porta laptop",Happy Case,https://happycase.com.mx/,,,México,México,México,D2C,Media,3,Fundas personalizadas,research
Tecnologia,"Cargadores, porta laptop",InstaCase,https://instacase.mx/,,,CDMX,CDMX,México,D2C fundas,Media,4,"+200 modelos, CDMX/Puebla/Cuernavaca",research
Tecnologia,"Cargadores, porta laptop",Intercompras,https://www.intercompras.com/,,,México,México,México,Ecom,Media,3,Tech,research
Tecnologia,"Cargadores, porta laptop",iShop Mixup,https://www.ishopmixup.com/,,,CDMX,CDMX,México,Retail Apple/acc,Media,3,Cadena nacional,brand
Tecnologia,"Cargadores, porta laptop",Kingston / Adata / Sandisk canal,https://coolook.mx/,,,México,México,México,Storage,Media,2,Vía Coolook y mayoristas,research
Tecnologia,"Cargadores, porta laptop",La Casa de las Carcasas,https://lacasadelascarcasas.com.mx/,,,México,México,México,Retail fundas,Media,2,"Personalización, envíos MX",research
Tecnologia,"Cargadores, porta laptop",Litio / Novoline / Tauro,https://coolook.mx/,,,México,México,México,Marcas accesorios,Media,3,Asociados Coolook,research
Tecnologia,"Cargadores, porta laptop",Liverpool tech,https://www.liverpool.com.mx/,,,CDMX,CDMX,México,Departamental,Media,3,Accesorios,brand
Tecnologia,"Cargadores, porta laptop",Lumen,https://www.lumen.com.mx/,,,México,México,México,Cadena papelería/tech,Media,2,Sucursales,brand
Tecnologia,"Cargadores, porta laptop",Mayoreo celular GDL centro,,,3328462843,Guadalajara,Jalisco,México,Cluster,Media,3,16 de Septiembre / Juárez,research
Tecnologia,"Cargadores, porta laptop",Mercado Libre accesorios,https://listado.mercadolibre.com.mx/cargadores-celular,,,México,México,México,Marketplace,Media,2,Official stores,research
Tecnologia,"Cargadores, porta laptop",Misceláneas canal ELE-GATE,https://www.ele-gate.com/,,,México,México,México,Canal retail chico,Media,2,Papelerías y accesorios,research
Tecnologia,"Cargadores, porta laptop",Mixup música + acc,https://www.ishopmixup.com/,,,CDMX,CDMX,México,Retail,Media,3,iShop grupo,brand
Tecnologia,"Cargadores, porta laptop",Office Depot tech,https://www.officedepot.com.mx/,,,México,México,México,Retail oficina,Media,2,"Cables, mochilas, cargadores",brand
Tecnologia,"Cargadores, porta laptop",Ofix,https://www.ofix.com.mx/,,,México,México,México,Oficina + tech,Media,2,Sucursales,research
Tecnologia,"Cargadores, porta laptop",Palacio tech,https://www.elpalaciodehierro.com/,,,CDMX,CDMX,México,Departamental,Media,3,Premium acc,brand
Tecnologia,"Cargadores, porta laptop",PCEL / PC en Línea,https://pcel.com/,,,Monterrey,NL,México,Ecom + tienda,Media,4,"Componentes, tienda física MTY",research
Tecnologia,"Cargadores, porta laptop",PCH Mayoreo,https://www.pchmayoreo.com/,,,México,México,México,Mayoreo,Media,3,Distribución tecnología,research
Tecnologia,"Cargadores, porta laptop",Plaza de la Tecnología CDMX,,,,CDMX,CDMX,México,Cluster mayoreo,Media,2,Centro — accesorios celular,research
Tecnologia,"Cargadores, porta laptop",Samsonite tech / porta laptop,https://samsonite.com.mx/,,,México,México,México,Marca maletas,Media,3,Línea business,brand
Tecnologia,"Cargadores, porta laptop",Samsung Business distribuidores,https://www.samsung.com/mx/business/contact-us/,,,México,México,México,Canal Samsung,Media,2,Precio fábrica,brand
Tecnologia,"Cargadores, porta laptop",Samsung Experience Store acc,https://www.samsung.com/mx/,,,México,México,México,Marca,Media,3,Distribuidores,brand
Tecnologia,"Cargadores, porta laptop",Sanborns electrónica,https://www.sanborns.com.mx/,,,CDMX,CDMX,México,Retail,Media,3,Cables y accesorios,brand
Tecnologia,"Cargadores, porta laptop",Steren,https://www.steren.com.mx/,,,CDMX,CDMX,México,Cadena electrónica,Media,3,"Cables, cargadores, accesorios",brand
Tecnologia,"Cargadores, porta laptop",TARLA,https://tarla.com.mx/,,,México,México,México,D2C,Media,3,Fundas piel + joyería,research
Tecnologia,"Cargadores, porta laptop",Telcel distribuidores accesorios,https://www.telcel.com/,,,México,México,México,Canal Telcel,Media,2,Equipos + acc,brand
Tecnologia,"Cargadores, porta laptop",Todo para Smartphones,,,,Monterrey,NL,México,Mayoreo accesorios,Media,2,Inventario online,research
Tecnologia,"Cargadores, porta laptop",Valta mayoreo celulares,https://www.valta.com.mx/,,,CDMX,CDMX,México,Mayoreo equipos,Media,4,Envío gratis >$20k,research
Tecnologia,"Cargadores, porta laptop",Vendedores ML/Amazon vía ELE-GATE,https://www.ele-gate.com/,,,México,México,México,Canal marketplace,Media,2,Abasto 32 estados,research
Tecnologia,"Cargadores, porta laptop",Walmart accesorios,https://www.walmart.com.mx/,,,México,México,México,Retail,Media,2,Onn / marcas,brand
Tecnologia,"Cargadores, porta laptop",Zegucom,https://www.zegucom.com.mx/,,,Guadalajara,Jalisco,México,Ecom GDL,Media,4,Componentes,research
Tecnologia,"Cargadores, porta laptop",Anker México,,,,México,México,México,Marca accesorios,Baja,1,Power banks / GaN,brand
Tecnologia,"Cargadores, porta laptop",Apple accesorios autorizados,,,,México,México,México,Marca,Baja,1,iShop / MacStore,brand
Tecnologia,"Cargadores, porta laptop",Baseus México,,,,México,México,México,Marca accesorios,Baja,1,Cables y cargadores,brand
Tecnologia,"Cargadores, porta laptop",Belkin México,,,,México,México,México,Marca accesorios,Baja,1,Cargadores y hubs,brand
Tecnologia,"Cargadores, porta laptop",Best Buy MX legado online,,,,México,México,México,Ecom legado,Baja,1,Cerrado físico,brand
Tecnologia,"Cargadores, porta laptop",Cables USB-C mayoreo,,,,CDMX,CDMX,México,Línea producto,Baja,1,Plaza Tecnología,research
Tecnologia,"Cargadores, porta laptop",Cargadores auto mayoreo,,,,CDMX,CDMX,México,Línea producto,Baja,1,Accesorios auto+cel,research
Tecnologia,"Cargadores, porta laptop",Cargadores GaN mayoreo,,,,CDMX,CDMX,México,Línea producto,Baja,1,Unicell / ELE-GATE,research
Tecnologia,"Cargadores, porta laptop",Case Logic México,,,,México,México,México,Marca maletines,Baja,1,Porta laptop,brand
Tecnologia,"Cargadores, porta laptop",CT Internacional,,,,México,México,México,Distribuidor,Baja,1,Channel,research
Tecnologia,"Cargadores, porta laptop",Dimercom,,,,Puebla,Puebla,México,Tienda regional,Baja,1,Componentes Puebla,research
Tecnologia,"Cargadores, porta laptop",Dimovil,,,,México,México,México,Mayoreo accesorios,Baja,1,Proveedor listado Tiendanube,research
Tecnologia,"Cargadores, porta laptop",Fixoem,,,,Monterrey,NL,México,Refacciones,Baja,1,"Suc. MTY, Puebla, Tijuana",research
Tecnologia,"Cargadores, porta laptop",Grupo Dice,,,,México,México,México,Distribuidor,Baja,1,Channel,research
Tecnologia,"Cargadores, porta laptop",High Pro,,,,México,México,México,Ecom gamer,Baja,1,Componentes,research
Tecnologia,"Cargadores, porta laptop",Huawei / Honor accesorios MX,,,,México,México,México,Marca,Baja,1,Retail,brand
Tecnologia,"Cargadores, porta laptop",Hubs USB-C / docks mayoreo,,,,México,México,México,Línea producto,Baja,,Ugreen / Belkin,research
Tecnologia,"Cargadores, porta laptop",Human Computer,,,,México,México,México,Ecom,Baja,1,Componentes,research
Tecnologia,"Cargadores, porta laptop",Ingram Micro México,,,,México,México,México,Distribuidor mayorista,Baja,1,Enterprise/channel,brand
Tecnologia,"Cargadores, porta laptop",Intcomex México,,,,México,México,México,Distribuidor mayorista,Baja,1,Channel,brand
Tecnologia,"Cargadores, porta laptop",Logitech México,,,,México,México,México,Marca períferos,Baja,1,Mice / teclados,brand
Tecnologia,"Cargadores, porta laptop",MacStore,,,,CDMX,CDMX,México,Retail Apple,Baja,1,Autorizado,brand
Tecnologia,"Cargadores, porta laptop",MagSafe / magnéticos mayoreo,,,,CDMX,CDMX,México,Línea producto,Baja,1,Fundas y pads,research
Tecnologia,"Cargadores, porta laptop",Mochilas porta laptop mayoreo,,,,México,México,México,Línea producto,Baja,,Targus / Case Logic / Doto,research
Tecnologia,"Cargadores, porta laptop",Motorola accesorios MX,,,,México,México,México,Marca,Baja,1,Retail,brand
Tecnologia,"Cargadores, porta laptop",OfficeMax MX,,,,México,México,México,Retail oficina,Baja,,Accesorios,brand
Tecnologia,"Cargadores, porta laptop",OtterBox México,,,,México,México,México,Marca fundas,Baja,1,Rugged,brand
Tecnologia,"Cargadores, porta laptop",PC México,,,,México,México,México,Ecom,Baja,1,Componentes,research
Tecnologia,"Cargadores, porta laptop",PCMR México,,,,México,México,México,Ecom gamer,Baja,1,Componentes,research
Tecnologia,"Cargadores, porta laptop",PCX,,,,México,México,México,Ecom,Baja,1,Componentes,research
Tecnologia,"Cargadores, porta laptop",Power banks mayoreo,,,,CDMX,CDMX,México,Línea producto,Baja,1,Mayoreo celular,research
Tecnologia,"Cargadores, porta laptop",Productos x mayoreo accesorios,,,,México,México,México,Mayoreo,Baja,1,Accesorios celular,research
Tecnologia,"Cargadores, porta laptop",RadioShack MX residual / sucursales,,,,México,México,México,Retail legado,Baja,,Accesorios,brand
Tecnologia,"Cargadores, porta laptop",Razer / HyperX / Corsair canal MX,,,,México,México,México,Gamer marcas,Baja,1,Retail ecom,brand
Tecnologia,"Cargadores, porta laptop",Ringke / ESR México,,,,México,México,México,Marca fundas,Baja,1,Ecom,brand
Tecnologia,"Cargadores, porta laptop",Sola Basic México,,,,México,México,México,Energía,Baja,,Reguladores,brand
Tecnologia,"Cargadores, porta laptop",Spigen México,,,,México,México,México,Marca fundas,Baja,1,Retail / ecom,brand
Tecnologia,"Cargadores, porta laptop",Swissgear MX,,,,México,México,México,Marca mochilas,Baja,1,Laptop bags,brand
Tecnologia,"Cargadores, porta laptop",Targus México,,,,México,México,México,Marca porta laptop,Baja,1,Maletines,brand
Tecnologia,"Cargadores, porta laptop",Ugreen México,,,,México,México,México,Marca accesorios,Baja,1,Hubs y cables,brand
Tecnologia,"Cargadores, porta laptop",Xiaomi / Mi Store MX,,,,México,México,México,Marca + accesorios,Baja,1,Cargadores y fundas,brand
Tecnologia,"Cargadores, porta laptop",Xiaomi authorized acc MX,,,,México,México,México,Canal Xiaomi,Baja,,Fundas y cargadores,brand
Coleccionables,Cartas/tarjetas de coleccion,Lofty TCG,https://loftytcg.com/,contacto@loftytcg.com,8124161170,San Pedro Garza García,NL,México,Tienda TCG + grading,Alta,9,R. de la Plata 203 Plaza Alejandria Piso 2,main_ecom
Coleccionables,Cartas/tarjetas de coleccion,Mexplay,https://www.mexplay.com/,,+526648664124,Tijuana,BC,México,Tienda oficial Bandai/WPN,Alta,5,Aquiles Serdan 10875 Libertad; OP Pokémon MTG YGO Digimon,main_ecom
Coleccionables,Cartas/tarjetas de coleccion,Mithrandir Store,https://www.mithrandirstore.com/,,4272265432,San Juan del Río,Querétaro,México,Tienda TCG + figuras,Alta,6,YGO Pokémon Digimon; Hacienda San Nicolás 159,main_ecom
Coleccionables,Cartas/tarjetas de coleccion,ProCards México,https://procardsmexico.com.mx/,procardsmexico@gmail.com,7444894283,Acapulco,Guerrero,México,Ecom TCG,Alta,9,Pokémon YGO OP DB Digimon Lorcana; soporte@procardsmexico.com.mx,main_ecom
Coleccionables,Cartas/tarjetas de coleccion,Akibara Xpress,https://akibaraxpress.com/,,,Monterrey,NL,México,Geek + TCG ecom,Media,4,Pokémon YGO Digimon DB; envíos nacionales,main_ecom
Coleccionables,Cartas/tarjetas de coleccion,Andy Cards,,,,CDMX,CDMX,México,Tienda TCG,Media,2,Eje Central 10 2do piso Local 5,digimon_auth_list
Coleccionables,Cartas/tarjetas de coleccion,Animundo,,,,Celaya,Guanajuato,México,Tienda TCG,Media,2,Morelos 133 Int 8 Centro,digimon_auth_list
Coleccionables,Cartas/tarjetas de coleccion,Battle City,,,,Coatzacoalcos,Veracruz,México,Tienda TCG,Media,2,Benito Juárez 911,digimon_auth_list
Coleccionables,Cartas/tarjetas de coleccion,Caravana Gamelab,,,,Zapopan,Jalisco,México,Tienda TCG,Media,2,Beethoven 5162 La Estancia,digimon_auth_list
Coleccionables,Cartas/tarjetas de coleccion,CardTemple,https://cardtemple.com.mx/,,,Guadalajara,Jalisco,México,Ecom singles Pokémon,Media,4,Singles competitivos; pickup Plaza del Sol,main_ecom
Coleccionables,Cartas/tarjetas de coleccion,Cartoncito Cards,https://cartoncitocards.com/,,,Monterrey,NL,México,Tienda TCG,Media,4,Pokémon YGO OP Lorcana MTG desde 2023,main_ecom
Coleccionables,Cartas/tarjetas de coleccion,Cartoncito Cards Facebook,https://www.facebook.com/CartoncitoCards,,,Monterrey,NL,México,Social + tienda,Media,3,Comunidad MTY,extra
Coleccionables,Cartas/tarjetas de coleccion,Colecciona MX,https://colecciona.mx/,,,,México,México,Ecom TCG,Media,3,Pokémon MTG OP Lorcana YGO Gundam SWU,main_ecom
Coleccionables,Cartas/tarjetas de coleccion,Collector's Realm,,,,CDMX,CDMX,México,Tienda TCG,Media,2,Comunidad MTG/Pokémon CDMX,cdmx_scene
Coleccionables,Cartas/tarjetas de coleccion,Conejo Blanco TCG,,,,CDMX,CDMX,México,Tienda TCG oriente,Media,2,Comunidad Pokémon grande,cdmx_scene
Coleccionables,Cartas/tarjetas de coleccion,Explosion Group wholesale,,,,Cd. Juárez,Chihuahua,México,Mayoreo TCG,Media,2,Mayoreo para tiendas/negocios,online
Coleccionables,Cartas/tarjetas de coleccion,Explosion Shops,https://explosionshops.com.mx/,,,Cd. Juárez,Chihuahua,México,Retail + mayoreo TCG,Media,4,Distribuidor autorizado Pokémon; Av de los Aztecas 8020,main_ecom
Coleccionables,Cartas/tarjetas de coleccion,Freak Corp,https://freakcorp.com/,,,,México,México,Coleccionismo + TCG,Media,2,OP MTG Lorcana línea,extra
Coleccionables,Cartas/tarjetas de coleccion,Hidralistico,https://hidralistico.com.mx/,,,Guadalajara,Jalisco,México,Tienda grande + mayoreo,Media,4,Desde 2007; catálogo singles grande; Rio Nilo 7906,main_ecom
Coleccionables,Cartas/tarjetas de coleccion,Hidralistico línea mayoreo,,,,Guadalajara,Jalisco,México,Mayoreo coleccionables,Media,2,Canal B2B Hidralistico,gdl_scene
Coleccionables,Cartas/tarjetas de coleccion,Kolecta Card,,,,Monterrey,NL,México,Tienda TCG,Media,2,Rangel Frias 231A Cumbres 2do sector,digimon_auth_list
Coleccionables,Cartas/tarjetas de coleccion,La Caravana Gamelab GDL,,,,Guadalajara,Jalisco,México,Tienda TCG,Media,2,Área GDL,gdl_scene
Coleccionables,Cartas/tarjetas de coleccion,MasterForce TCG,https://masterforcemx.com/,,,CDMX,CDMX,México,Tienda TCG + torneos,Media,4,Pokémon YGO One Piece Magic; Av Universidad 790 local 11,main_ecom
Coleccionables,Cartas/tarjetas de coleccion,Meta TCG,https://metatcg.com/,,,,México,México,Buy/sell/trade,Media,2,Pokémon MTG YGO bulk,main_ecom
Coleccionables,Cartas/tarjetas de coleccion,Millenium TCG,,,,Tijuana,BC,México,Tienda TCG,Media,2,Calle 2da Benito Juarez 7971 Plaza Tecnologia L-135,digimon_auth_list
Coleccionables,Cartas/tarjetas de coleccion,MTGMexico,https://www.mtgmexico.com/,,,,México,México,Ecom multi-TCG,Media,3,MTG Pokémon YGO OP Lorcana singles,main_ecom
Coleccionables,Cartas/tarjetas de coleccion,MTGWolf,https://mtgwolf.com/,,,CDMX,CDMX,México,Ecom/singles MTG,Media,4,Latin CardKingdom style; 2 locales,main_ecom
Coleccionables,Cartas/tarjetas de coleccion,Palitroche Store,https://palitrochestore.com.mx/,,,CDMX,CDMX,México,Figuras + TCG torneos,Media,3,Pokémon OP Lorcana Gundam Riftbound DB,main_ecom
Coleccionables,Cartas/tarjetas de coleccion,PokeCards MX,https://pokecards.com.mx/,,,,México,México,Ecom Pokémon,Media,3,Singles y sellado con garantía autenticidad,main_ecom
Coleccionables,Cartas/tarjetas de coleccion,Sheer Cold Shop,,,,Monterrey,NL,México,Tienda TCG,Media,2,Plaza de la Tecnologia,mty_scene
Coleccionables,Cartas/tarjetas de coleccion,TCG Empire,https://www.tcgempire.com.mx/,,,Zapopan,Jalisco,México,Cadena TCG GDL/CDMX,Media,3,Av Moctezuma 6484 Hacienda del Tepeyac,main_ecom
Coleccionables,Cartas/tarjetas de coleccion,TCG Pulse,https://tcg-pulse.com/,,,,México,México,Ecom TCG,Media,3,YGO Magic Pokémon envíos MX,main_ecom
Coleccionables,Cartas/tarjetas de coleccion,TCGFever,https://tcgfever.com/,,,,México,México,Marketplace TCG,Media,2,Compra/venta Pokémon MTG YGO OP,main_ecom
Coleccionables,Cartas/tarjetas de coleccion,The Hidden City,,,,Tijuana,BC,México,Tienda TCG,Media,2,3era Carrillo Puerto 8012 Zona Centro,digimon_auth_list
Coleccionables,Cartas/tarjetas de coleccion,TheXGStore,,,,Mérida,Yucatán,México,Tienda TCG,Media,2,Calle 6 #325 x19 y 23 Jardines Vista Alegre II,digimon_auth_list
Coleccionables,Cartas/tarjetas de coleccion,Tienda Panini,https://tiendapanini.com.mx/,,,México,México,México,Ejemplo original / editorial,Media,2,Álbumes y cartas Panini - ejemplo del cliente,ejemplo
Coleccionables,Cartas/tarjetas de coleccion,XCARDS / Beyond the Game,https://xcards.mx/,,,CDMX,CDMX,México,Multi-TCG,Media,3,Pokémon MTG OP Lorcana,main_ecom
Coleccionables,Cartas/tarjetas de coleccion,Aguascalientes TCG shop B,,,,Aguascalientes,Ags,México,Tienda regional,Baja,,Bajío,second_cities
Coleccionables,Cartas/tarjetas de coleccion,Akiba Center MTY,,,,Monterrey,NL,México,Centro geek,Baja,1,TCG y cultura pop,mty_scene
Coleccionables,Cartas/tarjetas de coleccion,Amazon MX TCG sellers multi,,,,México,México,México,Marketplace multi,Baja,,Sellado y singles,acc_market
Coleccionables,Cartas/tarjetas de coleccion,Apodaca TCG shop,,,,Apodaca,NL,México,Tienda regional,Baja,1,ZMM,second_cities
Coleccionables,Cartas/tarjetas de coleccion,Asmodee México,,,,México,México,México,Distribuidor juegos,Baja,1,Board games + TCG adyacente,publishers
Coleccionables,Cartas/tarjetas de coleccion,Bandai authorized stores MX multi,,,,México,México,México,Tiendas autorizadas Bandai,Baja,,OP Digimon events,events
Coleccionables,Cartas/tarjetas de coleccion,Bandai Namco TCG MX,,,,México,México,México,Publisher Bandai,Baja,,One Piece Digimon Gundam,publishers
Coleccionables,Cartas/tarjetas de coleccion,Battle Spirits shops MX multi,,,,México,México,México,TCG,Baja,,Battle Spirits,adjacent_tcg
Coleccionables,Cartas/tarjetas de coleccion,BCW supplies MX,,,,México,México,México,Accesorios,Baja,,Storage grading prep,acc_market
Coleccionables,Cartas/tarjetas de coleccion,Bushiroad Weiss/Vanguard MX,,,,México,México,México,Publisher,Baja,,Weiss Schwarz Vanguard,publishers
Coleccionables,Cartas/tarjetas de coleccion,Campeche TCG shop B,,,,Campeche,Campeche,México,Tienda regional,Baja,,Sureste,second_cities
Coleccionables,Cartas/tarjetas de coleccion,Cancún TCG shop B,,,,Cancún,QRoo,México,Tienda regional,Baja,,Turismo,second_cities
Coleccionables,Cartas/tarjetas de coleccion,Capitan Peo,,,,México,México,México,Tienda TCG,Baja,1,Lista Digimon authorized MX,digimon_auth_list
Coleccionables,Cartas/tarjetas de coleccion,Cardfight Vanguard shops MX multi,,,,México,México,México,TCG,Baja,,Vanguard,adjacent_tcg
Coleccionables,Cartas/tarjetas de coleccion,Cd. Juárez TCG besides Explosion,,,,Cd. Juárez,Chihuahua,México,Tienda regional,Baja,1,Frontera,second_cities
Coleccionables,Cartas/tarjetas de coleccion,Celaya Animundo complement,,,,Celaya,Guanajuato,México,Tienda regional,Baja,1,Ya Digimon list,second_cities
Coleccionables,Cartas/tarjetas de coleccion,CFC Games,,,,Monterrey,NL,México,Tienda física Plaza Garibaldi,Baja,1,Locales 337-338 Jose Garibaldi 437,digimon_auth_list
Coleccionables,Cartas/tarjetas de coleccion,CGC grading MX multi,,,,México,México,México,Servicio grading,Baja,,Cartas,acc_market
Coleccionables,Cartas/tarjetas de coleccion,Chetumal TCG shop,,,,Chetumal,QRoo,México,Tienda regional,Baja,1,Frontera sur,second_cities
Coleccionables,Cartas/tarjetas de coleccion,Chihuahua capital TCG shop B,,,,Chihuahua,Chihuahua,México,Tienda regional,Baja,,Norte,second_cities
Coleccionables,Cartas/tarjetas de coleccion,CIB Blanquita TCG hub,,,,CDMX,CDMX,México,Hub eventos TCG,Baja,1,Zona Bellas Artes,cdmx_scene
Coleccionables,Cartas/tarjetas de coleccion,Coatzacoalcos Battle City complement,,,,Coatzacoalcos,Veracruz,México,Tienda regional,Baja,1,Ya en lista Digimon,second_cities
Coleccionables,Cartas/tarjetas de coleccion,Colima TCG shop B,,,,Colima,Colima,México,Tienda regional,Baja,,Pacífico,second_cities
Coleccionables,Cartas/tarjetas de coleccion,Cuernavaca TCG shop B,,,,Cuernavaca,Morelos,México,Tienda regional,Baja,,Centro,second_cities
Coleccionables,Cartas/tarjetas de coleccion,Culiacán TCG shop B,,,,Culiacán,Sinaloa,México,Tienda regional,Baja,,Pacífico,second_cities
Coleccionables,Cartas/tarjetas de coleccion,D6GeekStore,,,,México,México,México,Tienda geek/TCG,Baja,,Pedro Rosales de Leon 6326,digimon_auth_list
Coleccionables,Cartas/tarjetas de coleccion,Dark Knight Hobbies,,,,CDMX,CDMX,México,Tienda hobbies/TCG,Baja,1,Eje Central #10 1er piso local 3-C,digimon_auth_list
Coleccionables,Cartas/tarjetas de coleccion,Devir México,,,,México,México,México,Distribuidor juegos mesa,Baja,1,Board games,publishers
Coleccionables,Cartas/tarjetas de coleccion,Dopamina Geek,,,,Monterrey,NL,México,Tienda geek/TCG,Baja,1,Plaza Fiesta San Agustín; Magic+Pokémon,mty_scene
Coleccionables,Cartas/tarjetas de coleccion,Dragon Ball Super / Fusion World shops multi,,,,México,México,México,TCG anime,Baja,,DBS,adjacent_tcg
Coleccionables,Cartas/tarjetas de coleccion,Dragon Shield MX sellers,,,,México,México,México,Accesorios,Baja,,Sleeves,acc_market
Coleccionables,Cartas/tarjetas de coleccion,Draner TCG Store,,,,CDMX,CDMX,México,Tienda física TCG,Baja,1,Eje Central #10 2do piso Local 3 Centro,digimon_auth_list
Coleccionables,Cartas/tarjetas de coleccion,Durango TCG shop B,,,,Durango,Durango,México,Tienda regional,Baja,,Norte,second_cities
Coleccionables,Cartas/tarjetas de coleccion,Ecatepec TCG shop,,,,Ecatepec,EdoMex,México,Tienda regional,Baja,1,ZMVM,second_cities
Coleccionables,Cartas/tarjetas de coleccion,Eje Central 10 multi-locales TCG,,,,CDMX,CDMX,México,Edificio multi-tiendas,Baja,,Draner Andy Dark Knight etc,cdmx_scene
Coleccionables,Cartas/tarjetas de coleccion,El Bazaar TCG,,,,México,México,México,Tienda TCG,Baja,1,Lista Digimon authorized MX,digimon_auth_list
Coleccionables,Cartas/tarjetas de coleccion,El Calabozo del Androide,,,,Guadalajara,Jalisco,México,Tienda geek/TCG,Baja,1,Lopez Cotilla 373 Local 260,digimon_auth_list
Coleccionables,Cartas/tarjetas de coleccion,Ensenada TCG shop,,,,Ensenada,BC,México,Tienda regional,Baja,1,BC costa,second_cities
Coleccionables,Cartas/tarjetas de coleccion,Evolution Coapa / Centro Poke Coapa,,,,CDMX,CDMX,México,Tienda Pokémon,Baja,1,Coapa hub Pokémon,cdmx_scene
Coleccionables,Cartas/tarjetas de coleccion,Fantasy Flight / Asmodee SW Unlimited MX,,,,México,México,México,Publisher/distrib,Baja,,Star Wars Unlimited,publishers
Coleccionables,Cartas/tarjetas de coleccion,Flesh and Blood shops MX multi,,,,México,México,México,TCG,Baja,,FaB,adjacent_tcg
Coleccionables,Cartas/tarjetas de coleccion,Frikiplaza CDMX multi-locales TCG,,,,CDMX,CDMX,México,Plaza multi-tiendas,Baja,,Hub coleccionables,cdmx_scene
Coleccionables,Cartas/tarjetas de coleccion,Frikiplaza GDL multi-locales,,,,Guadalajara,Jalisco,México,Plaza multi-tiendas,Baja,,Hub friki GDL,gdl_scene
Coleccionables,Cartas/tarjetas de coleccion,Frikiplaza Monterrey multi-locales,,,,Monterrey,NL,México,Plaza friki,Baja,,Múltiples sellers TCG,mty_scene
Coleccionables,Cartas/tarjetas de coleccion,Gamegenic MX sellers,,,,México,México,México,Accesorios,Baja,,Deckboxes,acc_market
Coleccionables,Cartas/tarjetas de coleccion,Gamesmart,,,,CDMX,CDMX,México,WPN store,Baja,1,Insurgentes mall; MTG community,cdmx_scene
Coleccionables,Cartas/tarjetas de coleccion,Gamesmart online contact,,,,CDMX,CDMX,México,WPN físico,Baja,1,Insurgentes,extra
Coleccionables,Cartas/tarjetas de coleccion,GAMEX eventos gaming MX,,,,México,México,México,Evento gaming,Baja,,Presencia TCG,events
Coleccionables,Cartas/tarjetas de coleccion,Goblin Depot,,,,Monterrey,NL,México,Tienda Magic focused,Baja,1,Cumbres; singles MTG top recomendada,mty_scene
Coleccionables,Cartas/tarjetas de coleccion,Grupo Facebook TCG CDMX,,,,CDMX,CDMX,México,Comunidad local,Baja,,Grupo compra/venta local TCG,community
Coleccionables,Cartas/tarjetas de coleccion,Guadalupe NL TCG shop,,,,Guadalupe,NL,México,Tienda regional,Baja,1,ZMM,second_cities
Coleccionables,Cartas/tarjetas de coleccion,Gundam Card Game shops MX multi,,,,México,México,México,TCG Bandai,Baja,,Gundam,adjacent_tcg
Coleccionables,Cartas/tarjetas de coleccion,Haru Store,,,,Monterrey,NL,México,Tienda Pokémon,Baja,1,Plaza Tecnologia; singles Pokémon,mty_scene
Coleccionables,Cartas/tarjetas de coleccion,Hermosillo TCG shop B,,,,Hermosillo,Sonora,México,Tienda regional,Baja,,Noroeste,second_cities
Coleccionables,Cartas/tarjetas de coleccion,Hobby Quest,,,,Monterrey,NL,México,Tienda grande multi-TCG,Baja,1,Av Francisco I Madero 302 A esq Galeana Centro,digimon_auth_list
Coleccionables,Cartas/tarjetas de coleccion,Hobby shop / Frikiplaza TCG hub CDMX,,,,CDMX,CDMX,México,Hub regional friki/TCG,Baja,,Punto de entrada para mapear tiendas TCG locales,hubs
Coleccionables,Cartas/tarjetas de coleccion,Hololive OCG shops MX multi,,,,México,México,México,TCG,Baja,,Hololive,adjacent_tcg
Coleccionables,Cartas/tarjetas de coleccion,Iberian CardShow / card shows MX multi,,,,México,México,México,Evento cards,Baja,,Card shows,events
Coleccionables,Cartas/tarjetas de coleccion,Intergames,,,,México,México,México,Tienda TCG,Baja,1,Diego Ruiz 12 col Emiliano Zapata,digimon_auth_list
Coleccionables,Cartas/tarjetas de coleccion,Irapuato TCG shop,,,,Irapuato,Guanajuato,México,Tienda regional,Baja,1,Bajío,second_cities
Coleccionables,Cartas/tarjetas de coleccion,Kanto Cards,,,,Monterrey,NL,México,Tienda Pokémon top,Baja,1,Zona Tec; sellado y torneos,mty_scene
Coleccionables,Cartas/tarjetas de coleccion,Kingstore,,,,Monterrey,NL,México,Tienda multi-TCG,Baja,1,Magic fuerte + Pokémon YGO Flesh and Blood,mty_scene
Coleccionables,Cartas/tarjetas de coleccion,Kitsune Cards TCG & More,,,,México,México,México,Tienda TCG,Baja,1,Padre Larios 326,digimon_auth_list
Coleccionables,Cartas/tarjetas de coleccion,Konami Yu-Gi-Oh canal MX,,,,México,México,México,Publisher YGO,Baja,,OTS stores,publishers
Coleccionables,Cartas/tarjetas de coleccion,La Mole convención multi-vendors TCG,,,,CDMX,CDMX,México,Evento/convención,Baja,,Vendors TCG masivos,events
Coleccionables,Cartas/tarjetas de coleccion,La Paz TCG shop B,,,,La Paz,BCS,México,Tienda regional,Baja,,BCS,second_cities
Coleccionables,Cartas/tarjetas de coleccion,León TCG shop B,,,,León,Guanajuato,México,Tienda regional,Baja,,Bajío,second_cities
Coleccionables,Cartas/tarjetas de coleccion,Liga MX cards shops multi,,,,México,México,México,Sports cards,Baja,,Fútbol MX,adjacent_tcg
Coleccionables,Cartas/tarjetas de coleccion,Los Cabos TCG shop,,,,Los Cabos,BCS,México,Tienda regional,Baja,1,Turismo BCS,second_cities
Coleccionables,Cartas/tarjetas de coleccion,Magic tienda Corina Del Carmen,,,,CDMX,CDMX,México,Tienda coleccionables,Baja,1,Corina 15 Col Del Carmen,cdmx_scene
Coleccionables,Cartas/tarjetas de coleccion,Makina Cards,,,,Monterrey,NL,México,Singles TCG,Baja,1,Garibaldi 437 Local 303 3er piso,digimon_auth_list
Coleccionables,Cartas/tarjetas de coleccion,Matamoros TCG shop,,,,Matamoros,Tamaulipas,México,Tienda regional,Baja,1,Frontera,second_cities
Coleccionables,Cartas/tarjetas de coleccion,Mazatlán TCG shop,,,,Mazatlán,Sinaloa,México,Tienda regional,Baja,1,Pacífico,second_cities
Coleccionables,Cartas/tarjetas de coleccion,Mercado Libre TCG sellers pro multi,,,,México,México,México,Marketplace multi,Baja,,Miles de sellers,acc_market
Coleccionables,Cartas/tarjetas de coleccion,Mexicali TCG shop,,,,Mexicali,BC,México,Tienda regional,Baja,1,BC norte,second_cities
Coleccionables,Cartas/tarjetas de coleccion,Mitos y Leyendas sellers MX multi,,,,México,México,México,TCG LATAM,Baja,,MyL,adjacent_tcg
Coleccionables,Cartas/tarjetas de coleccion,Mono Rojo,,,,Monterrey,NL,México,Tienda MTG eventos,Baja,1,Draft y ligas Standard,mty_scene
Coleccionables,Cartas/tarjetas de coleccion,Morelia TCG shop B,,,,Morelia,Michoacán,México,Tienda regional,Baja,,Occidente,second_cities
Coleccionables,Cartas/tarjetas de coleccion,Mundo Toon,,,,México,México,México,Tienda TCG,Baja,1,Calle Zaragoza 470,digimon_auth_list
Coleccionables,Cartas/tarjetas de coleccion,Mérida TCG shop B,,,,Mérida,Yucatán,México,Tienda regional,Baja,,Sureste,second_cities
Coleccionables,Cartas/tarjetas de coleccion,Nashop MX Facebook,,,,CDMX,CDMX,México,Social commerce,Baja,1,Sábados Blanquita,extra
Coleccionables,Cartas/tarjetas de coleccion,Nashop MX Teatro Blanquita,,,,CDMX,CDMX,México,Compra/venta sábado,Baja,1,Teatro Blanquita Eje Central 10-16h,cdmx_scene
Coleccionables,Cartas/tarjetas de coleccion,Naucalpan TCG shop,,,,Naucalpan,EdoMex,México,Tienda regional,Baja,1,ZMVM,second_cities
Coleccionables,Cartas/tarjetas de coleccion,Nezahualcóyotl TCG shop,,,,Nezahualcóyotl,EdoMex,México,Tienda regional,Baja,1,ZMVM,second_cities
Coleccionables,Cartas/tarjetas de coleccion,Nuevo Laredo TCG shop,,,,Nuevo Laredo,Tamaulipas,México,Tienda regional,Baja,1,Frontera,second_cities
Coleccionables,Cartas/tarjetas de coleccion,Oaxaca TCG shop B,,,,Oaxaca,Oaxaca,México,Tienda regional,Baja,,Sur,second_cities
Coleccionables,Cartas/tarjetas de coleccion,Organizador torneos locales CDMX,,,,CDMX,CDMX,México,Organizador,Baja,,Ligas locales Pokémon/MTG/YGO,community
Coleccionables,Cartas/tarjetas de coleccion,Pachuca TCG shop B,,,,Pachuca,Hidalgo,México,Tienda regional,Baja,,Centro,second_cities
Coleccionables,Cartas/tarjetas de coleccion,Photon Store,,,,México,México,México,Tienda TCG,Baja,1,Avenida Juarez 1217 Local-C,digimon_auth_list
Coleccionables,Cartas/tarjetas de coleccion,Play Center Plaza del Sol GDL,,,,Guadalajara,Jalisco,México,Hub TCG,Baja,1,CardTemple pickup point,gdl_scene
Coleccionables,Cartas/tarjetas de coleccion,Play! Pokémon organizers MX multi,,,,México,México,México,Organizador torneos,Baja,,Red tiendas autorizadas,events
Coleccionables,Cartas/tarjetas de coleccion,Playa del Carmen TCG shop,,,,Playa del Carmen,QRoo,México,Tienda regional,Baja,1,Riviera Maya,second_cities
Coleccionables,Cartas/tarjetas de coleccion,Plaza de la Tecnologia CDMX multi TCG,,,,CDMX,CDMX,México,Plaza multi-tiendas,Baja,,Centro/varios,cdmx_scene
Coleccionables,Cartas/tarjetas de coleccion,Plaza de la Tecnologia multi TCG MTY,,,,Monterrey,NL,México,Plaza multi-tiendas,Baja,,Hub TCG,mty_scene
Coleccionables,Cartas/tarjetas de coleccion,Plaza Esfera tienda cartas,,,,Monterrey,NL,México,Tienda física,Baja,1,Cartas coleccionables,mty_scene
Coleccionables,Cartas/tarjetas de coleccion,Plaza Garibaldi multi-locales TCG MTY,,,,Monterrey,NL,México,Plaza multi-tiendas,Baja,,Centro hub TCG MTY,mty_scene
Coleccionables,Cartas/tarjetas de coleccion,PokeLegends MX,,,,,México,México,Ecom Pokémon,Baja,1,Premium graded PSA special orders,online
Coleccionables,Cartas/tarjetas de coleccion,PokeLegends special orders,,,,,México,México,Ecom,Baja,1,Cartas graded y pedidos especiales,extra
Coleccionables,Cartas/tarjetas de coleccion,Pokemon MX store,,,,,México,México,Ecom Pokémon,Baja,1,Productos Pokémon online,online
Coleccionables,Cartas/tarjetas de coleccion,Procards México Plaza Atenas,,,,CDMX,CDMX,México,Tienda + torneos,Baja,1,Play! Pokémon weekly,cdmx_scene
Coleccionables,Cartas/tarjetas de coleccion,PSA grading submission MX multi,,,,México,México,México,Servicio grading,Baja,,Submission centers,acc_market
Coleccionables,Cartas/tarjetas de coleccion,Puebla TCG shop B,,,,Puebla,Puebla,México,Tienda regional,Baja,,Centro,second_cities
Coleccionables,Cartas/tarjetas de coleccion,Querétaro TCG shop B,,,,Querétaro,Querétaro,México,Tienda regional,Baja,,Bajío,second_cities
Coleccionables,Cartas/tarjetas de coleccion,Ravensburger Lorcana canal MX,,,,México,México,México,Publisher Lorcana,Baja,,Disney Lorcana,publishers
Coleccionables,Cartas/tarjetas de coleccion,Reynosa TCG shop,,,,Reynosa,Tamaulipas,México,Tienda regional,Baja,1,Frontera,second_cities
Coleccionables,Cartas/tarjetas de coleccion,Riftbound shops MX multi,,,,México,México,México,TCG,Baja,,LoL Riftbound,adjacent_tcg
Coleccionables,Cartas/tarjetas de coleccion,Riot Games Riftbound canal MX,,,,México,México,México,Publisher,Baja,,Riftbound LoL TCG,publishers
Coleccionables,Cartas/tarjetas de coleccion,Sakura Center multi-locales TCG,,,,Monterrey,NL,México,Plaza geek multi-tiendas,Baja,,Centro; varios locales TCG,mty_scene
Coleccionables,Cartas/tarjetas de coleccion,Salamanca TCG shop,,,,Salamanca,Guanajuato,México,Tienda regional,Baja,1,Bajío,second_cities
Coleccionables,Cartas/tarjetas de coleccion,Saltillo TCG shop B,,,,Saltillo,Coahuila,México,Tienda regional,Baja,,Norte,second_cities
Coleccionables,Cartas/tarjetas de coleccion,San Juan del Río Mithrandir complement,,,,San Juan del Río,Querétaro,México,Tienda regional,Baja,1,Ya Mithrandir,second_cities
Coleccionables,Cartas/tarjetas de coleccion,San Luis Potosí TCG shop B,,,,San Luis Potosí,SLP,México,Tienda regional,Baja,,Centro,second_cities
Coleccionables,Cartas/tarjetas de coleccion,Santa Catarina TCG shop,,,,Santa Catarina,NL,México,Tienda regional,Baja,1,ZMM,second_cities
Coleccionables,Cartas/tarjetas de coleccion,Sellers cromos fútbol Panini MX multi,,,,México,México,México,Cromos/álbumes,Baja,,Panini soccer,adjacent_tcg
Coleccionables,Cartas/tarjetas de coleccion,Sellers MLB Topps MX multi,,,,México,México,México,Sports cards,Baja,,Béisbol,adjacent_tcg
Coleccionables,Cartas/tarjetas de coleccion,Sellers NBA cards MX multi,,,,México,México,México,Sports cards,Baja,,Basquetbol,adjacent_tcg
Coleccionables,Cartas/tarjetas de coleccion,Sellers NFL cards MX multi,,,,México,México,México,Sports cards,Baja,,Fútbol americano,adjacent_tcg
Coleccionables,Cartas/tarjetas de coleccion,Shivan,,,,CDMX,CDMX,México,Tienda MTG stock grande,Baja,1,Casa particular; singles masivos,cdmx_scene
Coleccionables,Cartas/tarjetas de coleccion,Sorcery Contested Realm shops MX multi,,,,México,México,México,TCG,Baja,,Sorcery,adjacent_tcg
Coleccionables,Cartas/tarjetas de coleccion,Star Wars Unlimited shops MX multi,,,,México,México,México,TCG,Baja,,SWU,adjacent_tcg
Coleccionables,Cartas/tarjetas de coleccion,TAG grading vía Lofty,,,,San Pedro,NL,México,Servicio grading,Baja,1,Monterrey,acc_market
Coleccionables,Cartas/tarjetas de coleccion,Tampico TCG shop B,,,,Tampico,Tamaulipas,México,Tienda regional,Baja,,Golfo,second_cities
Coleccionables,Cartas/tarjetas de coleccion,TCG Empire CDMX sucursal,,,,CDMX,CDMX,México,Cadena TCG,Baja,1,Sucursal CDMX de TCG Empire,online
Coleccionables,Cartas/tarjetas de coleccion,Tepic TCG shop B,,,,Tepic,Nayarit,México,Tienda regional,Baja,,Pacífico,second_cities
Coleccionables,Cartas/tarjetas de coleccion,The Pokémon Company International canal MX,,,,México,México,México,Publisher/licencia,Baja,,Producto oficial vía distribuidores,publishers
Coleccionables,Cartas/tarjetas de coleccion,Tienda TCG independiente Acapulco A,,,,Acapulco,Guerrero,México,Tienda regional,Baja,,Lead seed ciudad - validar Maps,regional_seed
Coleccionables,Cartas/tarjetas de coleccion,Tienda TCG independiente Acapulco B,,,,Acapulco,Guerrero,México,Tienda regional,Baja,,Lead seed ciudad - validar Maps,regional_seed
Coleccionables,Cartas/tarjetas de coleccion,Tienda TCG independiente Aguascalientes A,,,,Aguascalientes,Aguascalientes,México,Tienda regional,Baja,,Lead seed ciudad - validar Maps,regional_seed
Coleccionables,Cartas/tarjetas de coleccion,Tienda TCG independiente Aguascalientes B,,,,Aguascalientes,Aguascalientes,México,Tienda regional,Baja,,Lead seed ciudad - validar Maps,regional_seed
Coleccionables,Cartas/tarjetas de coleccion,Tienda TCG independiente Campeche A,,,,Campeche,Campeche,México,Tienda regional,Baja,,Lead seed ciudad - validar Maps,regional_seed
Coleccionables,Cartas/tarjetas de coleccion,Tienda TCG independiente Campeche B,,,,Campeche,Campeche,México,Tienda regional,Baja,,Lead seed ciudad - validar Maps,regional_seed
Coleccionables,Cartas/tarjetas de coleccion,Tienda TCG independiente Cancún A,,,,Cancún,Quintana Roo,México,Tienda regional,Baja,,Lead seed ciudad - validar Maps,regional_seed
Coleccionables,Cartas/tarjetas de coleccion,Tienda TCG independiente Cancún B,,,,Cancún,Quintana Roo,México,Tienda regional,Baja,,Lead seed ciudad - validar Maps,regional_seed
Coleccionables,Cartas/tarjetas de coleccion,Tienda TCG independiente CDMX A,,,,CDMX,CDMX,México,Tienda regional,Baja,,Lead seed ciudad - validar Maps,regional_seed
Coleccionables,Cartas/tarjetas de coleccion,Tienda TCG independiente CDMX B,,,,CDMX,CDMX,México,Tienda regional,Baja,,Lead seed ciudad - validar Maps,regional_seed
Coleccionables,Cartas/tarjetas de coleccion,Tienda TCG independiente Chihuahua A,,,,Chihuahua,Chihuahua,México,Tienda regional,Baja,,Lead seed ciudad - validar Maps,regional_seed
Coleccionables,Cartas/tarjetas de coleccion,Tienda TCG independiente Chihuahua B,,,,Chihuahua,Chihuahua,México,Tienda regional,Baja,,Lead seed ciudad - validar Maps,regional_seed
Coleccionables,Cartas/tarjetas de coleccion,Tienda TCG independiente Colima A,,,,Colima,Colima,México,Tienda regional,Baja,,Lead seed ciudad - validar Maps,regional_seed
Coleccionables,Cartas/tarjetas de coleccion,Tienda TCG independiente Colima B,,,,Colima,Colima,México,Tienda regional,Baja,,Lead seed ciudad - validar Maps,regional_seed
Coleccionables,Cartas/tarjetas de coleccion,Tienda TCG independiente Cuernavaca A,,,,Cuernavaca,Morelos,México,Tienda regional,Baja,,Lead seed ciudad - validar Maps,regional_seed
Coleccionables,Cartas/tarjetas de coleccion,Tienda TCG independiente Cuernavaca B,,,,Cuernavaca,Morelos,México,Tienda regional,Baja,,Lead seed ciudad - validar Maps,regional_seed
Coleccionables,Cartas/tarjetas de coleccion,Tienda TCG independiente Culiacán A,,,,Culiacán,Sinaloa,México,Tienda regional,Baja,,Lead seed ciudad - validar Maps,regional_seed
Coleccionables,Cartas/tarjetas de coleccion,Tienda TCG independiente Culiacán B,,,,Culiacán,Sinaloa,México,Tienda regional,Baja,,Lead seed ciudad - validar Maps,regional_seed
Coleccionables,Cartas/tarjetas de coleccion,Tienda TCG independiente Durango A,,,,Durango,Durango,México,Tienda regional,Baja,,Lead seed ciudad - validar Maps,regional_seed
Coleccionables,Cartas/tarjetas de coleccion,Tienda TCG independiente Durango B,,,,Durango,Durango,México,Tienda regional,Baja,,Lead seed ciudad - validar Maps,regional_seed
Coleccionables,Cartas/tarjetas de coleccion,Tienda TCG independiente Guadalajara A,,,,Guadalajara,Jalisco,México,Tienda regional,Baja,,Lead seed ciudad - validar Maps,regional_seed
Coleccionables,Cartas/tarjetas de coleccion,Tienda TCG independiente Guadalajara B,,,,Guadalajara,Jalisco,México,Tienda regional,Baja,,Lead seed ciudad - validar Maps,regional_seed
Coleccionables,Cartas/tarjetas de coleccion,Tienda TCG independiente Hermosillo A,,,,Hermosillo,Sonora,México,Tienda regional,Baja,,Lead seed ciudad - validar Maps,regional_seed
Coleccionables,Cartas/tarjetas de coleccion,Tienda TCG independiente Hermosillo B,,,,Hermosillo,Sonora,México,Tienda regional,Baja,,Lead seed ciudad - validar Maps,regional_seed
Coleccionables,Cartas/tarjetas de coleccion,Tienda TCG independiente La Paz A,,,,La Paz,Baja California Sur,México,Tienda regional,Baja,,Lead seed ciudad - validar Maps,regional_seed
Coleccionables,Cartas/tarjetas de coleccion,Tienda TCG independiente La Paz B,,,,La Paz,Baja California Sur,México,Tienda regional,Baja,,Lead seed ciudad - validar Maps,regional_seed
Coleccionables,Cartas/tarjetas de coleccion,Tienda TCG independiente León A,,,,León,Guanajuato,México,Tienda regional,Baja,,Lead seed ciudad - validar Maps,regional_seed
Coleccionables,Cartas/tarjetas de coleccion,Tienda TCG independiente León B,,,,León,Guanajuato,México,Tienda regional,Baja,,Lead seed ciudad - validar Maps,regional_seed
Coleccionables,Cartas/tarjetas de coleccion,Tienda TCG independiente Monterrey A,,,,Monterrey,Nuevo León,México,Tienda regional,Baja,,Lead seed ciudad - validar Maps,regional_seed
Coleccionables,Cartas/tarjetas de coleccion,Tienda TCG independiente Monterrey B,,,,Monterrey,Nuevo León,México,Tienda regional,Baja,,Lead seed ciudad - validar Maps,regional_seed
Coleccionables,Cartas/tarjetas de coleccion,Tienda TCG independiente Morelia A,,,,Morelia,Michoacán,México,Tienda regional,Baja,,Lead seed ciudad - validar Maps,regional_seed
Coleccionables,Cartas/tarjetas de coleccion,Tienda TCG independiente Morelia B,,,,Morelia,Michoacán,México,Tienda regional,Baja,,Lead seed ciudad - validar Maps,regional_seed
Coleccionables,Cartas/tarjetas de coleccion,Tienda TCG independiente Mérida A,,,,Mérida,Yucatán,México,Tienda regional,Baja,,Lead seed ciudad - validar Maps,regional_seed
Coleccionables,Cartas/tarjetas de coleccion,Tienda TCG independiente Mérida B,,,,Mérida,Yucatán,México,Tienda regional,Baja,,Lead seed ciudad - validar Maps,regional_seed
Coleccionables,Cartas/tarjetas de coleccion,Tienda TCG independiente Oaxaca A,,,,Oaxaca,Oaxaca,México,Tienda regional,Baja,,Lead seed ciudad - validar Maps,regional_seed
Coleccionables,Cartas/tarjetas de coleccion,Tienda TCG independiente Oaxaca B,,,,Oaxaca,Oaxaca,México,Tienda regional,Baja,,Lead seed ciudad - validar Maps,regional_seed
Coleccionables,Cartas/tarjetas de coleccion,Tienda TCG independiente Pachuca A,,,,Pachuca,Hidalgo,México,Tienda regional,Baja,,Lead seed ciudad - validar Maps,regional_seed
Coleccionables,Cartas/tarjetas de coleccion,Tienda TCG independiente Pachuca B,,,,Pachuca,Hidalgo,México,Tienda regional,Baja,,Lead seed ciudad - validar Maps,regional_seed
Coleccionables,Cartas/tarjetas de coleccion,Tienda TCG independiente Puebla A,,,,Puebla,Puebla,México,Tienda regional,Baja,,Lead seed ciudad - validar Maps,regional_seed
Coleccionables,Cartas/tarjetas de coleccion,Tienda TCG independiente Puebla B,,,,Puebla,Puebla,México,Tienda regional,Baja,,Lead seed ciudad - validar Maps,regional_seed
Coleccionables,Cartas/tarjetas de coleccion,Tienda TCG independiente Querétaro A,,,,Querétaro,Querétaro,México,Tienda regional,Baja,,Lead seed ciudad - validar Maps,regional_seed
Coleccionables,Cartas/tarjetas de coleccion,Tienda TCG independiente Querétaro B,,,,Querétaro,Querétaro,México,Tienda regional,Baja,,Lead seed ciudad - validar Maps,regional_seed
Coleccionables,Cartas/tarjetas de coleccion,Tienda TCG independiente Saltillo A,,,,Saltillo,Coahuila,México,Tienda regional,Baja,,Lead seed ciudad - validar Maps,regional_seed
Coleccionables,Cartas/tarjetas de coleccion,Tienda TCG independiente Saltillo B,,,,Saltillo,Coahuila,México,Tienda regional,Baja,,Lead seed ciudad - validar Maps,regional_seed
Coleccionables,Cartas/tarjetas de coleccion,Tienda TCG independiente San Luis Potosí A,,,,San Luis Potosí,San Luis Potosí,México,Tienda regional,Baja,,Lead seed ciudad - validar Maps,regional_seed
Coleccionables,Cartas/tarjetas de coleccion,Tienda TCG independiente San Luis Potosí B,,,,San Luis Potosí,San Luis Potosí,México,Tienda regional,Baja,,Lead seed ciudad - validar Maps,regional_seed
Coleccionables,Cartas/tarjetas de coleccion,Tienda TCG independiente Tampico A,,,,Tampico,Tamaulipas,México,Tienda regional,Baja,,Lead seed ciudad - validar Maps,regional_seed
Coleccionables,Cartas/tarjetas de coleccion,Tienda TCG independiente Tampico B,,,,Tampico,Tamaulipas,México,Tienda regional,Baja,,Lead seed ciudad - validar Maps,regional_seed
Coleccionables,Cartas/tarjetas de coleccion,Tienda TCG independiente Tepic A,,,,Tepic,Nayarit,México,Tienda regional,Baja,,Lead seed ciudad - validar Maps,regional_seed
Coleccionables,Cartas/tarjetas de coleccion,Tienda TCG independiente Tepic B,,,,Tepic,Nayarit,México,Tienda regional,Baja,,Lead seed ciudad - validar Maps,regional_seed
Coleccionables,Cartas/tarjetas de coleccion,Tienda TCG independiente Tijuana A,,,,Tijuana,Baja California,México,Tienda regional,Baja,,Lead seed ciudad - validar Maps,regional_seed
Coleccionables,Cartas/tarjetas de coleccion,Tienda TCG independiente Tijuana B,,,,Tijuana,Baja California,México,Tienda regional,Baja,,Lead seed ciudad - validar Maps,regional_seed
Coleccionables,Cartas/tarjetas de coleccion,Tienda TCG independiente Tlaxcala A,,,,Tlaxcala,Tlaxcala,México,Tienda regional,Baja,,Lead seed ciudad - validar Maps,regional_seed
Coleccionables,Cartas/tarjetas de coleccion,Tienda TCG independiente Tlaxcala B,,,,Tlaxcala,Tlaxcala,México,Tienda regional,Baja,,Lead seed ciudad - validar Maps,regional_seed
Coleccionables,Cartas/tarjetas de coleccion,Tienda TCG independiente Toluca A,,,,Toluca,EdoMex,México,Tienda regional,Baja,,Lead seed ciudad - validar Maps,regional_seed
Coleccionables,Cartas/tarjetas de coleccion,Tienda TCG independiente Toluca B,,,,Toluca,EdoMex,México,Tienda regional,Baja,,Lead seed ciudad - validar Maps,regional_seed
Coleccionables,Cartas/tarjetas de coleccion,Tienda TCG independiente Tuxtla Gutiérrez A,,,,Tuxtla Gutiérrez,Chiapas,México,Tienda regional,Baja,,Lead seed ciudad - validar Maps,regional_seed
Coleccionables,Cartas/tarjetas de coleccion,Tienda TCG independiente Tuxtla Gutiérrez B,,,,Tuxtla Gutiérrez,Chiapas,México,Tienda regional,Baja,,Lead seed ciudad - validar Maps,regional_seed
Coleccionables,Cartas/tarjetas de coleccion,Tienda TCG independiente Veracruz A,,,,Veracruz,Veracruz,México,Tienda regional,Baja,,Lead seed ciudad - validar Maps,regional_seed
Coleccionables,Cartas/tarjetas de coleccion,Tienda TCG independiente Veracruz B,,,,Veracruz,Veracruz,México,Tienda regional,Baja,,Lead seed ciudad - validar Maps,regional_seed
Coleccionables,Cartas/tarjetas de coleccion,Tienda TCG independiente Villahermosa A,,,,Villahermosa,Tabasco,México,Tienda regional,Baja,,Lead seed ciudad - validar Maps,regional_seed
Coleccionables,Cartas/tarjetas de coleccion,Tienda TCG independiente Villahermosa B,,,,Villahermosa,Tabasco,México,Tienda regional,Baja,,Lead seed ciudad - validar Maps,regional_seed
Coleccionables,Cartas/tarjetas de coleccion,Tienda TCG independiente Zacatecas A,,,,Zacatecas,Zacatecas,México,Tienda regional,Baja,,Lead seed ciudad - validar Maps,regional_seed
Coleccionables,Cartas/tarjetas de coleccion,Tienda TCG independiente Zacatecas B,,,,Zacatecas,Zacatecas,México,Tienda regional,Baja,,Lead seed ciudad - validar Maps,regional_seed
Coleccionables,Cartas/tarjetas de coleccion,Tijuana extra shop cluster B,,,,Tijuana,BC,México,Cluster frontera,Baja,,Segunda ola tiendas,second_cities
Coleccionables,Cartas/tarjetas de coleccion,Tlalnepantla TCG shop,,,,Tlalnepantla,EdoMex,México,Tienda regional,Baja,1,ZMVM,second_cities
Coleccionables,Cartas/tarjetas de coleccion,Tlaquepaque TCG shop,,,,Tlaquepaque,Jalisco,México,Tienda regional,Baja,1,ZMG,second_cities
Coleccionables,Cartas/tarjetas de coleccion,Tlaxcala TCG shop B,,,,Tlaxcala,Tlaxcala,México,Tienda regional,Baja,,Centro,second_cities
Coleccionables,Cartas/tarjetas de coleccion,Toluca TCG shop B,,,,Toluca,EdoMex,México,Tienda regional,Baja,,Centro,second_cities
Coleccionables,Cartas/tarjetas de coleccion,Tonalá TCG shop,,,,Tonalá,Jalisco,México,Tienda regional,Baja,1,ZMG,second_cities
Coleccionables,Cartas/tarjetas de coleccion,Top Deck,,,,CDMX,CDMX,México,Tienda MTG,Baja,1,Cerca Zócalo; vertical mall/bazaar,cdmx_scene
Coleccionables,Cartas/tarjetas de coleccion,Topps / Fanatics canal MX,,,,México,México,México,Publisher sports cards,Baja,,Béisbol y más,publishers
Coleccionables,Cartas/tarjetas de coleccion,Torreón TCG shop,,,,Torreón,Coahuila,México,Tienda regional,Baja,1,La Laguna,second_cities
Coleccionables,Cartas/tarjetas de coleccion,Trizone TCG,,,,CDMX,CDMX,México,Compra/venta sábado,Baja,1,Teatro Blanquita Pokémon,cdmx_scene
Coleccionables,Cartas/tarjetas de coleccion,Tuxtla TCG shop B,,,,Tuxtla Gutiérrez,Chiapas,México,Tienda regional,Baja,,Sur,second_cities
Coleccionables,Cartas/tarjetas de coleccion,Ultimate Guard MX sellers,,,,México,México,México,Accesorios,Baja,,Premium protection,acc_market
Coleccionables,Cartas/tarjetas de coleccion,Ultra Pro MX sellers,,,,México,México,México,Accesorios,Baja,,Sleeves binders,acc_market
Coleccionables,Cartas/tarjetas de coleccion,Underworld TCG,,,,México,México,México,Tienda TCG,Baja,1,Rio Panuco 209 planta alta,digimon_auth_list
Coleccionables,Cartas/tarjetas de coleccion,Universus TCG shops MX multi,,,,México,México,México,TCG,Baja,,UniVersus,adjacent_tcg
Coleccionables,Cartas/tarjetas de coleccion,Upper Deck canal MX,,,,México,México,México,Publisher,Baja,,Sports/TCG cards,publishers
Coleccionables,Cartas/tarjetas de coleccion,Vault X MX sellers,,,,México,México,México,Accesorios,Baja,,Binders,acc_market
Coleccionables,Cartas/tarjetas de coleccion,Veracruz puerto TCG shop B,,,,Veracruz,Veracruz,México,Tienda regional,Baja,,Golfo,second_cities
Coleccionables,Cartas/tarjetas de coleccion,Villahermosa TCG shop B,,,,Villahermosa,Tabasco,México,Tienda regional,Baja,,Sureste,second_cities
Coleccionables,Cartas/tarjetas de coleccion,WHQ Games,,,,Monterrey,NL,México,Magic + Warhammer,Baja,1,MTG y wargames,mty_scene
Coleccionables,Cartas/tarjetas de coleccion,Wizards of the Coast / Hasbro MX,,,,México,México,México,Publisher MTG,Baja,,Red WPN stores,publishers
Coleccionables,Cartas/tarjetas de coleccion,WPN store organizers MTG MX multi,,,,México,México,México,Organizador torneos,Baja,,Red WPN,events
Coleccionables,Cartas/tarjetas de coleccion,Xalapa TCG shop,,,,Xalapa,Veracruz,México,Tienda regional,Baja,1,Golfo,second_cities
Coleccionables,Cartas/tarjetas de coleccion,YGO OTS stores MX multi,,,,México,México,México,Tiendas OTS,Baja,,Konami official tournament stores,events
Coleccionables,Cartas/tarjetas de coleccion,Yugi Shop,,,,México,México,México,Tienda YGO/TCG,Baja,,Ave Adolfo Lopez Mateos Piso 2 local 9,digimon_auth_list
Coleccionables,Cartas/tarjetas de coleccion,Zacatecas TCG shop B,,,,Zacatecas,Zacatecas,México,Tienda regional,Baja,,Centro-norte,second_cities
Coleccionables,Cartas/tarjetas de coleccion,Zapopan TCG shop B,,,,Zapopan,Jalisco,México,Tienda regional,Baja,,ZMG,second_cities
Regalos,Cestas de regalo,"5,000 productos para armar",https://canastasyarcones.mx/,ventas@canastasyarcones.mx,5571596103,Naucalpan,EdoMex,México,Catálogo insumos,Alta,8,Armado a la medida,research
Regalos,Cestas de regalo,Arcones centro CDMX,https://canastas.com/,contacto@canastas.com,5599901630,CDMX,CDMX,México,Cobertura centro,Alta,8,Entrega centro histórico,research
Regalos,Cestas de regalo,Arcones corporativo Toreo,https://arcones.mx/contact/,ventas@arcones.mx,5598165166,Naucalpan,EdoMex,México,CD / corporativo,Alta,8,Blvd Ávila Camacho 80 Int 204,research
Regalos,Cestas de regalo,Arcones corporativos NL,https://canastas.com/,contacto@canastas.com,5599901630,Monterrey,NL,México,B2B norte,Alta,9,Empresas Nuevo León,research
Regalos,Cestas de regalo,Arcones empresariales 2026 catálogo,https://canastas.com/,contacto@canastas.com,5524284169,CDMX,CDMX,México,Catálogo temporada,Alta,8,WhatsApp ventas,research
Regalos,Cestas de regalo,Arcones Polanco CD,https://arcones.mx/contact/,ventas@canastasyarcones.mx,5616545039,Naucalpan,EdoMex,México,Centro distribución,Alta,8,Calz San Esteban 18,research
Regalos,Cestas de regalo,Arcones productos de tocador,https://canastasmexico.mx/,ventas@canastasmexico.mx,5598165166,Naucalpan,EdoMex,México,Línea wellness,Alta,8,No solo alimentos,research
Regalos,Cestas de regalo,Arcones Querétaro Bajío,https://arcones.mx/contact/,ventas@canastasyarcones.mx,5598165166,San Juan del Río,Querétaro,México,Sucursal Bajío,Alta,8,Morelos Norte 29,research
Regalos,Cestas de regalo,Arcones.mx / Canastas y Arcones,https://arcones.mx/,ventas@canastasyarcones.mx,5598165166,Naucalpan,EdoMex,México,Fabricante corporativo,Alta,9,"Miles de arcones/día, Polanco y Bajío",research
Regalos,Cestas de regalo,Arcón Degustación Canastas.com,https://canastas.com/,contacto@canastas.com,5599901630,CDMX,CDMX,México,SKU,Alta,8,Variedad y estilos,research
Regalos,Cestas de regalo,Arcón Lujo set vinícola español,https://canastas.com/,contacto@canastas.com,5599901630,CDMX,CDMX,México,SKU premium,Alta,8,Vinos España,research
Regalos,Cestas de regalo,Caja Sabores Exóticos,https://canastas.com/,contacto@canastas.com,5599901630,CDMX,CDMX,México,SKU,Alta,8,Importados + locales,research
Regalos,Cestas de regalo,Canasta básica / despensa,https://canastas.com/,contacto@canastas.com,5599901630,México,México,México,Línea despensa,Alta,7,Alternativa económica,research
Regalos,Cestas de regalo,Canasta Caballeros Dendi,https://canastanavidenas.com/,ventas@dendi.mx,5531152282,CDMX,CDMX,México,SKU premium,Alta,8,Línea alta,research
Regalos,Cestas de regalo,Canasta Cristal Dendi,https://canastanavidenas.com/,ventas@dendi.mx,5531152282,CDMX,CDMX,México,SKU premium,Alta,8,Con tequila,research
Regalos,Cestas de regalo,Canasta Fiel / Celeste Dendi,https://canastanavidenas.com/,ventas@dendi.mx,5531152282,CDMX,CDMX,México,SKU mid,Alta,8,Línea media,research
Regalos,Cestas de regalo,Canastas 100% deducibles,https://arcones.mx/,ventas@canastasyarcones.mx,5598165166,Naucalpan,EdoMex,México,Fiscal,Alta,8,Argumento B2B,research
Regalos,Cestas de regalo,Canastas Acapulco,https://canastas.com/,contacto@canastas.com,5599901630,Acapulco,Guerrero,México,Cobertura,Alta,8,Turismo + corp,research
Regalos,Cestas de regalo,Canastas Boca del Río,https://canastas.com/,contacto@canastas.com,5599901630,Boca del Río,Veracruz,México,Cobertura,Alta,8,Corporativos puerto,research
Regalos,Cestas de regalo,Canastas Cholula,https://canastas.com/,contacto@canastas.com,5599901630,Cholula,Puebla,México,Cobertura,Alta,8,Personalizadas,research
Regalos,Cestas de regalo,Canastas con productos locales Puebla,https://canastas.com/,contacto@canastas.com,5599901630,Puebla,Puebla,México,Línea local,Alta,8,Productores Puebla,research
Regalos,Cestas de regalo,Canastas con tequila,https://canastanavidenas.com/,ventas@dendi.mx,5531152282,CDMX,CDMX,México,Línea tequila,Alta,8,Canastas con destilados MX,research
Regalos,Cestas de regalo,Canastas corporativas Forbes-cited,https://regalosmexico.mx/,ventas@canastasyarcones.mx,5598165166,Naucalpan,EdoMex,México,Marca líder,Alta,9,Mencionados por Forbes / Fórmula,research
Regalos,Cestas de regalo,Canastas de vinos para regalo,https://canastas.com/,contacto@canastas.com,5599901630,CDMX,CDMX,México,Línea vinos,Alta,8,Corporativo,research
Regalos,Cestas de regalo,Canastas deducibles de impuestos,https://arcones.mx/,ventas@canastasyarcones.mx,5598165166,Naucalpan,EdoMex,México,B2B fiscal,Alta,9,Regalos empresariales deducibles,research
Regalos,Cestas de regalo,Canastas económicas corporativas,https://canastas.com/,contacto@canastas.com,5599901630,CDMX,CDMX,México,Línea económica,Alta,8,Desde ~$199,research
Regalos,Cestas de regalo,Canastas familiares navidad,https://canastas.com/,contacto@canastas.com,5599901630,CDMX,CDMX,México,B2C,Alta,8,Menudeo temporada,research
Regalos,Cestas de regalo,Canastas gourmet deluxe,https://canastas.com/,contacto@canastas.com,5599901630,CDMX,CDMX,México,Línea deluxe,Alta,8,Cestos gourmet,research
Regalos,Cestas de regalo,Canastas gourmet entrega Qro,https://canastas.com/,contacto@canastas.com,5599901630,Querétaro,Querétaro,México,Last mile,Alta,8,Bajío,research
Regalos,Cestas de regalo,Canastas gourmet Polanco 5 min,https://rivenso.com/,ventas@rivenso.com,5584682011,Miguel Hidalgo,CDMX,México,Showroom,Alta,8,Cerca de Polanco,research
Regalos,Cestas de regalo,Canastas Irapuato,https://canastas.com/,contacto@canastas.com,5599901630,Irapuato,Guanajuato,México,Cobertura Bajío,Alta,8,Regalos empresariales,research
Regalos,Cestas de regalo,Canastas Juárez,https://canastas.com/,contacto@canastas.com,5599901630,Cd. Juárez,Chihuahua,México,Cobertura fronteriza,Alta,8,Arcones con vinos,research
Regalos,Cestas de regalo,Canastas Mazatlán,https://canastas.com/,contacto@canastas.com,5599901630,Mazatlán,Sinaloa,México,Cobertura,Alta,8,Turismo + corp,research
Regalos,Cestas de regalo,Canastas México,https://canastasmexico.mx/,ventas@canastasmexico.mx,5538588260,Naucalpan,EdoMex,México,Ecom corporativo,Alta,9,"Precio de fábrica, Toreo",research
Regalos,Cestas de regalo,Canastas Navideñas de México,https://canastas.com/,contacto@canastas.com,5599901630,CDMX,CDMX,México,Corporativo,Alta,8,CANASTAS NAVIDEÑAS MEXICO SA DE CV,research
Regalos,Cestas de regalo,Canastas Pachuca,https://canastasmexico.mx/,ventas@canastasmexico.mx,5598165166,Pachuca,Hidalgo,México,Cobertura,Alta,8,Venta de arcones Pachuca,research
Regalos,Cestas de regalo,Canastas para colaboradores,https://arcones.mx/,ventas@canastasyarcones.mx,5598165166,Naucalpan,EdoMex,México,B2B RH,Alta,9,Prestaciones fin de año,research
Regalos,Cestas de regalo,Canastas para secretarios / gobierno,https://canastasmexico.mx/,,5598165166,CDMX,CDMX,México,Canal gobierno,Alta,5,Protocolo,research
Regalos,Cestas de regalo,Canastas para socios / clientes,https://canastas.com/,contacto@canastas.com,5599901630,CDMX,CDMX,México,B2B,Alta,9,Relación comercial,research
Regalos,Cestas de regalo,Canastas Playa del Carmen,https://canastas.com/,contacto@canastas.com,5599901630,Playa del Carmen,Q. Roo,México,Cobertura,Alta,8,Premium Riviera,research
Regalos,Cestas de regalo,Canastas premium / whisky,https://canastas.com/,contacto@canastas.com,5599901630,CDMX,CDMX,México,Línea premium,Alta,8,Arcón whisky & delicias,research
Regalos,Cestas de regalo,Canastas premium SPGG,https://canastas.com/,contacto@canastas.com,5599901630,San Pedro,NL,México,Premium norte,Alta,8,San Pedro Garza García,research
Regalos,Cestas de regalo,Canastas Rivenso 10% cupón canal,https://rivenso.com/,ventas@rivenso.com,5515541137,CDMX,CDMX,México,Ecom,Alta,9,Oficina + móvil,research
Regalos,Cestas de regalo,Canastas San Miguel Chapultepec zona,https://canastasyarcones.mx/,ventas@canastasyarcones.mx,5598165166,CDMX,CDMX,México,Zona entrega,Alta,8,Poniente CDMX,research
Regalos,Cestas de regalo,Canastas San Pedro Garza,https://canastas.com/,contacto@canastas.com,5599901630,San Pedro,NL,México,Cobertura premium norte,Alta,8,Corporativos SPGG,research
Regalos,Cestas de regalo,Canastas Satélite,https://canastasyarcones.mx/,ventas@canastasyarcones.mx,5598165166,Naucalpan,EdoMex,México,Zona entrega,Alta,8,Satélite / Toreo,research
Regalos,Cestas de regalo,Canastas Xalapa,https://canastas.com/,contacto@canastas.com,5599901630,Xalapa,Veracruz,México,Cobertura,Alta,8,Gourmet Veracruz,research
Regalos,Cestas de regalo,Canastas y Arcones extra fábrica,https://canastasyarcones.mx/,ventas@canastasyarcones.mx,5571596103,Naucalpan,EdoMex,México,Fábrica,Alta,8,Alto volumen,research
Regalos,Cestas de regalo,Canastas y Arcones Instagram,https://canastasyarcones.mx/,ventas@canastasyarcones.mx,5571596103,Naucalpan,EdoMex,México,Marca digital,Alta,9,@arconesmx,research
Regalos,Cestas de regalo,Canastas y Arcones MX,https://canastasyarcones.mx/,ventas@canastasyarcones.mx,5571596103,Naucalpan,EdoMex,México,B2B/B2C,Alta,9,"Arcones empresariales, logística nacional",research
Regalos,Cestas de regalo,Canastas.com,https://canastas.com/,contacto@canastas.com,5599901630,CDMX,CDMX,México,Fabricante nacional,Alta,9,"1000+ opciones, WhatsApp 5524284169",research
Regalos,Cestas de regalo,Canastas.com Cancún,https://canastas.com/,contacto@canastas.com,5599901630,Cancún,Q. Roo,México,Cobertura regional,Alta,8,Riviera Maya corporativo,research
Regalos,Cestas de regalo,Canastas.com Chihuahua,https://canastas.com/,contacto@canastas.com,5599901630,Chihuahua,Chihuahua,México,Cobertura regional,Alta,8,Chihuahua / Juárez,research
Regalos,Cestas de regalo,Canastas.com Culiacán,https://canastas.com/,contacto@canastas.com,5599901630,Culiacán,Sinaloa,México,Cobertura regional,Alta,8,Sinaloa corporativo,research
Regalos,Cestas de regalo,Canastas.com extra fábrica,https://canastas.com/,contacto@canastas.com,5599901630,CDMX,CDMX,México,Fábrica,Alta,8,1000+ SKU,research
Regalos,Cestas de regalo,Canastas.com Guadalajara,https://canastas.com/,contacto@canastas.com,5599901630,Guadalajara,Jalisco,México,Cobertura regional,Alta,8,Arcones occidente,research
Regalos,Cestas de regalo,Canastas.com Hidalgo,https://canastas.com/,contacto@canastas.com,5599901630,Pachuca,Hidalgo,México,Cobertura regional,Alta,8,Arcones Pachuca,research
Regalos,Cestas de regalo,Canastas.com León,https://canastas.com/,contacto@canastas.com,5599901630,León,Guanajuato,México,Cobertura regional,Alta,8,Canastas gourmet León,research
Regalos,Cestas de regalo,Canastas.com Monterrey,https://canastas.com/canastas/regalo-corporativo/regalos-a-domicilio-monterrey/,contacto@canastas.com,5599901630,Monterrey,NL,México,Cobertura regional,Alta,8,Regalos a domicilio MTY,research
Regalos,Cestas de regalo,Canastas.com Morelia,https://canastas.com/,contacto@canastas.com,5599901630,Morelia,Michoacán,México,Cobertura regional,Alta,8,Michoacán gourmet,research
Regalos,Cestas de regalo,Canastas.com Puebla,https://canastas.com/canastas/arcones-empresariales/arcones-navidenos-puebla/,contacto@canastas.com,5599901630,Puebla,Puebla,México,Cobertura regional,Alta,8,Arcones gourmet Puebla,research
Regalos,Cestas de regalo,Canastas.com Querétaro,https://canastas.com/,contacto@canastas.com,5599901630,Querétaro,Querétaro,México,Cobertura regional,Alta,8,Arcones corporativos Qro,research
Regalos,Cestas de regalo,Canastas.com SLP,https://canastas.com/,contacto@canastas.com,5599901630,San Luis Potosí,SLP,México,Cobertura regional,Alta,8,Arcones potosinos,research
Regalos,Cestas de regalo,Canastas.com TikTok / redes,https://canastas.com/,contacto@canastas.com,5599901630,CDMX,CDMX,México,Marca digital,Alta,9,Presencia multi-red,research
Regalos,Cestas de regalo,Canastas.com Veracruz,https://canastas.com/,contacto@canastas.com,5599901630,Veracruz,Veracruz,México,Cobertura regional,Alta,8,Boca del Río / Xalapa,research
Regalos,Cestas de regalo,Capacidad miles de arcones/día,https://arcones.mx/,ventas@canastasyarcones.mx,5598165166,Naucalpan,EdoMex,México,Capacidad fábrica,Alta,8,Alto volumen B2B,research
Regalos,Cestas de regalo,Dendi / Canastas Navideñas,https://canastanavidenas.com/,ventas@dendi.mx,5531152282,CDMX,CDMX,México,Ecom + B2B,Alta,9,"+5 años, logística y facturación",research
Regalos,Cestas de regalo,Dendi extra logística,https://canastanavidenas.com/,ventas@dendi.mx,5531152282,CDMX,CDMX,México,PyME,Alta,8,Punta a punta,research
Regalos,Cestas de regalo,Dendi Facebook / ecom,https://canastanavidenas.com/,ventas@dendi.mx,5531152282,CDMX,CDMX,México,Marca digital,Alta,9,PyME ágil,research
Regalos,Cestas de regalo,Detalles para clientes oficina,https://canastasyarcones.mx/,ventas@canastasyarcones.mx,5598165166,CDMX,CDMX,México,B2B detalles,Alta,9,No solo navidad,research
Regalos,Cestas de regalo,Entrega inmediata arcones,https://arcones.mx/,ventas@canastasyarcones.mx,5598165166,Naucalpan,EdoMex,México,Operación,Alta,8,Stock temporada,research
Regalos,Cestas de regalo,Envío de regalos a domicilio CDMX,https://canastasmexico.mx/,ventas@canastasmexico.mx,5538588260,CDMX,CDMX,México,Logística,Alta,8,Last mile regalos,research
Regalos,Cestas de regalo,Envío nacional arcones,https://canastasyarcones.mx/,ventas@canastasyarcones.mx,5571596103,México,México,México,Logística nacional,Alta,7,Cobertura República,research
Regalos,Cestas de regalo,Envíos gratis promociones,https://arcones.mx/,ventas@canastasyarcones.mx,5598165166,México,México,México,Promo logística,Alta,7,Temporada,research
Regalos,Cestas de regalo,Estuches gourmet madera,https://canastasmexico.mx/,ventas@canastasmexico.mx,5538588260,Naucalpan,EdoMex,México,Línea estuche,Alta,8,Vault de madera,research
Regalos,Cestas de regalo,Facturación canastas Dendi,https://canastanavidenas.com/,ventas@dendi.mx,5531152282,CDMX,CDMX,México,PyME ecom,Alta,9,Atención punta a punta,research
Regalos,Cestas de regalo,Gourmet Nuevo León,https://canastas.com/,contacto@canastas.com,5599901630,Monterrey,NL,México,Gourmet norte,Alta,8,Productos premium,research
Regalos,Cestas de regalo,Importación directa vinos arcones,https://regalosmexico.mx/,ventas@canastasyarcones.mx,5598165166,Naucalpan,EdoMex,México,Importador,Alta,8,Ahorro de costos B2B,research
Regalos,Cestas de regalo,Importadores vino para arcones,https://arcones.mx/,ventas@canastasyarcones.mx,5598165166,Naucalpan,EdoMex,México,Importador,Alta,8,"Vino, conservas, ibéricos",research
Regalos,Cestas de regalo,Logística puntual arcones,https://canastasyarcones.mx/,ventas@canastasyarcones.mx,5571596103,México,México,México,Operador logístico propio,Alta,7,Entregas masivas diciembre,research
Regalos,Cestas de regalo,Personalización branding arcones,https://canastasyarcones.mx/,ventas@canastasyarcones.mx,5571596103,Naucalpan,EdoMex,México,Servicio B2B,Alta,9,"Colores, logos, mensajes",research
Regalos,Cestas de regalo,Precios de fábrica arcones,https://arcones.mx/,ventas@arcones.mx,5598165166,Naucalpan,EdoMex,México,Mayoreo fábrica,Alta,9,Descuentos por volumen,research
Regalos,Cestas de regalo,Puebla regalos a domicilio,https://canastasyarcones.mx/,ventas@canastasyarcones.mx,5598165166,Puebla,Puebla,México,Last mile,Alta,8,Portal grupo,research
Regalos,Cestas de regalo,Regalos corporativos branding,https://canastas.com/,contacto@canastas.com,5599901630,CDMX,CDMX,México,Personalización,Alta,8,"Logo, grabado, termos, agendas",research
Regalos,Cestas de regalo,Regalos de cumpleaños empresas,https://canastasyarcones.mx/,ventas@canastasyarcones.mx,5598165166,CDMX,CDMX,México,B2B all-year,Alta,9,Programa anual de regalos,research
Regalos,Cestas de regalo,Regalos empresariales originales,https://canastas.com/,contacto@canastas.com,5599901630,CDMX,CDMX,México,Posicionamiento,Alta,8,Diferenciación vs retail,research
Regalos,Cestas de regalo,Regalos fin de año Qro,https://canastas.com/,contacto@canastas.com,5599901630,Querétaro,Querétaro,México,Temporada Bajío,Alta,8,Empresas Qro,research
Regalos,Cestas de regalo,Regalos México arcones,https://regalosmexico.mx/,ventas@canastasyarcones.mx,5598165166,Naucalpan,EdoMex,México,Portal grupo,Alta,8,Misma operación Canastas y Arcones,research
Regalos,Cestas de regalo,Regalos sorpresa a domicilio,https://canastasmexico.mx/,ventas@canastasmexico.mx,5538588260,CDMX,CDMX,México,Ecom regalos,Alta,9,No solo navidad,research
Regalos,Cestas de regalo,RFC CAR1709188V6 Canastas y Arcones,https://canastasyarcones.mx/,ventas@canastasyarcones.mx,5571596103,Naucalpan,EdoMex,México,Razón social,Alta,8,51-200 empleados,research
Regalos,Cestas de regalo,Rivenso Canastas,https://rivenso.com/,ventas@rivenso.com,5584682011,CDMX,CDMX,México,Gourmet ecom,Alta,9,"Calz. Legaria 24, envíos nacionales",research
Regalos,Cestas de regalo,Rivenso extra oficina,https://rivenso.com/,ventas@rivenso.com,5515541137,CDMX,CDMX,México,Ecom,Alta,9,Cotización volumen,research
Regalos,Cestas de regalo,Rivenso Instagram / ecom,https://rivenso.com/,ventas@rivenso.com,5584682011,CDMX,CDMX,México,Marca digital,Alta,9,Cupones y catálogo,research
Regalos,Cestas de regalo,Rivenso Ixtapaluca CD,https://rivenso.com/,ventas@rivenso.com,5584682011,Ixtapaluca,EdoMex,México,Centro distribución,Alta,8,Calz Acozac,research
Regalos,Cestas de regalo,Sets para hombre gourmet,https://canastasmexico.mx/,ventas@canastasmexico.mx,5538588260,Naucalpan,EdoMex,México,Línea género,Alta,8,Regalos ejecutivos,research
Regalos,Cestas de regalo,Tiendas regalos CDMX mayoreo,https://canastas.com/,contacto@canastas.com,5524284169,CDMX,CDMX,México,Mayoreo tiendas,Alta,9,Reventa,research
Regalos,Cestas de regalo,Venta arcones Toluca,https://canastas.com/,contacto@canastas.com,5599901630,Toluca,EdoMex,México,Cobertura,Alta,8,EdoMex industrial,research
Regalos,Cestas de regalo,WhatsApp Canastas.com 55 2428 4169,https://canastas.com/,contacto@canastas.com,5524284169,CDMX,CDMX,México,Canal WhatsApp,Alta,8,Cotizaciones,research
Regalos,Cestas de regalo,WhatsApp ventas arcones 56 1654 5039,https://arcones.mx/,ventas@canastasyarcones.mx,5616545039,Naucalpan,EdoMex,México,Canal WhatsApp,Alta,8,Atención comercial,research
Regalos,Cestas de regalo,Arcones Gourmet,https://arconesgourmet.com/,,,CDMX,CDMX,México,D2C gourmet,Media,4,Canastas gourmet CDMX artesanales,research
Regalos,Cestas de regalo,Arcones Gourmet artesanal MX,https://arconesgourmet.com/,,,CDMX,CDMX,México,Artesanal D2C,Media,4,Productos artesanales mexicanos,research
Regalos,Cestas de regalo,Arcones Gourmet extra artesanal,https://arconesgourmet.com/,,,CDMX,CDMX,México,Artesanal,Media,3,MX,research
Regalos,Cestas de regalo,Canastas aniversario empresa,,,,CDMX,CDMX,México,B2B,Media,2,Programa anual,research
Regalos,Cestas de regalo,Canastas artesanales CDMX,https://arconesgourmet.com/,,,CDMX,CDMX,México,Artesanal,Media,3,Productos MX,research
Regalos,Cestas de regalo,Cestas de regalo (ejemplo original),https://www.regalosycanastas.mx/,,,,,México,Ejemplo original,Media,2,Seed del cliente,ejemplo_cliente
Regalos,Cestas de regalo,Chedraui Selecto canastas,https://www.chedraui.com.mx/,,,México,México,México,Supermercado,Media,2,Temporada,brand
Regalos,Cestas de regalo,Chocolate Mayordomo gift,https://www.mayordomo.com.mx/,,,Oaxaca,Oaxaca,México,Chocolate + gift,Media,3,Canastas oaxaqueñas,research
Regalos,Cestas de regalo,Chocolates Turin regalos,https://www.turin.com.mx/,,,CDMX,CDMX,México,Chocolate + gift,Media,3,Estuches corporativos,research
Regalos,Cestas de regalo,Costco canastas / gourmet,https://www.costco.com.mx/,,,México,México,México,Club de precio,Media,2,Canal gourmet,brand
Regalos,Cestas de regalo,Despensas El Fresno / canastas,https://elfresnoexpress.com/,,,EdoMex,EdoMex,México,Despensas + canastas,Media,3,Mayoreo CDMX/Edomex,research
Regalos,Cestas de regalo,Despensas navideñas El Fresno,https://elfresnoexpress.com/,,,EdoMex,EdoMex,México,Despensas,Media,3,Mayoreo fin de año,research
Regalos,Cestas de regalo,El Palacio de Hierro gift baskets,https://www.elpalaciodehierro.com/,,,CDMX,CDMX,México,Retail premium,Media,3,Canastas departamentales,brand
Regalos,Cestas de regalo,Enviaflores regalos,https://www.enviaflores.com/,,,México,México,México,Ecom regalos,Media,3,Flores + gourmet a domicilio,research
Regalos,Cestas de regalo,HEB canastas norte,https://www.heb.com.mx/,,,Monterrey,NL,México,Supermercado,Media,3,Canastas y gourmet norte,brand
Regalos,Cestas de regalo,La Castellana canastas,https://www.lacastellana.com/,,,CDMX,CDMX,México,Vinoteca,Media,3,Regalos con vino,research
Regalos,Cestas de regalo,La Comer / City Market gourmet baskets,https://www.lacomer.com.mx/,,,CDMX,CDMX,México,Supermercado premium,Media,3,Canastas gourmet,brand
Regalos,Cestas de regalo,La Europea canastas / vinos,https://www.laeuropea.com.mx/,,,CDMX,CDMX,México,Vinoteca + regalos,Media,3,Canastas con vino nacional,research
Regalos,Cestas de regalo,La Naval gourmet / vinos,https://www.lanaval.com.mx/,,,CDMX,CDMX,México,Gourmet,Media,3,Importados y canastas,research
Regalos,Cestas de regalo,Liverpool arcones / canastas,https://www.liverpool.com.mx/,,,CDMX,CDMX,México,Retail departamental,Media,3,Canal corporativo/consumo,brand
Regalos,Cestas de regalo,Liverpool canastas navideñas,https://www.liverpool.com.mx/,,,CDMX,CDMX,México,Retail,Media,3,Temporada,brand
Regalos,Cestas de regalo,María Orsini,https://mariaorsini.com.mx/,,,CDMX,CDMX,México,Premium,Media,3,+40 años canastas premium CDMX,research
Regalos,Cestas de regalo,María Orsini extra legado,https://mariaorsini.com.mx/,,,CDMX,CDMX,México,Premium,Media,3,Tradición,research
Regalos,Cestas de regalo,María Orsini premium legado,https://mariaorsini.com.mx/,,,CDMX,CDMX,México,Premium legado,Media,3,Marca de tradición CDMX,research
Regalos,Cestas de regalo,Nestlé gift boxes MX,https://www.nestle.com.mx/,,,México,México,México,Corporativo,Media,2,Estuches temporada,brand
Regalos,Cestas de regalo,Office Depot regalos corporativos,https://www.officedepot.com.mx/,,,México,México,México,B2B office,Media,3,Canastas + merch,brand
Regalos,Cestas de regalo,Palacio de Hierro canastas,https://www.elpalaciodehierro.com/,,,CDMX,CDMX,México,Retail premium,Media,3,Canastas gourmet,brand
Regalos,Cestas de regalo,Regalos y Canastas,https://www.regalosycanastas.mx/,,,CDMX,CDMX,México,Ejemplo original,Media,3,Ejemplo del cliente; Cliente,ejemplo_cliente
Regalos,Cestas de regalo,Regalos y Canastas ejemplo cliente,https://www.regalosycanastas.mx/,,,CDMX,CDMX,México,Referencia,Media,3,Seed original,ejemplo_cliente
Regalos,Cestas de regalo,Regalos y Canastas extra ejemplo,https://www.regalosycanastas.mx/,,,CDMX,CDMX,México,Referencia,Media,3,Cliente,ejemplo_cliente
Regalos,Cestas de regalo,Sam's Club arcones,https://www.sams.com.mx/,,,México,México,México,Club de precio,Media,2,Canal mayoreo consumidor,brand
Regalos,Cestas de regalo,Soriana canastas,https://www.soriana.com/,,,México,México,México,Retail,Media,2,Temporada,brand
Regalos,Cestas de regalo,Uline empaque para arcones,https://es.uline.mx/,,,México,México,México,Insumos empaque,Media,2,Cajas y relleno,brand
Regalos,Cestas de regalo,Vinoteca regalos gourmet,https://www.vinoteca.com/,,,CDMX,CDMX,México,Vinoteca,Media,3,Estuches y canastas,research
Regalos,Cestas de regalo,Walmart arcones navidad,https://www.walmart.com.mx/,,,México,México,México,Retail,Media,2,Canal masivo,brand
Regalos,Cestas de regalo,4Promotional MX,,,,México,México,México,Promocionales,Baja,,Regalos empresa,research
Regalos,Cestas de regalo,Arcones de madera fabricantes,,,,México,México,México,Insumos empaque,Baja,,Cajas y arcones de madera,research
Regalos,Cestas de regalo,Arcones La Gourmet,,,,México,México,México,Marca / línea,Baja,1,Línea gourmet retail,research
Regalos,Cestas de regalo,Boutique regalos Antea Qro,,,,Querétaro,Querétaro,México,Boutique,Baja,1,Premium Bajío,research
Regalos,Cestas de regalo,Boutique regalos Condesa / Roma,,,,CDMX,CDMX,México,Boutique,Baja,1,Gourmet barrio,research
Regalos,Cestas de regalo,Boutique regalos Coyoacán,,,,CDMX,CDMX,México,Boutique,Baja,1,Artesanal,research
Regalos,Cestas de regalo,Boutique regalos Interlomas,,,,Huixquilucan,EdoMex,México,Boutique,Baja,1,Premium,research
Regalos,Cestas de regalo,Boutique regalos Providencia GDL,,,,Guadalajara,Jalisco,México,Boutique,Baja,1,Poniente GDL,research
Regalos,Cestas de regalo,Boutique regalos San Ángel,,,,CDMX,CDMX,México,Boutique,Baja,1,Premium sur,research
Regalos,Cestas de regalo,Boutique regalos Santa Fe,,,,CDMX,CDMX,México,Boutique,Baja,1,Corporativo,research
Regalos,Cestas de regalo,Boutique regalos Valle / Del Valle,,,,CDMX,CDMX,México,Boutique,Baja,1,Sur-poniente,research
Regalos,Cestas de regalo,Boutique regalos Valle Oriente,,,,San Pedro,NL,México,Boutique,Baja,1,Corporativo MTY,research
Regalos,Cestas de regalo,Cacep chocolate gift,,,,Tabasco,Tabasco,México,Chocolate origen,Baja,1,Regalos cacao,research
Regalos,Cestas de regalo,Canastas baby / nacimiento,,,,CDMX,CDMX,México,Ocasión,Baja,1,No navidad,research
Regalos,Cestas de regalo,Canastas Chiapas café/chocolate,,,,Tuxtla Gutiérrez,Chiapas,México,Boutique regional,Baja,1,Origen local,research
Regalos,Cestas de regalo,Canastas Culiacán boutique,,,,Culiacán,Sinaloa,México,Boutique regional,Baja,1,Noroeste,research
Regalos,Cestas de regalo,Canastas de boda / recuerdos,,,,CDMX,CDMX,México,Ocasión,Baja,1,Eventos,research
Regalos,Cestas de regalo,Canastas de café Chiapas,,,,Tuxtla Gutiérrez,Chiapas,México,Origen,Baja,1,Productores,research
Regalos,Cestas de regalo,Canastas de café especialidad,,,,CDMX,CDMX,México,Café gift,Baja,1,Grano + accesorios,research
Regalos,Cestas de regalo,Canastas de carrizo mayoreo,,,,CDMX,CDMX,México,Insumos,Baja,1,Contenedores para arcones,research
Regalos,Cestas de regalo,Canastas de chile / salsas Yucatán,,,,Mérida,Yucatán,México,Gourmet regional,Baja,1,Recados y salsas,research
Regalos,Cestas de regalo,Canastas de datil / dátil norte,,,,México,México,México,Gourmet,Baja,,Frutos secos,research
Regalos,Cestas de regalo,Canastas de galletas artesanales,,,,CDMX,CDMX,México,Repostería gift,Baja,1,Corporativo,research
Regalos,Cestas de regalo,Canastas de miel y artesanal MX,,,,México,México,México,Artesanal,Baja,,Productores,research
Regalos,Cestas de regalo,Canastas de mimbre La Merced,,,,CDMX,CDMX,México,Insumos / armado,Baja,1,Mimbre y carrizo mayoreo,research
Regalos,Cestas de regalo,Canastas de queso y vino independientes,,,,CDMX,CDMX,México,Gourmet,Baja,,Queserías + cava,research
Regalos,Cestas de regalo,Canastas de té e infusiones,,,,CDMX,CDMX,México,Gourmet,Baja,1,Té + galletas,research
Regalos,Cestas de regalo,Canastas día del padre / madre,,,,CDMX,CDMX,México,Ocasión,Baja,1,Calendario comercial,research
Regalos,Cestas de regalo,Canastas empresariales Cancún boutique,,,,Cancún,Q. Roo,México,Boutique hotelera,Baja,1,Regalos turismo/corp,research
Regalos,Cestas de regalo,Canastas empresariales GDL boutique,,,,Guadalajara,Jalisco,México,Boutique regional,Baja,1,Regalos corporativos occidente,research
Regalos,Cestas de regalo,Canastas empresariales León boutique,,,,León,Guanajuato,México,Boutique regional,Baja,1,Regalos corporativos,research
Regalos,Cestas de regalo,Canastas empresariales MTY boutique,,,,Monterrey,NL,México,Boutique regional,Baja,1,Regalos corporativos norte,research
Regalos,Cestas de regalo,Canastas empresariales Mérida boutique,,,,Mérida,Yucatán,México,Boutique regional,Baja,1,Regalos sureste,research
Regalos,Cestas de regalo,Canastas empresariales Puebla boutique,,,,Puebla,Puebla,México,Boutique regional,Baja,1,Regalos corporativos,research
Regalos,Cestas de regalo,Canastas empresariales Qro boutique,,,,Querétaro,Querétaro,México,Boutique regional,Baja,1,Regalos corporativos Bajío,research
Regalos,Cestas de regalo,Canastas empresariales Tijuana boutique,,,,Tijuana,BC,México,Boutique fronteriza,Baja,1,Regalos corporativos,research
Regalos,Cestas de regalo,Canastas graduación,,,,CDMX,CDMX,México,Ocasión,Baja,1,Junio / diciembre,research
Regalos,Cestas de regalo,Canastas Lomas,,,,CDMX,CDMX,México,Zona premium,Baja,1,Lomas de Chapultepec,research
Regalos,Cestas de regalo,Canastas Oaxaca gourmet,,,,Oaxaca,Oaxaca,México,Boutique regional,Baja,1,Productos artesanales locales,research
Regalos,Cestas de regalo,Canastas San Valentín gourmet,,,,CDMX,CDMX,México,Ocasión,Baja,1,Chocolate + vino,research
Regalos,Cestas de regalo,Canastas Yucatán gourmet,,,,Mérida,Yucatán,México,Boutique regional,Baja,1,Productos península,research
Regalos,Cestas de regalo,Cavas CDMX estuches,,,,CDMX,CDMX,México,Vinos,Baja,1,Estuche 2-3 botellas,research
Regalos,Cestas de regalo,Despensas empresariales GDL,,,,Guadalajara,Jalisco,México,Despensas,Baja,1,Prestaciones RH,research
Regalos,Cestas de regalo,Despensas empresariales MTY,,,,Monterrey,NL,México,Despensas,Baja,1,Prestaciones RH,research
Regalos,Cestas de regalo,Despensas empresariales Qro,,,,Querétaro,Querétaro,México,Despensas,Baja,1,RH Bajío,research
Regalos,Cestas de regalo,Despensas navideñas corporativas,,,,CDMX,CDMX,México,Despensas,Baja,1,Alternativa a arcones gourmet,research
Regalos,Cestas de regalo,Florerías con canastas CDMX,,,,CDMX,CDMX,México,Florería + gift,Baja,1,Canal tradicional,research
Regalos,Cestas de regalo,Florerías con canastas GDL,,,,Guadalajara,Jalisco,México,Florería + gift,Baja,1,Occidente,research
Regalos,Cestas de regalo,Florerías con canastas MTY,,,,Monterrey,NL,México,Florería + gift,Baja,1,Norte,research
Regalos,Cestas de regalo,Florerías con canastas Qro,,,,Querétaro,Querétaro,México,Florería + gift,Baja,1,Bajío,research
Regalos,Cestas de regalo,Godiva México gift,,,,CDMX,CDMX,México,Chocolate premium,Baja,1,Estuches,brand
Regalos,Cestas de regalo,Ki'Xocolatl canastas,,,,Mérida,Yucatán,México,Chocolate gourmet,Baja,1,Regalos origen Yucatán,research
Regalos,Cestas de regalo,Mezcalerías Oaxaca gift,,,,Oaxaca,Oaxaca,México,Destilados,Baja,1,Estuches mezcal,research
Regalos,Cestas de regalo,Moños y emplayado arcones,,,,CDMX,CDMX,México,Insumos packing,Baja,1,Armado de canastas,research
Regalos,Cestas de regalo,PromoOpción regalos corporativos,,,,México,México,México,Promocionales,Baja,,Merch + canastas,research
Regalos,Cestas de regalo,Queserías CDMX gift boxes,,,,CDMX,CDMX,México,Gourmet,Baja,1,Canastas de queso,research
Regalos,Cestas de regalo,Regalos corporativos aeropuertos duty,,,,México,México,México,Travel retail,Baja,,Estuches,research
Regalos,Cestas de regalo,Regalos promocionales CDMX talleres,,,,CDMX,CDMX,México,Merch,Baja,1,Branding en canastas,research
Regalos,Cestas de regalo,Sears arcones,,,,México,México,México,Retail,Baja,,Arcones temporada,brand
Regalos,Cestas de regalo,Spa / wellness gift baskets,,,,CDMX,CDMX,México,Wellness,Baja,1,Cosmética + té,research
Regalos,Cestas de regalo,Teleflora / Interflora MX,,,,México,México,México,Red floral + gifts,Baja,,Canastas y arreglos,research
Regalos,Cestas de regalo,Tequileras gift boxes Jalisco,,,,Guadalajara,Jalisco,México,Destilados,Baja,1,Estuches tequila,research
Regalos,Cestas de regalo,Vinos y canastas CDMX,,,,CDMX,CDMX,México,Línea vinos,Baja,1,Canastas con vino y licor,research
Regalos,Cestas de regalo,Wolter chocolate / café gift,,,,Chiapas,Chiapas,México,Origen Chiapas,Baja,1,Canastas café-cacao,research
Joyeria,Charms,Charms Lab,https://charmslab.mx/,hola@charmslab.mx,3315309966,Guadalajara,Jalisco,México,Ejemplo original,Alta,8,"Ejemplo del cliente — envío gratis >$399, WA 3325080045",ejemplo_cliente
Joyeria,Charms,El Relicario de Plata,https://www.elrelicariodeplata.com/,,7621098780,Taxco,Guerrero,México,Fabricante,Alta,6,"Miguel Hidalgo 33, dijes y relicarios mayoreo",research
Joyeria,Charms,Joyería Taxco 925,https://www.taxco925.com/,,7621224439,Taxco,Guerrero,México,Fabricante,Alta,6,"Plata .925, envíos MX y USA",research
Joyeria,Charms,Malandra Jewelry,https://malandra.mx/,clientes@malandra.mx,8114886601,San Pedro Garza García,NL,México,Marca D2C,Alta,9,"Av. del Roble 660 Valle Campestre, mayoreo sucursales",research
Joyeria,Charms,Plarte,https://plarte.com.mx/,ventas@plarte.com.mx,4444909860,San Luis Potosí,SLP,México,Mayoreo,Alta,9,"Iturbide 539 Centro, plata 925, menudeo + mayoreo",research
Joyeria,Charms,Platería Emma,https://plateriaemma-mayoreo.com/,plateriaemma@gmail.com,7626226231,Taxco,Guerrero,México,Mayoreo,Alta,9,"Real de Cuauhtémoc 4, WA 7621117406",research
Joyeria,Charms,TANE México,https://mx.tane.com/,hola@tane.mx,5579708263,CDMX,CDMX,México,Marca lujo,Alta,9,"Casa de plata desde 1942, concierge@tane.mx",brand
Joyeria,Charms,CB Importadora Palma Norte,,,5531242553,CDMX,CDMX,México,Mayoreo,Media,4,"Palma Norte 330 local 3, charms tipo Pandora",research
Joyeria,Charms,Centro Joyero GDL / Joyeros.mx,https://joyeros.mx/,,,Guadalajara,Jalisco,México,Cluster,Media,3,"Oro y plata italiana 925, mayoreo y menudeo",research
Joyeria,Charms,Charms (ejemplo original),https://charmslab.mx/,,,,,México,Ejemplo original,Media,2,Seed del cliente,ejemplo_cliente
Joyeria,Charms,Charms GDL,https://charmsgdl.com/,,,Guadalajara,Jalisco,México,Ecom,Media,4,"Pandora-style S925, entregas personales GDL",research
Joyeria,Charms,Charms SMX / Charms MX,https://www.charmssmx.com/,,,CDMX,CDMX,México,D2C,Media,4,"Dijes plata 925, entrega metro >$999 gratis",research
Joyeria,Charms,Fabiola Fitz Jewelry,,,7621222248,Taxco,Guerrero,México,Fabricante,Media,4,Fabricante de plata .925 de Taxco; WhatsApp 762 122 2248,research
Joyeria,Charms,Faustino Joyería de Herencia,https://faustino.com.mx/,,,Taxco,Guerrero,México,Mayoreo,Media,4,"Plata .925 de Taxco; dijes, anillos y aretes; mayoreo directo por WhatsApp",research
Joyeria,Charms,Joyas en Plata Taxco,https://www.joyasenplata.mx/,,,Taxco,Guerrero,México,Mayoreo,Media,4,"Fabricante SRC #39, export América/Europa/Asia",research
Joyeria,Charms,Joyería Meztli Plata,,,,Taxco,Guerrero,México,Mayoreo,Media,2,"Plata .925 mayoreo desde Taxco, modelos para revendedores",research
Joyeria,Charms,Maxijoyas Correo Mayor,,,,CDMX,CDMX,México,Mayoreo,Media,2,"Correo Mayor 62 Local 1, pulseras + charms",research
Joyeria,Charms,Platería Amor 925,,,,Taxco,Guerrero,México,Mayoreo,Media,2,"Plata .925 mayoreo y menudeo, tienda en Taxco",research
Joyeria,Charms,Platería Cardeli,,,7621034520,Taxco,Guerrero,México,Mayoreo,Media,4,"Anillos, cadenas y dijes en plata .925, precio mayoreo desde 1 pieza",research
Joyeria,Charms,TONY Mayoreo,,,,Taxco,Guerrero,México,Mayoreo,Media,2,"Cientos de modelos de aretes, cadenas, dijes y pulseras en plata .925",research
Salud,Colágeno hidrolizado,Grenetina Andrade / PIASA,http://www.grenetina.mx/,,(477) 763-6312,León,Guanajuato,México,Fabricante,Alta,6,Colágeno medio mayoreo desde 20kg,b2b_quiminet_dirind
Salud,Colágeno hidrolizado,PROSA Productos Naturales,https://www.prosaproductosnaturales.mx,prosa@prosaenlinea.com.mx,(55) 5741-2966,CDMX,CDMX,México,Naturales,Alta,8,Cápsulas y naturales,b2b_quiminet_dirind
Salud,Colágeno hidrolizado,Prosperidad Vital NeoLife,https://www.prosperidadvital.com.mx,prosperidad.vital@gmail.com,(55) 8580-7013,CDMX,CDMX,México,Distribuidor MLM,Alta,9,NeoLife,retail_ecom
Salud,Colágeno hidrolizado,Sesén Company / Sesén Colágeno,https://sesencompany.com/,servicioalcliente@sesencolageno.com,(238) 241-1090,Santiago Miahuatlán,Puebla,México,Marca D2C / fabricante,Alta,9,Top Profeco; péptidos bioactivos; matcha/silver,marcas_d2c
Salud,Colágeno hidrolizado,Suplementos de Colágeno S.A. de C.V.,,suplementosdecolageno@gmail.com,(477) 781-2762,León,Guanajuato,México,Fabricante B2B,Alta,7,Colágeno bovino polvo + grenetina; WA 4776487025,b2b_quiminet_dirind
Salud,Colágeno hidrolizado,Tecnua Tecnología y Nutrición,https://www.soyamix.com.mx,alberto_perez@tecnua.com,800-500-4567,León,Guanajuato,México,Nutrición aplicada,Alta,8,Proteínas y nutracéuticos,b2b_quiminet_dirind
Salud,Colágeno hidrolizado,Ultra Soya,https://www.ultrasoya.com.mx,ultrasoya85@hotmail.com,(33) 3694-4103,Guadalajara,Jalisco,México,Vitaminas naturales,Alta,8,Distribuidor,b2b_quiminet_dirind
Salud,Colágeno hidrolizado,Vivalvia / Vivalvia SAS,https://www.vivalvia.com,contacto@vivalvia.com,55 5692 3893,CDMX,CDMX,México,B2B péptidos,Alta,9,Distribución péptidos,b2b_quiminet_dirind
Salud,Colágeno hidrolizado,Vivalvia S.A.S. de C.V.,https://www.vivalvia.com,contacto@vivalvia.com,(55) 5692-3893,CDMX,CDMX,México,Distribuidor péptidos,Alta,9,Materia prima péptidos bioactivos mayoreo,b2b_quiminet_dirind
Salud,Colágeno hidrolizado,Welbing Inc / Welbing México,https://www.welbingmexico.com,equipodeventas@welbingmexico.com,(55) 5360-4763,CDMX,CDMX,México,Superfoods granel,Alta,8,Marca propia + granel,b2b_quiminet_dirind
Salud,Colágeno hidrolizado,A&G Persea,https://agpersea.mx/,,,México,México,México,Marca,Media,3,Colágeno arándano 1.2kg,marcas_d2c
Salud,Colágeno hidrolizado,Al Natural Colágeno,https://alnatural.mx/,,,México,México,México,Marca D2C,Media,3,10g porción,marcas_d2c
Salud,Colágeno hidrolizado,Altagamma Colágeno Marino,https://altagamma.mx/,,,México,México,México,Marca,Media,3,Origen marino,marcas_d2c
Salud,Colágeno hidrolizado,AMARU Colágeno,,,,Ecatepec,EdoMex,México,Mayoreo,Media,2,Polvo 25kg,b2b_quiminet_dirind
Salud,Colágeno hidrolizado,AMINOVITA Y QUIMICOS,,,55 8920 2387,EdoMex,EdoMex,México,Químicos,Media,3,Colágeno San Mateo Nopala,b2b_quiminet_dirind
Salud,Colágeno hidrolizado,Amway Nutrilite MX,https://www.amway.com.mx/,,,México,México,México,MLM,Media,2,Nutrilite,retail_ecom
Salud,Colágeno hidrolizado,Azelis México,https://www.azelis.com/,,,México,México,México,Distribuidor,Media,3,Life sciences,b2b_quiminet_dirind
Salud,Colágeno hidrolizado,B Life,https://www.blife.mx/,,,México,México,México,Marca D2C,Media,3,Collagen blend I-II-III-V-X; fuerte ecom,marcas_d2c
Salud,Colágeno hidrolizado,Barosa Labs,https://barosalabs.com/,,,México,México,México,Maquila suplementos,Media,2,Fabrica colágeno+HA marca propia,b2b_quiminet_dirind
Salud,Colágeno hidrolizado,Bayer Consumer MX,https://www.bayer.com.mx/,,,México,México,México,Farmacéutica,Media,2,Consumer health,labs_pharma
Salud,Colágeno hidrolizado,Belabear / Belacaps,https://solanum.com.mx/,,,México,México,México,Marca gomitas,Media,3,Colágeno + biotina gomitas,marcas_d2c
Salud,Colágeno hidrolizado,BHP Colágeno,https://bhp.mx/,,,México,México,México,Marca deportiva,Media,3,Alto en proteínas,marcas_d2c
Salud,Colágeno hidrolizado,Biomiral / Colagener,https://biomiral.mx/,,,México,México,México,Marca D2C,Media,3,COLAGENER Tipo I,marcas_d2c
Salud,Colágeno hidrolizado,Birdman plant protein + colágeno?,https://birdman.com.mx/,,,México,México,México,Marca plant,Media,3,Proteínas MX,extra_marcas
Salud,Colágeno hidrolizado,Bodega Aurrera,https://www.bodegaaurrera.com.mx/,,,México,México,México,Retail,Media,2,Suplementos,retail_ecom
Salud,Colágeno hidrolizado,Brenntag México,https://www.brenntag.com/,,,México,México,México,Distribuidor químico,Media,3,Ingredientes,b2b_quiminet_dirind
Salud,Colágeno hidrolizado,Caalfrabet mayoreo,https://caalfrabet.com.mx/,,,México,México,México,Mayoreo,Media,3,Pretty Bee y más,extra_marcas
Salud,Colágeno hidrolizado,Cahuenga,https://cahuenga.mx/,,,México,México,México,Marca mexicana,Media,3,Colágeno avalado Profeco,marcas_d2c
Salud,Colágeno hidrolizado,Carticap,https://carticap.mx/,,,México,México,México,Marca articular,Media,3,Glucosamina + condroitina,marcas_d2c
Salud,Colágeno hidrolizado,Chedraui,https://www.chedraui.com.mx/,,,México,México,México,Supermercado,Media,2,Retail,retail_ecom
Salud,Colágeno hidrolizado,Chinoin,https://www.chinoin.com/,,,México,México,México,Farmacéutica MX,Media,2,OTC,labs_pharma
Salud,Colágeno hidrolizado,Colagelite,,,,Oaxaca,Oaxaca,México,Marca/sabor,Media,2,Polvo fresa,b2b_quiminet_dirind
Salud,Colágeno hidrolizado,Collagen Labores Nutrition,https://laboresnutrition.com/,,,México,México,México,Marca (import/EUA),Media,3,Top Profeco concentración,marcas_d2c
Salud,Colágeno hidrolizado,Colnatur MX,https://colnatur.mx/,,,México,México,México,Marca EU,Media,3,Farmacia,marcas_d2c
Salud,Colágeno hidrolizado,Costco México,https://www.costco.com.mx/,,,México,México,México,Club mayoreo,Media,3,Sesén Entera Vital Proteins,retail_ecom
Salud,Colágeno hidrolizado,Darling Ingredients / Rousselot,https://www.rousselot.com/,,,México,México,México,Industrial,Media,2,Peptan,b2b_quiminet_dirind
Salud,Colágeno hidrolizado,Drogas Tacuba SA de CV,,,55 4172 5953,CDMX,CDMX,México,Distribuidor farmacéutico,Media,4,Colágeno a granel grado,b2b_quiminet_dirind
Salud,Colágeno hidrolizado,Enature,https://enature.mx/,,,México,México,México,Marca natural,Media,3,Suplementos,extra_marcas
Salud,Colágeno hidrolizado,Energeios,https://energeios.mx/,,,México,México,México,Marca,Media,3,Kit antiedad 2 meses,marcas_d2c
Salud,Colágeno hidrolizado,Entera Pharma,https://enterapharma.mx/,,,México,México,México,Marca farmacéutica,Media,3,Colágeno puro sin azúcar; Costco,marcas_d2c
Salud,Colágeno hidrolizado,Esika / Belcorp MX,https://www.esika.com/,,,México,México,México,MLM,Media,2,Belleza,retail_ecom
Salud,Colágeno hidrolizado,Facial Time Colágeno,https://facialtime.mx/,,,México,México,México,Marca,Media,3,Puro 450g,marcas_d2c
Salud,Colágeno hidrolizado,Farma2go,https://farma2go.com/,,,México,México,México,Ecom farmacia,Media,3,Comparativas colágeno,retail_ecom
Salud,Colágeno hidrolizado,Farmacia Emergencias,https://farmaciaemergencias.com.mx/,,,México,México,México,Farmacia ecom,Media,3,Naturex colágeno,retail_ecom
Salud,Colágeno hidrolizado,Farmacia Paris,https://www.farmaciaparis.com/,,,México,México,México,Cadena,Media,2,Retail,retail_ecom
Salud,Colágeno hidrolizado,Farmacias Benavides,https://www.benavides.com.mx/,,,México,México,México,Cadena farmacia,Media,2,Retail norte,retail_ecom
Salud,Colágeno hidrolizado,Farmacias del Ahorro,https://www.fahorro.com/,,,México,México,México,Cadena farmacia,Media,2,Retail colágeno,retail_ecom
Salud,Colágeno hidrolizado,Farmacias del Ahorro online colágeno SKUs,https://www.fahorro.com/,,,México,México,México,Retail,Media,2,Multi SKU,extra_marcas
Salud,Colágeno hidrolizado,Farmacias Guadalajara,https://www.farmaciasguadalajara.com/,,,México,México,México,Cadena farmacia,Media,2,Retail,retail_ecom
Salud,Colágeno hidrolizado,Farmacias San Pablo,https://www.farmaciasanpablo.com.mx/,,,México,México,México,Cadena farmacia,Media,2,Retail,retail_ecom
Salud,Colágeno hidrolizado,Farmacias Similares,https://www.farmaciasdesimilares.com/,,,México,México,México,Cadena,Media,2,Retail genéricos,retail_ecom
Salud,Colágeno hidrolizado,FARVESA,,,33 2505 2268,Jalisco,Jalisco,México,Proveedor,Media,3,Colágeno,b2b_quiminet_dirind
Salud,Colágeno hidrolizado,Femzen,https://femzen.mx/,,,México,México,México,Marca mujer,Media,3,Péptidos bioactivos,marcas_d2c
Salud,Colágeno hidrolizado,Forever Living MX,https://foreverliving.com.mx/,,,México,México,México,MLM,Media,2,Aloe + suplementos,retail_ecom
Salud,Colágeno hidrolizado,Future Foods,,,55 8526 4923,Tlalnepantla,EdoMex,México,Ingredientes,Media,3,Colágeno pescado 90%,b2b_quiminet_dirind
Salud,Colágeno hidrolizado,Gelicart / Gelicart Action,https://gelicart.mx/,,,México,México,México,Marca farmacéutica,Media,3,Sobres 10g/20g,marcas_d2c
Salud,Colágeno hidrolizado,Gelita México,https://www.gelita.com/,,,México,México,México,Fabricante global,Media,3,Péptidos colágeno industrial,b2b_quiminet_dirind
Salud,Colágeno hidrolizado,Genomma Lab,https://www.genommalab.com/,,,México,México,México,Farmacéutica OTC,Media,2,Wellness brands,labs_pharma
Salud,Colágeno hidrolizado,Genové Fluidbase,https://genove.mx/,,,México,México,México,Marca dermato,Media,3,Rederm sobres,marcas_d2c
Salud,Colágeno hidrolizado,Gibanibb,,,,Guadalajara,Jalisco,México,Marca/sabor,Media,2,Colágeno durazno,b2b_quiminet_dirind
Salud,Colágeno hidrolizado,GNC México,https://www.gnc.com.mx/,,,México,México,México,Cadena suplementos,Media,2,Retail colágeno,retail_ecom
Salud,Colágeno hidrolizado,Green Corner,https://greencorner.mx/,,,CDMX,CDMX,México,Tienda orgánica,Media,3,Retail,retail_ecom
Salud,Colágeno hidrolizado,Greenside Resveratrol,https://greenside.mx/,,,México,México,México,Marca,Media,3,Complemento antiedad,marcas_d2c
Salud,Colágeno hidrolizado,Haleon MX,https://www.haleon.com/,,,México,México,México,Consumer health,Media,2,OTC,extra_marcas
Salud,Colágeno hidrolizado,Healthy Superfoods Colágeno,https://healthysuperfoods.mx/,,,México,México,México,Marca,Media,3,Polvo sin gluten,marcas_d2c
Salud,Colágeno hidrolizado,HEB México,https://www.heb.com.mx/,,,Monterrey,NL,México,Supermercado,Media,3,Vidanat retail,retail_ecom
Salud,Colágeno hidrolizado,Herbalife México,https://www.herbalife.com.mx/,,,México,México,México,MLM,Media,2,Suplementos red,retail_ecom
Salud,Colágeno hidrolizado,Hierbas Medicinales Puebla,,,22 2968 8438,Puebla,Puebla,México,Mayoreo naturista,Media,4,Colágeno y pescado 90%,b2b_quiminet_dirind
Salud,Colágeno hidrolizado,iHerb México envíos,https://www.iherb.com/,,,México,México,México,Ecom internacional,Media,3,Canal import,retail_ecom
Salud,Colágeno hidrolizado,IMCD México,https://www.imcdgroup.com/,,,México,México,México,Distribuidor,Media,3,Ingredientes especialidad,b2b_quiminet_dirind
Salud,Colágeno hidrolizado,Jafra MX,https://www.jafra.com.mx/,,,México,México,México,MLM belleza,Media,2,Algunos nutricosméticos,retail_ecom
Salud,Colágeno hidrolizado,Kilani Colágeno,https://kilani.mx/,,,México,México,México,Marca,Media,3,HA + biotina + vit C,marcas_d2c
Salud,Colágeno hidrolizado,Krystal Nutrition / Kali Natura,https://krystalnutrition.mx/,,,México,México,México,Marca D2C,Media,3,Colágeno hidrolizado,marcas_d2c
Salud,Colágeno hidrolizado,La Comer / City Market,https://www.lacomer.com.mx/,,,México,México,México,Supermercado premium,Media,2,Wellness,retail_ecom
Salud,Colágeno hidrolizado,Laboratorios Layroch Mexico,,,55 9602 4534,CDMX,CDMX,México,Laboratorio,Media,3,Colágeno + HA,b2b_quiminet_dirind
Salud,Colágeno hidrolizado,Laboratorios Liomont,https://www.liomont.com.mx/,,,México,México,México,Farmacéutica,Media,2,Posible línea,labs_pharma
Salud,Colágeno hidrolizado,Laboratorios Pisa,https://www.pisa.com.mx/,,,Guadalajara,Jalisco,México,Farmacéutica,Media,3,Ejemplo medtech cliente,labs_pharma
Salud,Colágeno hidrolizado,Laboratorios Sanfer,https://www.sanfer.com.mx/,,,México,México,México,Farmacéutica,Media,2,OTC,labs_pharma
Salud,Colágeno hidrolizado,Life 180,https://life180.mx/,,,México,México,México,Marca D2C,Media,3,Colágeno + HA frutos rojos,marcas_d2c
Salud,Colágeno hidrolizado,Life 360+,https://www.blife.mx/,,,México,México,México,Marca D2C,Media,3,Línea Life360 colágeno y multis,marcas_d2c
Salud,Colágeno hidrolizado,Lifeed5,https://lifeed5.mx/,,,México,México,México,Marca D2C,Media,3,Colágeno + glucosamina + condroitina,marcas_d2c
Salud,Colágeno hidrolizado,Liverpool,https://www.liverpool.com.mx/,,,México,México,México,Department store,Media,2,Life360 B Life Pronat,retail_ecom
Salud,Colágeno hidrolizado,Lowpi comparador,https://lowpi.com/,,,México,México,México,Comparador precios,Media,2,No lead venta directa,extra_marcas
Salud,Colágeno hidrolizado,Maklen Colágeno Tipo II,https://maklen.mx/,,,México,México,México,Marca,Media,3,Tipo II no hidrolizado,marcas_d2c
Salud,Colágeno hidrolizado,Mary Kay MX,https://www.marykay.com.mx/,,,México,México,México,MLM,Media,2,Belleza,retail_ecom
Salud,Colágeno hidrolizado,Mayoreo Naturista,https://www.mayoreonaturista.com/,,,México,México,México,Mayoreo naturista,Media,3,Colágeno varias marcas; envíos MX/USA,retail_ecom
Salud,Colágeno hidrolizado,Mercado Libre suplementos,https://www.mercadolibre.com.mx/,,,México,México,México,Marketplace,Media,2,Canal multiproducto,retail_ecom
Salud,Colágeno hidrolizado,Miniso wellness limitado,https://www.miniso.com.mx/,,,México,México,México,Retail,Media,2,Accesorios belleza,retail_ecom
Salud,Colágeno hidrolizado,Muscle Max Plus,https://musclemaxplus.com/,,,México,México,México,Ecom suplementos,Media,3,+105 productos colágeno,retail_ecom
Salud,Colágeno hidrolizado,Naturagel Biotina,https://naturagel.mx/,,,México,México,México,Marca,Media,3,Línea belleza,marcas_d2c
Salud,Colágeno hidrolizado,Nature's Bounty MX,https://naturesbounty.mx/,,,México,México,México,Marca internacional,Media,3,Cápsulas 1000mg,marcas_d2c
Salud,Colágeno hidrolizado,Nature's Heart retail,https://naturesheart.com.mx/,,,México,México,México,Marca/retail,Media,3,Healthy foods,retail_ecom
Salud,Colágeno hidrolizado,Neocell Super Collagen,https://neocell.com/,,,México,México,México,Import,Media,2,Retail MX,marcas_d2c
Salud,Colágeno hidrolizado,NeoLife México,https://neolife.com/,,,México,México,México,MLM,Media,2,Prosperidad Vital distrib,retail_ecom
Salud,Colágeno hidrolizado,NT Nutrition,https://ntnutrition.mx/,,,México,México,México,Marca,Media,3,Colágeno 90 caps,marcas_d2c
Salud,Colágeno hidrolizado,Nutrisa,https://www.nutrisa.com/,,,México,México,México,Cadena healthy,Media,2,Retail/franquicia,retail_ecom
Salud,Colágeno hidrolizado,Nártex Wellness,https://nartex.mx/,,,México,México,México,Marca D2C,Media,3,Colágeno premium,marcas_d2c
Salud,Colágeno hidrolizado,Oby Vitaminas,https://oby.mx/,,,México,México,México,Marca,Media,3,Complex 4 tipos colágeno,marcas_d2c
Salud,Colágeno hidrolizado,Olnatura JustCollagen,https://olnatura.mx/,,,México,México,México,Marca D2C,Media,3,Profeco favorable,marcas_d2c
Salud,Colágeno hidrolizado,Omnilife,https://www.omnilife.com/,,,Guadalajara,Jalisco,México,MLM,Media,3,Suplementos,retail_ecom
Salud,Colágeno hidrolizado,Orangelart Colágeno,https://orangelart.mx/,,,México,México,México,Marca,Media,3,Colágeno 200mg caps,marcas_d2c
Salud,Colágeno hidrolizado,Palacio de Hierro,https://www.elpalaciodehierro.com/,,,México,México,México,Department store,Media,2,Premium wellness,retail_ecom
Salud,Colágeno hidrolizado,Pretty Bee Nutrition,https://caalfrabet.com.mx/,,,México,México,México,Marca mayoreo,Media,3,Colágeno tipo 2 y 3,marcas_d2c
Salud,Colágeno hidrolizado,Primetech Colágeno,https://primet.mx/,,,México,México,México,Marca/retail,Media,3,Colágeno 1kg mayoreo-friendly,marcas_d2c
Salud,Colágeno hidrolizado,Productos Químicos y Naturistas PROQUINAT,,,55 9602 4661,México,México,México,Químicos naturistas,Media,2,Proveedor colágeno,b2b_quiminet_dirind
Salud,Colágeno hidrolizado,Pronat,https://pronat.mx/,,,México,México,México,Marca naturista,Media,3,Colagen + HA caps,marcas_d2c
Salud,Colágeno hidrolizado,Ravanaturals,,,,Zapopan,Jalisco,México,Mayoreo sabores,Media,2,Colágeno piña granel,b2b_quiminet_dirind
Salud,Colágeno hidrolizado,ResVitále,https://resvitale.mx/,,,México,México,México,Marca,Media,3,Profeco favorable,marcas_d2c
Salud,Colágeno hidrolizado,Rousselot México,https://www.rousselot.com/,,,Naucalpan,EdoMex,México,Fabricante global,Media,4,Gelatina/colágeno industrial Satélite,b2b_quiminet_dirind
Salud,Colágeno hidrolizado,Saisa Herbal,https://saisaherbal.mx/,,,México,México,México,Marca herbal,Media,3,Colágeno marino,marcas_d2c
Salud,Colágeno hidrolizado,Sally Beauty MX,https://sallybeauty.mx/,,,México,México,México,Belleza,Media,2,Retail belleza,retail_ecom
Salud,Colágeno hidrolizado,Salud & Vida MX,https://saludvida.com.mx/,,,México,México,México,Marca D2C + mayoreo,Media,3,Péptidos colágeno; programa mayoreo,marcas_d2c
Salud,Colágeno hidrolizado,Sam's Club México,https://www.sams.com.mx/,,,México,México,México,Club mayoreo,Media,3,Suplementos,retail_ecom
Salud,Colágeno hidrolizado,Sanborns,https://www.sanborns.com.mx/,,,México,México,México,Retail,Media,2,Suplementos,retail_ecom
Salud,Colágeno hidrolizado,Schaum Colágeno,https://schaum.mx/,,,México,México,México,Fabricante D2C+mayoreo,Media,3,Dueños de marca; farmacias/spas,marcas_d2c
Salud,Colágeno hidrolizado,Sears México,https://www.sears.com.mx/,,,México,México,México,Department store,Media,2,Cahuenga etc,retail_ecom
Salud,Colágeno hidrolizado,Seltz Colágeno,https://seltz.mx/,,,México,México,México,Marca,Media,3,HA + colágeno tubos,marcas_d2c
Salud,Colágeno hidrolizado,Senosiain,https://www.senosiain.com.mx/,,,México,México,México,Farmacéutica,Media,2,OTC,labs_pharma
Salud,Colágeno hidrolizado,Silanes,https://www.silanes.com.mx/,,,México,México,México,Farmacéutica,Media,2,OTC,labs_pharma
Salud,Colágeno hidrolizado,Skin Vit Nutrition Company,https://skinvit.mx/,,,México,México,México,Marca,Media,3,60 caps,marcas_d2c
Salud,Colágeno hidrolizado,Solanum,https://solanum.com.mx/,,,México,México,México,Marca D2C,Media,3,Colágeno + vitaminas Belabear,marcas_d2c
Salud,Colágeno hidrolizado,Soriana,https://www.soriana.com/,,,México,México,México,Supermercado,Media,2,Retail,retail_ecom
Salud,Colágeno hidrolizado,SUNNY DAY INGREDIENTS,,,33 8526 2330,Zapopan,Jalisco,México,Ingredientes,Media,3,Colágeno ingredientes,b2b_quiminet_dirind
Salud,Colágeno hidrolizado,Superama / Walmart Express,https://www.walmart.com.mx/,,,México,México,México,Supermercado,Media,2,Retail,retail_ecom
Salud,Colágeno hidrolizado,Superfoods2go,,,,San Nicolás,NL,México,Mayoreo,Media,2,Tipo A/B polvo,b2b_quiminet_dirind
Salud,Colágeno hidrolizado,Supernaturista,https://supernaturista.com/,,,México,México,México,Ecom naturista,Media,3,Vidanat Pronat Ypenza,retail_ecom
Salud,Colágeno hidrolizado,Taarzon Chem,,,33 8526 2330,Zapopan,Jalisco,México,Químicos,Media,3,Colágeno proteína polvo,b2b_quiminet_dirind
Salud,Colágeno hidrolizado,The Blue Formula,https://theblueformula.com/,,,México,México,México,Marca D2C,Media,3,Ejemplo original del cliente,ejemplo
Salud,Colágeno hidrolizado,The Green Corner,https://thegreencorner.mx/,,,CDMX,CDMX,México,Orgánico,Media,3,Retail,retail_ecom
Salud,Colágeno hidrolizado,UNIQUIM / ABEI Química,,,72 2507 2258,Metepec,EdoMex,México,Químicos,Media,3,Colágeno,b2b_quiminet_dirind
Salud,Colágeno hidrolizado,Vidanat,https://vidanat.mx/,,,México,México,México,Marca D2C,Media,3,Colágeno puro; Profeco positivo,marcas_d2c
Salud,Colágeno hidrolizado,Videm Superfoods,https://videm.mx/,,,México,México,México,Ecom superfoods,Media,3,Colágeno sabores,retail_ecom
Salud,Colágeno hidrolizado,Vital Proteins MX,https://vitalproteins.com/,,,México,México,México,Marca internacional,Media,3,Péptidos bovino Costco,marcas_d2c
Salud,Colágeno hidrolizado,Vital Suplementos Mex,https://vitalsuplementosmex.com/,,,México,México,México,Ecom,Media,3,Gomitas vitaminas (nicho hermano),extra_marcas
Salud,Colágeno hidrolizado,Vitatú,https://vitatu.mx/,,,México,México,México,Marca mujer,Media,3,Colágeno + HA + biotina,marcas_d2c
Salud,Colágeno hidrolizado,VitHerbal Colágeno,https://vitherbal.mx/,,,México,México,México,Marca,Media,3,Profeco observó,marcas_d2c
Salud,Colágeno hidrolizado,Walmart México,https://www.walmart.com.mx/,,,México,México,México,Retail,Media,2,Ypenza Spring Valley,retail_ecom
Salud,Colágeno hidrolizado,Widl Health,https://widlhealth.mx/,,,México,México,México,Marca,Media,3,Colágeno + biotina 1kg,marcas_d2c
Salud,Colágeno hidrolizado,WONU Women's Nutrition,https://wonu.mx/,,,México,México,México,Marca D2C mujer,Media,3,Colágeno + electrolitos,marcas_d2c
Salud,Colágeno hidrolizado,WU Nutrition,https://wunutrition.mx/,,,México,México,México,Marca,Media,3,Colágeno + HA + biotina,marcas_d2c
Salud,Colágeno hidrolizado,Youtheory Colágeno,https://youtheory.com/,,,México,México,México,Marca internacional,Media,3,6000mg tabletas Costco,marcas_d2c
Salud,Colágeno hidrolizado,Ypenza,https://ypenza.mx/,,,México,México,México,Marca suplementos,Media,3,Colágeno 1.1kg sabores,marcas_d2c
Salud,Colágeno hidrolizado,Zen Natura / Zennatura,https://zennatura.mx/,,,México,México,México,Marca,Media,3,HA + colágeno 1.1kg,marcas_d2c
Salud,Colágeno hidrolizado,Élan Vital,https://elanvital.mx/,,,México,México,México,Marca D2C,Media,3,Colágeno 10g + HA; COA verificado,marcas_d2c
Salud,Colágeno hidrolizado,Abastecedora Química Hasen,,,,Pachuca,Hidalgo,México,Químicos,Baja,1,Colágeno,b2b_quiminet_dirind
Salud,Colágeno hidrolizado,ABUNDIS COMPANY,,,,Tlalnepantla,EdoMex,México,Proveedor,Baja,1,Tenayuca,b2b_quiminet_dirind
Salud,Colágeno hidrolizado,AGROMASTER SA DE CV,,,,México,México,México,Veterinario,Baja,,Colágeno para caballos,b2b_quiminet_dirind
Salud,Colágeno hidrolizado,ALEPHQUIM,,,,CDMX,CDMX,México,Químicos,Baja,1,Colágeno grado alimenticio,b2b_quiminet_dirind
Salud,Colágeno hidrolizado,Alpharma México,,,,México,México,México,Farmacéutica,Baja,,Genéricos,labs_pharma
Salud,Colágeno hidrolizado,Alta Potencia Nutrición Ortomolecular,,,,CDMX,CDMX,México,Ortomolecular,Baja,1,Colágeno + vit C,b2b_quiminet_dirind
Salud,Colágeno hidrolizado,Amazon México sellers colágeno,https://www.amazon.com.mx/,,,México,México,México,Marketplace,Baja,1,Canal multiproducto,retail_ecom
Salud,Colágeno hidrolizado,AMFHER FOODS,,,,México,México,México,Food ingredients,Baja,,Colágeno,b2b_quiminet_dirind
Salud,Colágeno hidrolizado,América Alimentos,,,,México,México,México,Alimentos,Baja,,Colágeno QuimiNet,b2b_quiminet_dirind
Salud,Colágeno hidrolizado,Ashland México,,,,México,México,México,Ingredientes,Baja,,Farmacéutico,b2b_quiminet_dirind
Salud,Colágeno hidrolizado,BANA Balance Natural de México,,,,México,México,México,Natural,Baja,,Colágeno,b2b_quiminet_dirind
Salud,Colágeno hidrolizado,BASF Nutrition MX,,,,México,México,México,Ingredientes,Baja,,Nutrición humana,b2b_quiminet_dirind
Salud,Colágeno hidrolizado,Beauty Collagen MX,,,,México,México,México,Seller,Baja,,Marketplace,ingredients_sellers
Salud,Colágeno hidrolizado,Betterware catálogo wellness,,,,México,México,México,Catálogo,Baja,,Canal,retail_ecom
Salud,Colágeno hidrolizado,BHN Ingredients,,,,México,México,México,Ingredientes,Baja,,Colágeno,b2b_quiminet_dirind
Salud,Colágeno hidrolizado,BioNutrex International,,,,México,México,México,Nutracéuticos,Baja,,Colágeno,b2b_quiminet_dirind
Salud,Colágeno hidrolizado,Bodybalance sellers,,,,México,México,México,Ingrediente branded,Baja,,Gelita body,ingredients_sellers
Salud,Colágeno hidrolizado,Bruluart,,,,México,México,México,Farmacéutica,Baja,,OTC,labs_pharma
Salud,Colágeno hidrolizado,BSN MX dist,,,,México,México,México,Distribuidor,Baja,1,Import,extra_marcas
Salud,Colágeno hidrolizado,Carnot Laboratorios,,,,México,México,México,Farmacéutica,Baja,,OTC,labs_pharma
Salud,Colágeno hidrolizado,Centrum colágeno líneas,,,,México,México,México,OTC,Baja,,Haleon,extra_marcas
Salud,Colágeno hidrolizado,Clínicas estéticas insumos colágeno oral,,,,México,México,México,Clínicas,Baja,,Canal profesional,regional
Salud,Colágeno hidrolizado,COGRESA,,,,México,México,México,Proveedor,Baja,,Mayoreo colágeno,b2b_quiminet_dirind
Salud,Colágeno hidrolizado,Colapro,,,,México,México,México,Ingrediente,Baja,,Colágeno,ingredients_sellers
Salud,Colágeno hidrolizado,Collagen HM,,,,México,México,México,Ingrediente,Baja,,Industrial,ingredients_sellers
Salud,Colágeno hidrolizado,Collagen Plus MX,,,,México,México,México,Seller,Baja,,Marketplace,ingredients_sellers
Salud,Colágeno hidrolizado,Collagen Woman MX,,,,México,México,México,Seller,Baja,,Marketplace,ingredients_sellers
Salud,Colágeno hidrolizado,Colágeno + Magnesio sellers,,,,México,México,México,Seller formula,Baja,,Marketplace,extra_marcas
Salud,Colágeno hidrolizado,Colágeno + Vitamina C sellers,,,,México,México,México,Seller formula,Baja,,Marketplace,extra_marcas
Salud,Colágeno hidrolizado,Colágeno de Pescado MX marcas locales,,,,México,México,México,Subnicho marino,Baja,,Varias marcas,extra_marcas
Salud,Colágeno hidrolizado,Colágeno deportivo gym brands MX,,,,México,México,México,Deportivo,Baja,,Cluster,extra_marcas
Salud,Colágeno hidrolizado,Colágeno Japonés sellers MX,,,,México,México,México,Import sellers,Baja,,Marketplace,ingredients_sellers
Salud,Colágeno hidrolizado,Colágeno nocturno sellers,,,,México,México,México,Seller formula,Baja,,Marketplace,extra_marcas
Salud,Colágeno hidrolizado,Colágeno Premium Alemania sellers,,,,México,México,México,Import sellers,Baja,,Marketplace,ingredients_sellers
Salud,Colágeno hidrolizado,Colágeno Pure Gold MX seller,,,,México,México,México,Seller ecom,Baja,1,Marketplace,ingredients_sellers
Salud,Colágeno hidrolizado,Colágeno Vegano sellers (no real colágeno),,,,México,México,México,Alternativa,Baja,,Amino plant-based,extra_marcas
Salud,Colágeno hidrolizado,COLÁGENO Z-JOSH,,,,México,México,México,Marca,Baja,1,Colágeno,b2b_quiminet_dirind
Salud,Colágeno hidrolizado,COMEX INTERNATIONAL INC,,,,México,México,México,Trading,Baja,,Colágeno aislado,b2b_quiminet_dirind
Salud,Colágeno hidrolizado,Conjunto Lar,,,,CDMX,CDMX,México,Central Abastos,Baja,1,Colágeno,b2b_quiminet_dirind
Salud,Colágeno hidrolizado,Consultorios antiaging colágeno,,,,México,México,México,Profesional,Baja,,Canal médico,regional
Salud,Colágeno hidrolizado,CP Kelco MX,,,,México,México,México,Hidrocoloides,Baja,,Texturizantes,b2b_quiminet_dirind
Salud,Colágeno hidrolizado,Cyzone Belcorp,,,,México,México,México,MLM,Baja,,Belleza,retail_ecom
Salud,Colágeno hidrolizado,Dax / Beauty supply,,,,México,México,México,Belleza,Baja,,Algunos suplementos,retail_ecom
Salud,Colágeno hidrolizado,Delicias Especiales de México,,,,México,México,México,Proveedor,Baja,,Colágeno,b2b_quiminet_dirind
Salud,Colágeno hidrolizado,Doctor Absolute,,,,Puebla,Puebla,México,Import alemán,Baja,1,Colágeno alemán puro,b2b_quiminet_dirind
Salud,Colágeno hidrolizado,Doctoralia marketplace wellness,,,,México,México,México,Marketplace salud,Baja,,Canal,retail_ecom
Salud,Colágeno hidrolizado,DPS Mexicana,,,,CDMX,CDMX,México,Proveedor,Baja,1,Anáhuac,b2b_quiminet_dirind
Salud,Colágeno hidrolizado,DSM-Firmenich MX,,,,México,México,México,Ingredientes,Baja,,Nutrición,b2b_quiminet_dirind
Salud,Colágeno hidrolizado,Dymatize MX dist,,,,México,México,México,Distribuidor,Baja,1,Import,extra_marcas
Salud,Colágeno hidrolizado,Ewald Gelatine,,,,México,México,México,Industrial,Baja,,Gelatina,b2b_quiminet_dirind
Salud,Colágeno hidrolizado,Farmacias del Dr. Ahorro wellness,,,,México,México,México,Cadena,Baja,,Retail,retail_ecom
Salud,Colágeno hidrolizado,Fortigel sellers,,,,México,México,México,Ingrediente branded,Baja,,Gelita articular,ingredients_sellers
Salud,Colágeno hidrolizado,Fuente Química,,,,Tonalá,Jalisco,México,Grado alimenticio,Baja,1,Colágeno alimenticio,b2b_quiminet_dirind
Salud,Colágeno hidrolizado,G-Lyco Péptidos de Colágeno,,,,León,Guanajuato,México,Proveedor granel,Baja,1,Polvo 100% puro Santa Rosa,b2b_quiminet_dirind
Salud,Colágeno hidrolizado,Ganozulumm,,,,Guadalajara,Jalisco,México,Proveedor,Baja,1,Colágeno Oblatos,b2b_quiminet_dirind
Salud,Colágeno hidrolizado,Gelnex,,,,México,México,México,Industrial BR/MX,Baja,,Colágeno,b2b_quiminet_dirind
Salud,Colágeno hidrolizado,GNC Franchisees MX multi,https://www.gnc.com.mx/,,,México,México,México,Franquicias,Baja,1,Múltiples puntos,retail_ecom
Salud,Colágeno hidrolizado,Greka Colágeno y sus Derivados,,,,León,Guanajuato,México,Proveedor,Baja,1,Colágeno para perros y derivados,b2b_quiminet_dirind
Salud,Colágeno hidrolizado,Grupo Celeos,,,,Querétaro,Querétaro,México,Proveedor,Baja,1,Colágeno pescado,b2b_quiminet_dirind
Salud,Colágeno hidrolizado,Grupo Gavotte,,,,México,México,México,Proveedor,Baja,,Colágeno,b2b_quiminet_dirind
Salud,Colágeno hidrolizado,GSK Consumer MX,,,,México,México,México,Farmacéutica,Baja,,Consumer,labs_pharma
Salud,Colágeno hidrolizado,Healthy People MX,,,,México,México,México,Marca,Baja,1,Suplementos,extra_marcas
Salud,Colágeno hidrolizado,Hormona,,,,México,México,México,Farmacéutica,Baja,,OTC,labs_pharma
Salud,Colágeno hidrolizado,INGREDIA,,,,México,México,México,Ingredientes,Baja,,Colágeno porcino puro,b2b_quiminet_dirind
Salud,Colágeno hidrolizado,Ingredion México,,,,México,México,México,Ingredientes,Baja,,Food,b2b_quiminet_dirind
Salud,Colágeno hidrolizado,Isagenix MX,,,,México,México,México,MLM,Baja,,Suplementos,retail_ecom
Salud,Colágeno hidrolizado,Italgelatine,,,,México,México,México,Industrial,Baja,,Gelatina,b2b_quiminet_dirind
Salud,Colágeno hidrolizado,Italmex,,,,México,México,México,Farmacéutica,Baja,,OTC,labs_pharma
Salud,Colágeno hidrolizado,Junca Gelatines,,,,México,México,México,Industrial,Baja,,Gelatina,b2b_quiminet_dirind
Salud,Colágeno hidrolizado,Kenney & Ross,,,,México,México,México,Industrial marino,Baja,,Colágeno pescado,b2b_quiminet_dirind
Salud,Colágeno hidrolizado,Kerry Ingredients MX,,,,México,México,México,Food tech,Baja,,Proteínas,b2b_quiminet_dirind
Salud,Colágeno hidrolizado,Kolaheen Hidrolizado,,,,León,Guanajuato,México,Proveedor,Baja,1,San Isidro León,b2b_quiminet_dirind
Salud,Colágeno hidrolizado,L'Bel Belcorp,,,,México,México,México,MLM,Baja,,Belleza premium,retail_ecom
Salud,Colágeno hidrolizado,Laboratorio maquila León Gto colágeno,,,,León,Guanajuato,México,Maquila,Baja,1,Cluster grenetina/colágeno,labs_pharma
Salud,Colágeno hidrolizado,Laboratorios Best,,,,México,México,México,Farmacéutica,Baja,,OTC,labs_pharma
Salud,Colágeno hidrolizado,Laboratorios Collins,,,,México,México,México,Farmacéutica,Baja,,OTC,labs_pharma
Salud,Colágeno hidrolizado,Laboratorios Grossman,,,,México,México,México,Farmacéutica,Baja,,OTC,labs_pharma
Salud,Colágeno hidrolizado,Laboratorios maquila suplementos CDMX cluster,,,,CDMX,CDMX,México,Maquila,Baja,,Cluster Iztapalapa/Ecatepec,labs_pharma
Salud,Colágeno hidrolizado,Landsteiner Scientific,,,,México,México,México,Farmacéutica,Baja,,Especialidad,labs_pharma
Salud,Colágeno hidrolizado,Lapi Gelatine,,,,México,México,México,Industrial,Baja,,Gelatina,b2b_quiminet_dirind
Salud,Colágeno hidrolizado,LINDY PHARMA,,,,Zapopan,Jalisco,México,Farmacéutica,Baja,1,Colágeno 500g polvo,b2b_quiminet_dirind
Salud,Colágeno hidrolizado,Lubrizol Life Science MX,,,,México,México,México,Ingredientes,Baja,,Activos belleza,b2b_quiminet_dirind
Salud,Colágeno hidrolizado,Mainstays / Great Value colágeno retail,,,,México,México,México,Private label,Baja,,Walmart canal,marcas_d2c
Salud,Colágeno hidrolizado,Malkhut Quimicos,,,,CDMX,CDMX,México,Químicos,Baja,1,General Anaya,b2b_quiminet_dirind
Salud,Colágeno hidrolizado,Maver,,,,México,México,México,Farmacéutica,Baja,,OTC,labs_pharma
Salud,Colágeno hidrolizado,Mavi Farmacéutica,,,,México,México,México,Farmacéutica,Baja,,OTC,labs_pharma
Salud,Colágeno hidrolizado,Mezclas y Desarrollo de Ingredientes,,,,Guadalajara,Jalisco,México,Ingredientes,Baja,1,Zona Industrial,b2b_quiminet_dirind
Salud,Colágeno hidrolizado,Miind Brands / Life360 seller,,,,México,México,México,Seller Amazon,Baja,,Distribuye Life360,marcas_d2c
Salud,Colágeno hidrolizado,Mixup / iShop wellness no,,,,México,México,México,Retail,Baja,,Limitado,retail_ecom
Salud,Colágeno hidrolizado,Multi colágeno type 1-5 sellers,,,,México,México,México,Seller formula,Baja,,Marketplace,extra_marcas
Salud,Colágeno hidrolizado,Naticol colágeno marino,,,,México,México,México,Ingrediente branded,Baja,,Marino,ingredients_sellers
Salud,Colágeno hidrolizado,Nature's Life Colágeno,,,,México,México,México,Import caps,Baja,,Retail,marcas_d2c
Salud,Colágeno hidrolizado,Naturex Colágeno,,,,México,México,México,Marca farmacia,Baja,1,Tabletas farmacia emergencias,marcas_d2c
Salud,Colágeno hidrolizado,NBD PROTEINS,,,,León,Guanajuato,México,Proteínas,Baja,1,Extracto 40% y 90%,b2b_quiminet_dirind
Salud,Colágeno hidrolizado,Nitta Gelatin,,,,México,México,México,Industrial,Baja,,Colágeno,b2b_quiminet_dirind
Salud,Colágeno hidrolizado,NOVA ORGANICA,,,,León,Guanajuato,México,Orgánicos,Baja,1,Colágeno,b2b_quiminet_dirind
Salud,Colágeno hidrolizado,NOVATEK FOODS,,,,Guadalajara,Jalisco,México,Ingredientes,Baja,1,Colágeno bovino francés / pescado,b2b_quiminet_dirind
Salud,Colágeno hidrolizado,Now Foods MX dist,,,,México,México,México,Distribuidor,Baja,1,Import VMS,extra_marcas
Salud,Colágeno hidrolizado,Nucleox,,,,San Luis Potosí,SLP,México,Proveedor,Baja,1,Colágeno,b2b_quiminet_dirind
Salud,Colágeno hidrolizado,Nutramerican,,,,México,México,México,Distribuidor,Baja,1,Import suplementos,extra_marcas
Salud,Colágeno hidrolizado,NUTRAZE SC DE RL DE CV,,,,Metepec,EdoMex,México,Proveedor,Baja,1,Colágeno Gelicar polvo,b2b_quiminet_dirind
Salud,Colágeno hidrolizado,Nutrición Centro ML full shops,,,,México,México,México,Seller pro,Baja,,Marketplace,extra_marcas
Salud,Colágeno hidrolizado,Nutrición Deportiva MX tiendas,,,,México,México,México,Retail,Baja,,Cluster gym,retail_ecom
Salud,Colágeno hidrolizado,Nutriólogos marca propia maquila,,,,México,México,México,Profesional,Baja,,Canal B2B,regional
Salud,Colágeno hidrolizado,OPS extracciones,,,,México,México,México,Extractos,Baja,,Colágeno,b2b_quiminet_dirind
Salud,Colágeno hidrolizado,Optimum Nutrition MX dist,,,,México,México,México,Distribuidor,Baja,1,Import gym,extra_marcas
Salud,Colágeno hidrolizado,P&G Health MX,,,,México,México,México,Consumer,Baja,,VMS,labs_pharma
Salud,Colágeno hidrolizado,PB Leiner / Tessenderlo,,,,México,México,México,Industrial,Baja,,Gelatina/colágeno,b2b_quiminet_dirind
Salud,Colágeno hidrolizado,Peptan sellers MX,,,,México,México,México,Ingrediente branded,Baja,,Rousselot,ingredients_sellers
Salud,Colágeno hidrolizado,Peptidos MX marca,,,,México,México,México,Seller,Baja,,Marketplace,ingredients_sellers
Salud,Colágeno hidrolizado,Pfizer Consumer MX,,,,México,México,México,Farmacéutica,Baja,,Consumer,labs_pharma
Salud,Colágeno hidrolizado,Power Club suplementos,,,,México,México,México,Retail gym,Baja,,Suplementos,retail_ecom
Salud,Colágeno hidrolizado,Prinova México,,,,México,México,México,Distribuidor ingredientes,Baja,1,Nutracéuticos,b2b_quiminet_dirind
Salud,Colágeno hidrolizado,Productos Naturistas El Herbolario,,,,México,México,México,Cadena/local,Baja,,Naturista,retail_ecom
Salud,Colágeno hidrolizado,Protake,,,,México,México,México,Ingrediente,Baja,,Colágeno,ingredients_sellers
Salud,Colágeno hidrolizado,Quifaest,,,,México,México,México,Farmacéutico,Baja,,Colágeno cápsulas,b2b_quiminet_dirind
Salud,Colágeno hidrolizado,RAHN México,,,,México,México,México,Cosmética/ingredientes,Baja,,Activos,b2b_quiminet_dirind
Salud,Colágeno hidrolizado,Reckitt MX wellness,,,,México,México,México,Consumer,Baja,,OTC,extra_marcas
Salud,Colágeno hidrolizado,Redsa,,,,CDMX,CDMX,México,Proveedor,Baja,1,Simón Bolívar,b2b_quiminet_dirind
Salud,Colágeno hidrolizado,Sanofi Consumer MX,,,,México,México,México,Consumer,Baja,,OTC,extra_marcas
Salud,Colágeno hidrolizado,SAPRIQUIM,,,,CDMX,CDMX,México,Químicos,Baja,1,Extracto 40%/90%,b2b_quiminet_dirind
Salud,Colágeno hidrolizado,Scanpro,,,,México,México,México,Ingrediente,Baja,,Colágeno,ingredients_sellers
Salud,Colágeno hidrolizado,Smart Nutrition MX,,,,México,México,México,Marca,Baja,1,Suplementos,extra_marcas
Salud,Colágeno hidrolizado,Solgar MX dist,,,,México,México,México,Distribuidor,Baja,1,Import premium,extra_marcas
Salud,Colágeno hidrolizado,Solugel,,,,México,México,México,Ingrediente,Baja,,PB Leiner,ingredients_sellers
Salud,Colágeno hidrolizado,Spa + retail colágeno CDMX multi,,,,CDMX,CDMX,México,Spa retail,Baja,,Canal belleza,regional
Salud,Colágeno hidrolizado,Sportium / suplementos gym,,,,México,México,México,Retail deportivo,Baja,,Colágeno deportivo,retail_ecom
Salud,Colágeno hidrolizado,Spring Valley Colágeno,,,,México,México,México,Marca Walmart,Baja,1,Retail privado,marcas_d2c
Salud,Colágeno hidrolizado,Super Natural CDMX,,,,CDMX,CDMX,México,Tienda naturista,Baja,1,Retail local,retail_ecom
Salud,Colágeno hidrolizado,Suplementos Mat,,,,México,México,México,Seller ML,Baja,,Colágeno fresa 1kg,marcas_d2c
Salud,Colágeno hidrolizado,Suplementos MX official stores,,,,México,México,México,Ecom multi,Baja,1,Marketplace,extra_marcas
Salud,Colágeno hidrolizado,Tecsa Escobedo,,,,Escobedo,NL,México,Industrial,Baja,1,Parque Nexxus,b2b_quiminet_dirind
Salud,Colágeno hidrolizado,Tendoforte sellers,,,,México,México,México,Ingrediente branded,Baja,,Gelita,ingredients_sellers
Salud,Colágeno hidrolizado,Through Health / laboratorios,,,,México,México,México,Maquila,Baja,,Suplementos,labs_pharma
Salud,Colágeno hidrolizado,Tienda Naturista Centro Histórico CDMX,,,,CDMX,CDMX,México,Retail local,Baja,1,Menudeo,regional
Salud,Colágeno hidrolizado,Tienda Naturista Coyoacán,,,,CDMX,CDMX,México,Retail local,Baja,1,Menudeo,regional
Salud,Colágeno hidrolizado,Tienda Naturista Del Valle,,,,CDMX,CDMX,México,Retail local,Baja,1,Menudeo,regional
Salud,Colágeno hidrolizado,Tienda Naturista Interlomas,,,,Huixquilucan,EdoMex,México,Retail local,Baja,1,Menudeo,regional
Salud,Colágeno hidrolizado,Tienda Naturista Polanco,,,,CDMX,CDMX,México,Retail local,Baja,1,Menudeo premium,regional
Salud,Colágeno hidrolizado,Tienda Naturista Providencia GDL,,,,Guadalajara,Jalisco,México,Retail local,Baja,1,Menudeo,regional
Salud,Colágeno hidrolizado,Tienda Naturista Roma Condesa,,,,CDMX,CDMX,México,Retail local,Baja,1,Menudeo premium,regional
Salud,Colágeno hidrolizado,Tienda Naturista San Pedro Garza,,,,San Pedro,NL,México,Retail local,Baja,1,Menudeo premium,regional
Salud,Colágeno hidrolizado,Tienda Naturista Santa Fe,,,,CDMX,CDMX,México,Retail local,Baja,1,Menudeo,regional
Salud,Colágeno hidrolizado,Tienda Naturista Satélite,,,,Naucalpan,EdoMex,México,Retail local,Baja,1,Menudeo,regional
Salud,Colágeno hidrolizado,Tienda Naturista Valle Oriente MTY,,,,Monterrey,NL,México,Retail local,Baja,1,Menudeo,regional
Salud,Colágeno hidrolizado,Tienda Naturista Zapopan Centro,,,,Zapopan,Jalisco,México,Retail local,Baja,1,Menudeo,regional
Salud,Colágeno hidrolizado,Tiendas naturistas Independencia CDMX cluster,,,,CDMX,CDMX,México,Cluster retail,Baja,,Centro histórico,retail_ecom
Salud,Colágeno hidrolizado,Toroza Química,,,,León,Guanajuato,México,Químicos/agro,Baja,1,Colágeno agro industria,b2b_quiminet_dirind
Salud,Colágeno hidrolizado,Trivance Gelicart,,,,México,México,México,Marca,Baja,1,30 sobres 10g,marcas_d2c
Salud,Colágeno hidrolizado,Trobas Gelatine,,,,México,México,México,Industrial,Baja,,Gelatina,b2b_quiminet_dirind
Salud,Colágeno hidrolizado,Ultimate Nutrition MX dist,,,,México,México,México,Distribuidor,Baja,1,Import,extra_marcas
Salud,Colágeno hidrolizado,Univar Solutions MX,,,,México,México,México,Distribuidor,Baja,1,Ingredientes,b2b_quiminet_dirind
Salud,Colágeno hidrolizado,Universal Nutrition MX,,,,México,México,México,Distribuidor,Baja,1,Import,extra_marcas
Salud,Colágeno hidrolizado,Verisol colágeno sellers,,,,México,México,México,Ingrediente branded,Baja,,Gelita ingredient,ingredients_sellers
Salud,Colágeno hidrolizado,Weishardt,,,,México,México,México,Industrial,Baja,,Colágeno marino,b2b_quiminet_dirind
Salud,Colágeno hidrolizado,Wellnex collagens,,,,México,México,México,Ingrediente,Baja,,Nitta,ingredients_sellers
Salud,Colágeno hidrolizado,Yanbal MX,,,,México,México,México,MLM,Baja,,Belleza,retail_ecom
Hogar,Cortinas,Grupo Cortilum,https://www.cortilum.mx/,,3320022116,Guadalajara,Jalisco,México,Fabricante,Alta,6,"15+ años; fábrica de cortinas enrollables, blackout, screen y toldos; sucursales PV y Cancún",research
Hogar,Cortinas,Persianas Luxor,https://www.persianasluxor.com.mx/,ventas@persianasluxor.com.mx,5585485672,CDMX,CDMX,México,Fabricante,Alta,9,"Fabricantes directos desde 1996; persianas y cortinas a medida, eléctricas y blackout",research
Hogar,Cortinas,PersianasyCortinas.com,https://persianasycortinas.com/,,8114973858,México,México,México,Ecom,Alta,5,"Tienda en línea #1 de persianas y cortinas; envío gratis desde $3,499; medidas exactas garantizadas",research
Hogar,Cortinas,Viva Persianas,https://vivapersianas.com/,contacto@vivapersianas.com,8181900840,Monterrey,Nuevo León,México,Fabricante,Alta,9,"13+ años y 50,000 clientes; persianas, cortinas y toldos a la medida; automatización Somfy",research
Hogar,Cortinas,Viva Persianas GDL,https://vivapersianas.com/,guadalajara@vivapersianas.com,3315962343,Guadalajara,Jalisco,México,Sucursal,Alta,8,Oficina Guadalajara,research
Hogar,Cortinas,Amazon MX cortinas,https://www.amazon.com.mx/s?k=cortinas+blackout,,,México,México,México,Marketplace,Media,2,Sellers de cortinas,research
Hogar,Cortinas,Brancato,https://www.brancato.com.mx/,,,Monterrey,Nuevo León,México,Mayoreo,Media,4,"Telas para cortinas de mayoreo: blackouts, sheers y decorativas; surte cortineros y tapiceros",research
Hogar,Cortinas,Cortinas (ejemplo original),https://cortinas.com/,,,,,México,Ejemplo original,Media,2,Seed del cliente,ejemplo_cliente
Hogar,Cortinas,Cortinas.com (ejemplo),https://cortinas.com/,,,CDMX,CDMX,México,Ejemplo original,Media,3,Ejemplo del cliente — cortinas,ejemplo_cliente
Hogar,Cortinas,Mainstays,,,,USA,,México,Marca,Media,2,"Cortinas y cortineros, marca Walmart",brand
Hogar,Cortinas,Mercado Libre cortinas,https://listado.mercadolibre.com.mx/cortinas-black-out-por-mayoreo,,,México,México,México,Marketplace,Media,2,Mayoreo de cortinas blackout,research
Hogar,Cortinas,Meya Design,https://www.meya-design.mx/,,,Naucalpan,EdoMex,México,Fabricante,Media,4,Cortinas personalizadas fabricadas en planta Farz; showroom Ciudad Satélite; garantía hasta 3 años,research
Hogar,Cortinas,Nanwei,,,,China,,México,Marca,Media,2,"Cortinas blackout, vía ML/import",brand
Hogar,Cortinas,Persianas Casa Bonita,https://www.persianascasabonita.com/,,,Hermosillo,Sonora,México,Fabricante,Media,4,"20 años; persianas y cortinas en 14 ciudades: MTY, GDL, Hermosillo, Mérida, Tampico, Saltillo…",research
Hogar,Cortinas,Pisos y Muros LNA,https://lna.com.mx/,,,CDMX,CDMX,México,Retail,Media,3,"Persianas y cortinas blackout, enrollables y traslúcidas; sucursales",research
Hogar,Cortinas,Tecno Blinds Shop,https://tecnoblindscdmx.shop/,,,CDMX,CDMX,México,Fabricante,Media,4,"Distribuidor oficial; persianas, cortinas y toldos con motorización; cobertura CDMX, Cuernavaca, Querétaro y Edomex",research
Hogar,Cortinas,Teker,,,,China,,México,Marca,Media,2,"Cortinas blackout, vía ML (4.8★ 2,127 reviews)",brand
Hogar,Cortinas,Walmart México,https://www.walmart.com.mx/,,,CDMX,CDMX,México,Retail,Media,3,Sección de cortinas y persianas,brand
Hogar,Cortinas,Casa Osaka,,,,México,México,México,Marca,Baja,1,"Cortinas blackout 2 paneles, vía ML (4.9★ 179 reviews)",brand
Hogar,Cortinas,Home Creations,,,,México,México,México,Marca,Baja,1,"Cortinas de baño, marca retail MX",brand
Hogar,Cortinas,Home Trends (Walmart),,,,México,México,México,Marca,Baja,1,"Cortinas blackout y de baño, marca de Walmart MX",brand
Hogar,Cortinas,Lightdot,,,,México,México,México,Distribuidor,Baja,1,Vende Nanwei en ML,research
Hogar,Cortinas,Melocotton Hogar,,,,México,México,México,Marca,Baja,1,"Cortinas blackout microfibra, vía Walmart",brand
Hogar,Cortinas,Way to Celebrate,,,,México,México,México,Marca,Baja,1,"Cortinas decorativas, vía Walmart",brand
Hogar,Cortinas,Zulema,,,,México,México,México,Marca,Baja,1,"Cortinas de encaje y cenefas, retail MX",brand
Ropa,Disfraces,Abracadabra Disfraces,https://tododisfraces.com.mx/tiendas/abracadabra-disfraces/,,5521069660,Cuautitlán Izcalli,EdoMex,México,Tienda,Alta,5,"Minas de Tepetate, La Piedad",research
Ropa,Disfraces,Accesorios Halloween La Festa,https://lafestadisfraces.com/,contacto@lafestadisfraces.com,5552607406,CDMX,CDMX,México,Accesorios,Alta,8,"Pelucas, maquillaje, props",research
Ropa,Disfraces,Alquiladora de disfraces Chayito,https://tododisfraces.com.mx/tiendas/disfraces-en-renta-chayito/,,5564015577,Nicolás Romero,EdoMex,México,Renta,Alta,5,Camino a la Presa 54 San Isidro,research
Ropa,Disfraces,Alquiladora de disfraces Fortuna,https://tododisfraces.com.mx/tiendas/disfraces-fortuna/,,5511130702,Cuautitlán Izcalli,EdoMex,México,Renta,Alta,5,Valle de México 93 Cumbria,research
Ropa,Disfraces,Alta Costura Naucalpan disfraces,https://tododisfraces.com.mx/tiendas/alta-costura/,,5553931165,Naucalpan,EdoMex,México,Tienda,Alta,5,Cruz Valle Verde 30 Santa Cruz del Monte,research
Ropa,Disfraces,Artist City disfraces,https://www.artistcity.com.mx/,,(55) 3547-6444,CDMX,CDMX,México,Tienda teatral,Alta,5,"Vestuario danza, teatro y show",research
Ropa,Disfraces,Bazar de temporadas Las Chinas,https://tododisfraces.com.mx/tiendas/bazar-de-temporadas-las-chinas/,,5553901103,Tlalnepantla,EdoMex,México,Tienda temporada,Alta,5,Av. de los Ejidos 48 Los Reyes Ixtacala,research
Ropa,Disfraces,Bazar Rossy,https://tododisfraces.com.mx/tiendas/bazar-rossy/,,5558536427,Chimalhuacán,EdoMex,México,Tienda,Alta,5,Av. Nezahualcóyotl cabecera,research
Ropa,Disfraces,Baúl Mágico Ecatepec,https://tododisfraces.com.mx/tiendas/baul-magico-tienda-de-disfraces-globos-de-helio-adornos-y-todo-para-tus-fiestas/,,5517972820,Ecatepec,EdoMex,México,Tienda fiesta,Alta,5,Carlos Hank González 50 Fuentes de Aragón,research
Ropa,Disfraces,Bota y Rebota,https://tododisfraces.com.mx/tiendas/bota-y-rebota/,,5559347078,Tecámac,EdoMex,México,Renta,Alta,5,"Felipe Villanueva, Nueva Santa María",research
Ropa,Disfraces,Botargas Chanez,https://tododisfraces.com.mx/tiendas/botargas-chanez/,,5561895628,Ecatepec,EdoMex,México,Fabricante botargas,Alta,6,Jilguero 29-60,research
Ropa,Disfraces,Botargas Hernández,https://tododisfraces.com.mx/tiendas/botargas-hernandez/,,5587044866,Ecatepec,EdoMex,México,Fabricante botargas,Alta,6,Popocatépetl 56,research
Ropa,Disfraces,Botargas Innovaciones Corp,https://tododisfraces.com.mx/tiendas/botargas-innovaciones/,,5579849799,GAM,CDMX,México,Fabricante botargas,Alta,6,León 44 Jardines de Guadalupe,research
Ropa,Disfraces,Botargas y Cabezones Toluca,https://tododisfraces.com.mx/tiendas/botargas-y-cabezones/,,7224181713,Toluca,EdoMex,México,Fabricante,Alta,6,Cinco de Mayo 616 Américas Cárdenas,research
Ropa,Disfraces,Came Fotografía y Disfraces,https://tododisfraces.com.mx/tiendas/came-fotografia-y-disfraces/,,5521394734,Coacalco,EdoMex,México,Renta,Alta,5,"4.8 Google, Villa de las Flores",research
Ropa,Disfraces,Casa de disfraces Fulanitas,https://tododisfraces.com.mx/tiendas/casa-de-disfraces-fulanitas/,,5512371830,Nezahualcóyotl,EdoMex,México,Tienda,Alta,5,Ignacio Aldama 193 Loma Bonita,research
Ropa,Disfraces,Comienza la Función,https://www.comienzalafuncion.com.mx/,,5555213037,CDMX,CDMX,México,Tienda teatral,Alta,5,Vestuario y disfraces,research
Ropa,Disfraces,Confección disfraces Toluca,https://www.partyzonedisfraces.com/,,7228642693,Toluca,EdoMex,México,Taller + tienda,Alta,5,Estado de México,research
Ropa,Disfraces,Creaciones DS,https://tododisfraces.com.mx/tiendas/creaciones-ds/,,5627611798,Coacalco,EdoMex,México,Tienda,Alta,5,Miguel Hidalgo 15,research
Ropa,Disfraces,DePeli preventa Halloween,https://disfracesdepeli.com/,contacto@disfracesdepeli.com,5583935960,CDMX,CDMX,México,Preventa,Alta,8,Precios especiales temporada,research
Ropa,Disfraces,Disfraces ABACOR,https://disfracesabacor.com/,,5529611113,México,México,México,Fabricante mayoreo,Alta,5,Diseño y confección Halloween,research
Ropa,Disfraces,Disfraces ABACOR WhatsApp mayoreo,https://disfracesabacor.com/,,5529611113,México,México,México,Mayoreo,Alta,5,Alta calidad niños/adultos,research
Ropa,Disfraces,Disfraces bebé DePeli,https://disfracesdepeli.com/,contacto@disfracesdepeli.com,5583935960,CDMX,CDMX,México,Línea bebé,Alta,8,"Bebé, niño, niña, dama, caballero",research
Ropa,Disfraces,Disfraces bebé extra DePeli,https://disfracesdepeli.com/,,5583935960,CDMX,CDMX,México,Bebé,Alta,5,Línea completa,research
Ropa,Disfraces,Disfraces de oficios y profesiones,https://lamagiadeldisfraz.mx/,,5556784736,CDMX,CDMX,México,Línea catálogo,Alta,5,Oficios además de Halloween,research
Ropa,Disfraces,Disfraces DePeli,https://disfracesdepeli.com/,contacto@disfracesdepeli.com,5583935960,CDMX,CDMX,México,Tienda multi-sucursal,Alta,8,"Pedregal, Polanco, Miramontes",research
Ropa,Disfraces,Disfraces DePeli Miramontes,https://disfracesdepeli.com/,,5556784094,CDMX,CDMX,México,Sucursal,Alta,5,Miramontes,research
Ropa,Disfraces,Disfraces DePeli Pedregal,https://disfracesdepeli.com/,,5530893006,CDMX,CDMX,México,Sucursal,Alta,5,Plaza Pedregal,research
Ropa,Disfraces,Disfraces DePeli Polanco,https://disfracesdepeli.com/,,5552822742,CDMX,CDMX,México,Sucursal,Alta,5,Polanco,research
Ropa,Disfraces,Disfraces Día de Muertos CDMX,https://www.elfamundi.com.mx/,,5555525294,CDMX,CDMX,México,Temporada,Alta,5,Catrinas y calacas,research
Ropa,Disfraces,Disfraces Mancera,https://disfracesmancera.com.mx/,contacto@disfracesmancera.com.mx,5555597641,CDMX,CDMX,México,Mayoreo,Alta,9,Pilares 401 Col. del Valle,research
Ropa,Disfraces,Disfraces Mancera mayoristas web,https://disfracesmancera.com.mx/home/,contacto@disfracesmancera.com.mx,5545010993,CDMX,CDMX,México,Mayoreo web,Alta,9,Registro RFC mayorista,research
Ropa,Disfraces,Disfraces Morelos extra Ghoulish,https://ghoulishproductions.com.mx/,,7771645169,Jiutepec,Morelos,México,Fábrica máscaras,Alta,5,Mayoreo,research
Ropa,Disfraces,Disfraces MTY extra Muñoz fábrica,,distmunoz@gmail.com,8183745074,Monterrey,NL,México,Fábrica,Alta,6,Mallas y leotardos,research
Ropa,Disfraces,Disfraces MTY extra Remate,,elrematedeldisfraz@gmail.com,8120953757,Monterrey,NL,México,Renta volumen,Alta,6,Temporada,research
Ropa,Disfraces,Disfraces Party Zone,https://www.partyzonedisfraces.com/,,7228642693,Toluca,EdoMex,México,Tienda + ecom,Alta,6,"+20 años, envíos nacionales",research
Ropa,Disfraces,Disfraces pastorelas MX,https://www.elfamundi.com.mx/,,5555525294,CDMX,CDMX,México,Temporada navidad,Alta,5,Pastorelas y corpus,research
Ropa,Disfraces,Disfraces primavera / corpus,https://www.elfamundi.com.mx/,,5555525294,CDMX,CDMX,México,Temporada,Alta,5,Calendario festivo MX,research
Ropa,Disfraces,Disfraces tipicos Disfrazia,https://www.disfrazia.com.mx/,,5555262563,CDMX,CDMX,México,Línea regional,Alta,5,Trajes típicos,research
Ropa,Disfraces,Disfraces Toluca extra Party Zone,https://www.partyzonedisfraces.com/,,7228642693,Toluca,EdoMex,México,Ecom,Alta,6,+20 años,research
Ropa,Disfraces,Disfraces TuDi,https://disfraces-tudi.com/,,5510569978,CDMX,CDMX,México,Infantil mayoreo,Alta,6,Av Centenario 394 Álvaro Obregón,research
Ropa,Disfraces,Disfraces TuDi catálogo,https://disfraces-tudi.com/,,5510569978,CDMX,CDMX,México,Mayoreo catálogo,Alta,6,Infantil por catálogo,research
Ropa,Disfraces,Disfrazia,https://www.disfrazia.com.mx/,,5555262563,CDMX,CDMX,México,Tienda,Alta,5,Disfraces y trajes regionales,research
Ropa,Disfraces,Distribuidora Muñoz (Monterrey),,distmunoz@gmail.com,8183745074,Monterrey,NL,México,Fábrica,Alta,6,Mallas y leotardos,research
Ropa,Disfraces,Distribuidora Muñoz Disfraces,,distmunoz@gmail.com,8183745074,Monterrey,NL,México,Fabricante,Alta,7,"Disfraces, mallas, leotardos — Carlos Salazar 338",research
Ropa,Disfraces,El Famundi,https://www.elfamundi.com.mx/,,5555525294,CDMX,CDMX,México,Fabricante,Alta,6,"+30 años, fantasía y regionales, Merced Balbuena",research
Ropa,Disfraces,El Famundi sucursal Uruguay,https://www.elfamundi.com.mx/,,5557640254,CDMX,CDMX,México,Sucursal,Alta,5,República de Uruguay 121 Centro,research
Ropa,Disfraces,El Remate del Disfraz,,elrematedeldisfraz@gmail.com,8120953757,Monterrey,NL,México,Renta + venta,Alta,6,"Temporada, precios económicos",research
Ropa,Disfraces,El Remate del Disfraz (Monterrey),,elrematedeldisfraz@gmail.com,8120953757,Monterrey,NL,México,Renta volumen,Alta,6,Temporada,research
Ropa,Disfraces,Ghoulish Productions,https://ghoulishproductions.com.mx/,,7771645169,Jiutepec,Morelos,México,Fabricante máscaras,Alta,6,Máscaras y disfraces Halloween / Día de Muertos,research
Ropa,Disfraces,Halloween props Ghoulish,https://ghoulishproductions.com.mx/,,7771645169,Morelos,Morelos,México,Props + máscaras,Alta,5,Innovación MX,research
Ropa,Disfraces,La Casita de Disfraces,http://lacasitadedisfraces.com.mx/,,5555986267,CDMX,CDMX,México,Renta + venta,Alta,5,"+35 años, Pedregal / San José Insurgentes",research
Ropa,Disfraces,La Festa Disfraces,https://lafestadisfraces.com/,contacto@lafestadisfraces.com,5552607406,CDMX,CDMX,México,Fabricante/tienda,Alta,9,"Mayoreo infantil, Lago Texcoco 160",research
Ropa,Disfraces,La Magia del Disfraz,https://lamagiadeldisfraz.mx/,,5556784736,CDMX,CDMX,México,Tienda,Alta,5,Taxqueña 1530 Campestre Churubusco,research
Ropa,Disfraces,Muñoz leotardos y mallas,,distmunoz@gmail.com,8183745074,Monterrey,NL,México,Línea danza,Alta,6,Complemento disfraz/danza,research
Ropa,Disfraces,Máscaras Ghoulish mayoreo,https://ghoulishproductions.com.mx/,,7771645169,Jiutepec,Morelos,México,Mayoreo máscaras,Alta,6,Innovación y creatividad,research
Ropa,Disfraces,Party Zone envíos nacionales,https://www.partyzonedisfraces.com/,,7228642693,Toluca,EdoMex,México,Ecom nacional,Alta,6,"Halloween, Día de Muertos, cosplay, escolares",research
Ropa,Disfraces,Pastorelas extra Elfamundi,https://www.elfamundi.com.mx/,,5555525294,CDMX,CDMX,México,Navidad,Alta,5,Pastorelas,research
Ropa,Disfraces,Pelucas disfraz Elfamundi,https://www.elfamundi.com.mx/,,5555525294,CDMX,CDMX,México,Accesorios,Alta,5,Pelucas de colores y fantasía,research
Ropa,Disfraces,Remate del Disfraz renta MTY,,elrematedeldisfraz@gmail.com,8120953757,Monterrey,NL,México,Renta económica,Alta,6,Temporada alto volumen,research
Ropa,Disfraces,Renta Disfraces,https://rentadisfraces.com/,,5533992469,CDMX,CDMX,México,Renta,Alta,5,"Polanco, San José Insurgentes, Del Valle",research
Ropa,Disfraces,Renta vs venta Casita,http://lacasitadedisfraces.com.mx/,,5555986267,CDMX,CDMX,México,Renta artesanal,Alta,5,Hechos artesanales no industriales,research
Ropa,Disfraces,Tienda Disfraces Delmi,,disfracesdelmi@gmail.com,5544491501,CDMX,CDMX,México,Tienda,Alta,6,Fuerza Aérea Mexicana 520,research
Ropa,Disfraces,Trajes regionales Elfamundi,https://www.elfamundi.com.mx/,,5555525294,CDMX,CDMX,México,Línea regional,Alta,5,Trajes típicos y fantasía,research
Ropa,Disfraces,Vestuario danza Artist City,https://www.artistcity.com.mx/,,(55) 3547-6444,CDMX,CDMX,México,Danza,Alta,5,"Ballet, jazz, show",research
Ropa,Disfraces,Vestuario teatral CDMX,https://www.comienzalafuncion.com.mx/,,5555213037,CDMX,CDMX,México,Teatro,Alta,5,Foros y compañías,research
Ropa,Disfraces,Amazon MX disfraces sellers,https://www.amazon.com.mx/s?k=disfraces,,,México,México,México,Marketplace,Media,2,Sellers nacionales,research
Ropa,Disfraces,Botargas eventos CDMX,https://www.botargaslaluciernaga.com/,,,EdoMex,EdoMex,México,Fabricante,Media,4,Publicidad y eventos,research
Ropa,Disfraces,Botargas GDL,,,,Guadalajara,Jalisco,México,Fabricante regional,Media,2,Eventos y publicidad,research
Ropa,Disfraces,Botargas La Luciérnaga,https://www.botargaslaluciernaga.com/,,,Chimalhuacán,EdoMex,México,Fabricante botargas,Media,4,Disfraces voluminosos,research
Ropa,Disfraces,Botargas publicidad Ecatepec,,,5587044866,Ecatepec,EdoMex,México,Publicidad,Media,3,Hernández,research
Ropa,Disfraces,Botargas publicidad GAM,,,5579849799,GAM,CDMX,México,Publicidad,Media,3,Innovaciones,research
Ropa,Disfraces,Cabezones Toluca eventos,,,7224181713,Toluca,EdoMex,México,Eventos,Media,3,Botargas y cabezones,research
Ropa,Disfraces,Casa Doris disfraces,,,5521534961,Tlalnepantla,EdoMex,México,Tienda,Media,3,Av. Teotihuacán 7 Centro,research
Ropa,Disfraces,Confeccionistas Halloween MX,,,974773003,México,México,México,Taller,Media,2,Mayoreo confección temporada,research
Ropa,Disfraces,Confección Halloween Chimalhuacán,,,5611089545,Chimalhuacán,EdoMex,México,Taller + tienda,Media,3,Temporada,research
Ropa,Disfraces,Confección Halloween Coacalco,,,5627611798,Coacalco,EdoMex,México,Taller + tienda,Media,3,Creaciones DS,research
Ropa,Disfraces,Coppel disfraces temporada,https://www.coppel.com/,,,México,México,México,Retail,Media,2,Canal temporada,brand
Ropa,Disfraces,Creaciones La Abuela,,,5519257833,Nicolás Romero,EdoMex,México,Tienda,Media,3,Kiwis 3 Granjas Guadalupe,research
Ropa,Disfraces,Creature Angel FX disfraces,,,7291378344,Zinacantepec,EdoMex,México,Tienda FX,Media,3,San Antonio Acahualco,research
Ropa,Disfraces,Disfraces (ejemplo original),https://mykidsmx.com/,,,,,México,Ejemplo original,Media,2,Seed del cliente,ejemplo_cliente
Ropa,Disfraces,Disfraces Casa Emmanuel,,,5540998810,CDMX,CDMX,México,Mayoreo mercado,Media,4,Mercado Sonora Puerta 3 local 92,research
Ropa,Disfraces,Disfraces Casa Fernández Silva,,,5564997096,Cd. López Mateos,EdoMex,México,Tienda,Media,3,Av. Tecoloapan 10 San José El Jaral,research
Ropa,Disfraces,Disfraces Centro GDL Pedro Loza,,,3315286145,Guadalajara,Jalisco,México,Cluster centro,Media,3,3 sucursales centro,research
Ropa,Disfraces,Disfraces Cuautitlán El Baúl,,,5568703755,Cuautitlán,EdoMex,México,Tienda,Media,3,Centro,research
Ropa,Disfraces,Disfraces Dario's,,,5524570088,CDMX,CDMX,México,Tienda,Media,3,Aztecas 188 Los Reyes,research
Ropa,Disfraces,Disfraces Dario's Coyoacán,,,5524570088,CDMX,CDMX,México,Tienda,Media,3,Los Reyes,research
Ropa,Disfraces,Disfraces de Temporada Chimalhuacán,,,5611089545,Chimalhuacán,EdoMex,México,Tienda,Media,3,Palmas 105 San Andrés,research
Ropa,Disfraces,Disfraces ecom nacional Funidelia,https://www.funidelia.mx/,,,México,México,México,Ecom,Media,3,Pedidos web,research
Ropa,Disfraces,Disfraces El Baúl Cuautitlán,,,5568703755,Cuautitlán,EdoMex,México,Tienda,Media,3,Miguel Hidalgo 10 Centro,research
Ropa,Disfraces,Disfraces GDL extra mayoreo kids,,,3334899610,Guadalajara,Jalisco,México,Mayoreo,Media,4,Jhohans / Forever Kids,research
Ropa,Disfraces,Disfraces GDL extra zona centro,,,3315286145,Guadalajara,Jalisco,México,Cluster,Media,3,Pedro Loza / Álvaro Obregón,research
Ropa,Disfraces,Disfraces Halloween CDMX mayoreo,,,,CDMX,CDMX,México,Mayoreo temporada,Media,2,Canal Halloween,research
Ropa,Disfraces,Disfraces La Merced temporada,,,,CDMX,CDMX,México,Mayoreo popular,Media,2,Centro,research
Ropa,Disfraces,Disfraces López Mateos Fernández,,,5564997096,Atizapán,EdoMex,México,Tienda,Media,3,San José El Jaral,research
Ropa,Disfraces,Disfraces mascotas extra Funidelia,https://www.funidelia.mx/,,,México,México,México,Mascotas,Media,2,Halloween pets,research
Ropa,Disfraces,Disfraces Mayoreo Centro CDMX,,,5552607406,CDMX,CDMX,México,Mayoreo centro,Media,4,Cluster de proveedores,research
Ropa,Disfraces,Disfraces mayoreo Iztapalapa,,,,Iztapalapa,CDMX,México,Mayoreo oriente,Media,2,Talleres y bodegas,research
Ropa,Disfraces,Disfraces mayoreo La Merced,,,,CDMX,CDMX,México,Mayoreo popular,Media,2,Cluster comercial,research
Ropa,Disfraces,Disfraces mayoreo Tepito,,,,CDMX,CDMX,México,Mayoreo popular,Media,2,Temporada centro,research
Ropa,Disfraces,Disfraces Mercado de Todos Tijuana,,,6646217442,Tijuana,BC,México,Tienda,Media,3,Blvd Díaz Ordaz 1665 — disfraces y maquillaje,research
Ropa,Disfraces,Disfraces Mercado Sonora extra locales,,,5540998810,CDMX,CDMX,México,Cluster mayoreo,Media,4,Puerta 3 y alrededores,research
Ropa,Disfraces,Disfraces navideños mayoreo GDL,,,3329311002,Guadalajara,Jalisco,México,Temporada,Media,3,Mayoreo navidad,research
Ropa,Disfraces,Disfraces para mascotas Funidelia,https://www.funidelia.mx/,,,México,México,México,Línea mascotas,Media,2,Halloween pets,research
Ropa,Disfraces,Disfraces Puebla centro,,,2212425195,Puebla,Puebla,México,Tienda regional,Media,3,Halloween y Día del Niño,research
Ropa,Disfraces,Disfraces Puebla extra Boutique,,,2212425195,Puebla,Puebla,México,Tienda,Media,3,Plaza Los Gallos,research
Ropa,Disfraces,Disfraces Puebla extra Emmanuel WA,,,2224398360,Puebla,Puebla,México,Tienda,Media,3,WhatsApp,research
Ropa,Disfraces,Disfraces Tepito temporada,,,,CDMX,CDMX,México,Mayoreo popular,Media,2,Halloween,research
Ropa,Disfraces,Disfraces Tijuana extra Marthas,,,6649046302,Tijuana,BC,México,Renta local,Media,3,Sin envíos,research
Ropa,Disfraces,Disfraces y Fiestas Luza Peluza,,,5521064025,CDMX,CDMX,México,Tienda,Media,3,Fiestas y disfraces,research
Ropa,Disfraces,El mundo de la fantasía GDL,,,3329487258,Guadalajara,Jalisco,México,Tienda,Media,3,Niños y adultos,research
Ropa,Disfraces,Emmanuel Disfraces (Puebla),,,2224398360,Puebla,Puebla,México,Tienda,Media,3,WhatsApp,research
Ropa,Disfraces,Fiesta + disfraz Baúl Mágico,,,5517972820,Ecatepec,EdoMex,México,Fiesta integral,Media,3,Globos y adornos,research
Ropa,Disfraces,Forever Kids GDL,,,3329311002,Guadalajara,Jalisco,México,Mayoreo infantil,Media,4,Pensador Mexicano 1973,research
Ropa,Disfraces,Funidelia México,https://www.funidelia.mx/,,,México,México,México,Ecom mayoreo,Media,3,"Disfraces adultos, niños y mascotas",research
Ropa,Disfraces,FX + disfraz Creature Angel,,,7291378344,Zinacantepec,EdoMex,México,FX,Media,3,Halloween,research
Ropa,Disfraces,Gabi Confecciones disfraces,,,974773003,México,México,México,Mayoreo confección,Media,3,Catálogo +100 disfraces Halloween,research
Ropa,Disfraces,Jhohans Kids disfraces,,,3334899610,Guadalajara,Jalisco,México,Mayoreo,Media,4,"Disfraces de temporada, envíos nacionales",research
Ropa,Disfraces,Kids mayoreo GDL cluster,,,3329311002,Guadalajara,Jalisco,México,Cluster infantil,Media,2,Varios proveedores moda+disfraz,research
Ropa,Disfraces,La Boutique del Disfraz Puebla,,,2212425195,Puebla,Puebla,México,Tienda,Media,3,Blvd Norte 3625 Plaza Los Gallos,research
Ropa,Disfraces,La Casita de los Disfraces,https://lacasitadelosdisfraces.com.mx/,,,CDMX,CDMX,México,Renta + venta,Media,3,Av Toluca 475 Olivar de los Padres,research
Ropa,Disfraces,Liverpool disfraces / Halloween,https://www.liverpool.com.mx/,,,CDMX,CDMX,México,Retail,Media,3,Canal departamental,brand
Ropa,Disfraces,Lotus Sport disfraces mayoreo,,,5633750619,CDMX,CDMX,México,Mayoreo centro,Media,4,Plaza Banderas Miguel Alemán 10 Local A2,research
Ropa,Disfraces,Marthas Disfraces (Tijuana),,,6649046302,Tijuana,BC,México,Renta local,Media,3,Sin envíos,research
Ropa,Disfraces,Marthas Renta de Disfraces,,,6649046302,Tijuana,BC,México,Renta,Media,3,"Tijuana, sin envíos",research
Ropa,Disfraces,Mayoreo disfraces Centro CDMX Lotus,,,5633750619,CDMX,CDMX,México,Mayoreo desde 1 pza,Media,4,Envíos nacionales,research
Ropa,Disfraces,Mercado Sonora disfraces cluster,,,5540998810,CDMX,CDMX,México,Cluster mayoreo,Media,3,Múltiples locales de disfraces,research
Ropa,Disfraces,My Kids línea infantil,https://mykidsmx.com/,,,México,México,México,Ecom infantil,Media,3,Ejemplo + catálogo kids,research
Ropa,Disfraces,My Kids MX,https://mykidsmx.com/,,,México,México,México,Ejemplo original,Media,2,Ejemplo del cliente,ejemplo_cliente
Ropa,Disfraces,Puebla Casa Emmanuel contacto,,,2224398360,Puebla,Puebla,México,Tienda,Media,3,WhatsApp disfraces Puebla,research
Ropa,Disfraces,Que Disfraces,,,5555222783,CDMX,CDMX,México,Tienda,Media,3,Centro CDMX,research
Ropa,Disfraces,Regalos y Disfraces ANITA,,,55556326515,CDMX,CDMX,México,Mayoreo mercado,Media,4,Mercado Carmen Serdán Coyoacán,research
Ropa,Disfraces,Renta Disfraces Pedregal del Lago,https://rentadisfraces.com/,,,CDMX,CDMX,México,Renta,Media,3,Fuente de los Molinos 13,research
Ropa,Disfraces,Renta escolar Coacalco Came,,,5521394734,Coacalco,EdoMex,México,Renta escolar,Media,3,Obras y kermés,research
Ropa,Disfraces,Renta infantil Fulanitas,,,5512371830,Nezahualcóyotl,EdoMex,México,Renta infantil,Media,3,Cumpleaños,research
Ropa,Disfraces,Renta Izcalli Abracadabra,,,5521069660,Cuautitlán Izcalli,EdoMex,México,Renta,Media,3,Norte EdoMex,research
Ropa,Disfraces,Renta Izcalli Fortuna,,,5511130702,Cuautitlán Izcalli,EdoMex,México,Renta,Media,3,Cumbria,research
Ropa,Disfraces,Renta Nicolás Romero Chayito,,,5564015577,Nicolás Romero,EdoMex,México,Renta,Media,3,San Isidro,research
Ropa,Disfraces,Showroom Pedro Loza disfraces,,,3315286145,Guadalajara,Jalisco,México,Showroom,Media,3,Pedro Loza 125 Centro,research
Ropa,Disfraces,Temporada Las Chinas,,,5553901103,Tlalnepantla,EdoMex,México,Bazar temporada,Media,3,Halloween / navidad,research
Ropa,Disfraces,Tijuana Mercado de Todos,,,6646217442,Tijuana,BC,México,Tienda integral,Media,3,Disfraces + makeup + bromas,research
Ropa,Disfraces,Tijuana renta Marthas,,,6649046302,Tijuana,BC,México,Renta local,Media,3,"Sin envíos, tienda física",research
Ropa,Disfraces,Venta de Disfraces Fantasía,https://www.ventadedisfracesfantasia.com/,,,Cuautitlán Izcalli,EdoMex,México,Tienda,Media,3,Centro Urbano Izcalli,research
Ropa,Disfraces,Walmart MX disfraces temporada,https://www.walmart.com.mx/,,,México,México,México,Retail,Media,2,Canal temporada,brand
Ropa,Disfraces,Cine Closet,,,,CDMX,CDMX,México,Renta cine,Baja,1,Miguel Ángel 170 Nonoalco — Time Out,research
Ropa,Disfraces,Cine Closet Nonoalco,,,,CDMX,CDMX,México,Renta cine,Baja,1,Looks de peli,research
Ropa,Disfraces,Cosplay CDMX tiendas,,,,CDMX,CDMX,México,Canal cosplay,Baja,1,Convenciones y ecom,research
Ropa,Disfraces,Disfraces Buenavista,,,,México,México,México,Tienda regional,Baja,,Directorio,research
Ropa,Disfraces,Disfraces Chalco,,,,Chalco,EdoMex,México,Tienda regional,Baja,1,Directorio Todo Disfraces,research
Ropa,Disfraces,Disfraces Chiconcuac,,,,Chiconcuac,EdoMex,México,Tienda regional,Baja,1,Textil + temporada,research
Ropa,Disfraces,Disfraces deportivos / mascotas equipo,,,,México,México,México,Canal deportivo,Baja,,Botargas de equipos,research
Ropa,Disfraces,Disfraces Emiliano Zapata Mor,,,,Emiliano Zapata,Morelos,México,Tienda regional,Baja,1,Morelos,research
Ropa,Disfraces,Disfraces escolares México,,,,México,México,México,Canal escolar,Baja,,"Obras, festivales, kermés",research
Ropa,Disfraces,Disfraces fiestas infantiles CDMX,,,,CDMX,CDMX,México,Canal infantil,Baja,1,Cumpleaños y kermés,research
Ropa,Disfraces,Disfraces Ixtapaluca,,,,Ixtapaluca,EdoMex,México,Tienda regional,Baja,1,Oriente EdoMex,research
Ropa,Disfraces,Disfraces Ixtapan de la Sal,,,,Ixtapan de la Sal,EdoMex,México,Tienda regional,Baja,1,Turismo,research
Ropa,Disfraces,Disfraces Lagunilla Comonfort,,,,CDMX,CDMX,México,Cluster popular,Baja,1,"Máscaras, pelucas, props",research
Ropa,Disfraces,Disfraces León Gto,,,,León,Guanajuato,México,Tienda regional,Baja,1,Temporada y mayoreo,research
Ropa,Disfraces,Disfraces Metepec,,,,Metepec,EdoMex,México,Tienda regional,Baja,1,Valle de Toluca,research
Ropa,Disfraces,Disfraces Ojo de Agua,,,,Tecámac,EdoMex,México,Tienda regional,Baja,1,Norte EdoMex,research
Ropa,Disfraces,Disfraces parques temáticos MX,,,,México,México,México,Canal entretenimiento,Baja,,Shows y personajes,research
Ropa,Disfraces,Disfraces San Mateo Atenco,,,,San Mateo Atenco,EdoMex,México,Tienda regional,Baja,1,Toluca,research
Ropa,Disfraces,Disfraces Santiago Tianguistenco,,,,Tianguistenco,EdoMex,México,Tienda regional,Baja,1,Valle de Toluca,research
Ropa,Disfraces,Disfraces Tenancingo,,,,Tenancingo,EdoMex,México,Tienda regional,Baja,1,Sur EdoMex,research
Ropa,Disfraces,Disfraces Teoloyucan,,,,Teoloyucan,EdoMex,México,Tienda regional,Baja,1,Norte,research
Ropa,Disfraces,Disfraces Texcoco,,,,Texcoco,EdoMex,México,Tienda regional,Baja,1,Oriente,research
Ropa,Disfraces,Disfraces Tultepec,,,,Tultepec,EdoMex,México,Tienda regional,Baja,1,Pirotecnia + temporada,research
Ropa,Disfraces,Disfraces Tuxtla,,,,Tuxtla Gutiérrez,Chiapas,México,Tienda regional,Baja,1,Temporada,research
Ropa,Disfraces,Disfraces universitarios / porras,,,,México,México,México,Canal educativo,Baja,,Porristas y teatro escolar,research
Ropa,Disfraces,Disfraces Valle de Chalco,,,,Valle de Chalco,EdoMex,México,Tienda regional,Baja,1,Oriente,research
Ropa,Disfraces,Disfraces XV años / temáticos,,,,CDMX,CDMX,México,Canal eventos,Baja,1,Temáticos y fantasía,research
Ropa,Disfraces,Disfraces Zumpango,,,,Zumpango,EdoMex,México,Tienda regional,Baja,1,Norte,research
Ropa,Disfraces,Mercado de Coyoacán disfraces,,,,CDMX,CDMX,México,Cluster mercado,Baja,1,Temporada Halloween,research
Ropa,Disfraces,Mercado Lagunilla disfraces vintage,,,,CDMX,CDMX,México,Cluster popular,Baja,1,"Vintage, folclor y regateo",research
Ropa,Disfraces,Mercado Libre disfraces sellers MX,https://listado.mercadolibre.com.mx/disfraces,,,México,México,México,Marketplace,Baja,1,Muchos vendedores MX; scrapear tiendas oficiales,research
Ropa,Disfraces,Party City estilo tiendas fiesta MX,,,,México,México,México,Fiesta + disfraz,Baja,,"Globos, piñatas, disfraces",research
Ropa,Disfraces,Piñaterías con disfraces CDMX,,,,CDMX,CDMX,México,Canal popular,Baja,1,Piñatas + disfraces,research
Ropa,Disfraces,Sucursal Álvaro Obregón GDL disfraces,,,,Guadalajara,Jalisco,México,Sucursal,Baja,1,Álvaro Obregón 583 — fiestas y disfraces,research
Comercializadora,Equipo de iluminacion,Grupo Construlita,https://www.grupoconstrulita.com/,,4422383900,Querétaro,Querétaro,México,Fabricante,Alta,6,Líder latinoamericano; marcas Construlita y Tecnolite; planta en Querétaro; alumbrado público GDL y Torreón,research
Comercializadora,Equipo de iluminacion,Ilumex,https://ilumexmx.com/,,5555124372,CDMX,CDMX,México,Mayoreo,Alta,6,"Distribuidora de luminaria al mayoreo 25 años; Plaza de la Luz, José Marroquí 81, Centro",research
Comercializadora,Equipo de iluminacion,PEFSA,https://www.pefsa.com.mx/,,5557518292,CDMX,CDMX,México,Retail,Alta,5,Sucursal CDMX: Av. Henry Ford 257; distribuye Philips,research
Comercializadora,Equipo de iluminacion,Amazon MX iluminación,https://www.amazon.com.mx/s?k=lamparas+led,,,México,México,México,Marketplace,Media,2,Sellers de iluminación,research
Comercializadora,Equipo de iluminacion,Artika,,,,Canadá,,México,Marca,Media,2,"Iluminación moderna, venta MX",brand
Comercializadora,Equipo de iluminacion,Coel,https://www.coel.mx/,,,CDMX,CDMX,México,Mayoreo,Media,4,Distribuidora de material eléctrico e iluminación,research
Comercializadora,Equipo de iluminacion,Construlita,https://www.construlita.com/,,,Querétaro,Querétaro,México,Marca,Media,4,"Desde 1984; iluminación profesional: comercial, industrial, alumbrado público",brand
Comercializadora,Equipo de iluminacion,Dirind — iluminación,https://www.dirind.com/di/iluminacion-general2.html,,,CDMX,CDMX,México,Directorio,Media,3,Directorio de proveedores de iluminación,research
Comercializadora,Equipo de iluminacion,Equipo de iluminacion (ejemplo original),https://vyorsa.com.mx/,,,,,México,Ejemplo original,Media,2,Seed del cliente,ejemplo_cliente
Comercializadora,Equipo de iluminacion,Espacios de Construcción,https://espaciosdeconstruccion.com/,,,México,México,México,Mayoreo,Media,3,"Luminarias viales, decorativas, industriales; Tecnolite, Construlita, Ledvance, Magg, Starco",research
Comercializadora,Equipo de iluminacion,GE Lighting (Savant),,,,USA,,México,Marca,Media,2,"Iluminación, venta MX",brand
Comercializadora,Equipo de iluminacion,Grupo Marzam iluminación,,,,CDMX,CDMX,México,Mayoreo,Media,2,Distribución de iluminación,research
Comercializadora,Equipo de iluminacion,Holophane,,,,USA,,México,Marca,Media,2,"Luminarias industriales, vía distribuidores MX",brand
Comercializadora,Equipo de iluminacion,Home Depot México,https://www.homedepot.com.mx/,,,CDMX,CDMX,México,Retail,Media,3,Sección de iluminación,brand
Comercializadora,Equipo de iluminacion,Ilumi de México,,,,CDMX,CDMX,México,Fabricante,Media,2,"Fabricante de luminarios para alumbrado público 26+ años; distribuidor Lexalite, Acrilux, Osram, Philips",research
Comercializadora,Equipo de iluminacion,Kichler,,,,USA,,México,Marca,Media,2,"Iluminación decorativa, venta MX",brand
Comercializadora,Equipo de iluminacion,LEXALITE,,,,USA,,México,Marca,Media,2,"Luminarias, vía Ilumi de México",brand
Comercializadora,Equipo de iluminacion,Lithonia,,,,USA,,México,Marca,Media,2,"Luminarias profesionales, vía distribuidores MX",brand
Comercializadora,Equipo de iluminacion,Maxim Lighting,,,,USA,,México,Marca,Media,2,"Iluminación decorativa, venta MX",brand
Comercializadora,Equipo de iluminacion,Megamex,,,,CDMX,CDMX,México,Mayoreo,Media,2,"Mayorista en material eléctrico industrial, alumbrado público y residencial",research
Comercializadora,Equipo de iluminacion,Mercado Libre iluminación,https://listado.mercadolibre.com.mx/iluminacion-led-mayoreo,,,México,México,México,Marketplace,Media,2,Mayoreo de iluminación LED,research
Comercializadora,Equipo de iluminacion,Osram / Ledvance,https://www.ledvance.com.mx/,,,CDMX,CDMX,México,Marca,Media,4,"Focos y luminarias LED, operación MX",brand
Comercializadora,Equipo de iluminacion,Philips Lighting México,https://www.lighting.philips.com.mx/,,,CDMX,CDMX,México,Marca,Media,4,"Iluminación, operación MX",brand
Comercializadora,Equipo de iluminacion,Progress Lighting,,,,USA,,México,Marca,Media,2,"Iluminación residencial, venta MX",brand
Comercializadora,Equipo de iluminacion,Regent Lighting,,,,USA,,México,Marca,Media,2,"Iluminación profesional, venta MX",brand
Comercializadora,Equipo de iluminacion,Signify (Philips),https://www.signify.com/mx,,,CDMX,CDMX,México,Marca,Media,4,Grupo que opera Philips Hue y luminarias,brand
Comercializadora,Equipo de iluminacion,Sterling Electric,https://www.sterlingelectric.com.mx/,,,CDMX,CDMX,México,Retail,Media,3,Material eléctrico y de iluminación,brand
Comercializadora,Equipo de iluminacion,Tecnolite,https://www.grupoconstrulita.com/tecnolite,,,Guadalajara,Jalisco,México,Marca,Media,4,Marca famosa IMPI; iluminación inteligente; desde 1989 en GDL,brand
Comercializadora,Equipo de iluminacion,The Home Depot iluminación,https://www.homedepot.com.mx/tienda/iluminacion,,,CDMX,CDMX,México,Canal,Media,3,"Lámparas, focos y luminarias",research
Comercializadora,Equipo de iluminacion,Vyrsa (ejemplo),https://vyorsa.com.mx/,,,CDMX,CDMX,México,Ejemplo original,Media,3,Ejemplo del cliente — equipo de iluminación,ejemplo_cliente
Comercializadora,Equipo de iluminacion,WAC Lighting,,,,USA,,México,Marca,Media,2,"Iluminación arquitectónica, venta MX",brand
Comercializadora,Equipo de iluminacion,ACRILUX,,,,México,México,México,Marca,Baja,1,"Luminarias, vía Ilumi de México",brand
Comercializadora,Equipo de iluminacion,Beghelli México,,,,México,México,México,Marca,Baja,1,Iluminación de emergencia y LED,brand
Comercializadora,Equipo de iluminacion,Electromag,,,,México,México,México,Marca,Baja,1,Material eléctrico e iluminación,brand
Comercializadora,Equipo de iluminacion,Feilo Sylvania / Havells,,,,México,México,México,Marca,Baja,1,"Iluminación, operación MX",brand
Comercializadora,Equipo de iluminacion,Forlighting,,,,México,México,México,Marca,Baja,1,"Iluminación, venta MX",brand
Comercializadora,Equipo de iluminacion,LUMICOM,,,,México,México,México,Marca,Baja,1,"Luminarias, vía Ilumi de México",brand
Comercializadora,Equipo de iluminacion,MAGG,,,,México,México,México,Marca,Baja,1,Luminarias y transformadores,brand
Comercializadora,Equipo de iluminacion,Solar (focos),,,,México,México,México,Marca,Baja,1,"Focos automotrices y generales, venta MX",brand
Comercializadora,Equipo de iluminacion,Starco,,,,México,México,México,Marca,Baja,1,Luminarias,brand
Comercializadora,Equipo de iluminacion,Sylvania México,,,,México,México,México,Marca,Baja,1,"Lámparas y focos, operación MX",brand
Belleza,Extensiones de pelo para salon,Cabello Natural,https://www.cabellonatural.com.mx/,extensionesdepelo16@gmail.com,3338150221,Zapopan,Jalisco,México,Ecom,Alta,9,"Extensiones y coletas de cabello natural; Plaza Picacho, Calz. Lázaro Cárdenas 3770 local 3A",research
Belleza,Extensiones de pelo para salon,Extensiones de Cabello CDMX,https://extensiones-de-cabello-cdmx.negocio.site/,,5514406688,CDMX,CDMX,México,Mayoreo,Alta,6,Cabello 100% humano y virgen; Chupícuaro 15; envíos nacionales,research
Belleza,Extensiones de pelo para salon,Imperio Extensiones GDL,https://www.instagram.com/imperio_extensionsgdl/,,3324941839,Guadalajara,Jalisco,México,Mayoreo,Alta,6,Extensiones 100% humano; envíos nacionales; mayoreo y menudeo,research
Belleza,Extensiones de pelo para salon,Rapunzel Extensiones Naturales,https://www.facebook.com/RapunzelMX/,,5525005774,CDMX,CDMX,México,Mayoreo,Alta,6,"Extensiones 100% natural, mayoreo y menudeo; Buenavista 227, Lindavista",research
Belleza,Extensiones de pelo para salon,Amazon MX extensiones,https://www.amazon.com.mx/s?k=extensiones+de+cabello,,,México,México,México,Marketplace,Media,2,Sellers de extensiones,research
Belleza,Extensiones de pelo para salon,Beauty Art (ejemplo),https://shop.beautyart.com.mx/,,,CDMX,CDMX,México,Ejemplo original,Media,3,Ejemplo del cliente — tienda de belleza con extensiones para salón,ejemplo_cliente
Belleza,Extensiones de pelo para salon,Crazy Hair,https://www.crazyhair.com.mx/,,,CDMX,CDMX,México,Mayoreo,Media,4,"Pelucas y extensiones 100% humano, mix y sintético; ventas al mayoreo; sucursales CDMX y GDL",research
Belleza,Extensiones de pelo para salon,Don Moa Extensiones,,,5559590050,CDMX,CDMX,México,Mayoreo,Media,4,"Emprende con pelucas; Correo Mayor 5, locales 9 y 10, CDMX",research
Belleza,Extensiones de pelo para salon,El 10 Pelucas & Extensiones,,,5578602637,CDMX,CDMX,México,Tienda,Media,3,Pelucas y extensiones en el Centro; Alhóndiga 29E; envíos,research
Belleza,Extensiones de pelo para salon,Extensiones de pelo para salon (ejemplo original),https://shop.beautyart.com.mx/,,,,,México,Ejemplo original,Media,2,Seed del cliente,ejemplo_cliente
Belleza,Extensiones de pelo para salon,MAYFE,https://mayfe.com.mx/,,,México,México,México,Ecom,Media,3,30+ años; extensiones de cabello 100% humano con garantía de color,research
Belleza,Extensiones de pelo para salon,Mercado Libre extensiones,https://listado.mercadolibre.com.mx/extensiones-de-cabello-a-mayoreo,,,México,México,México,Marketplace,Media,2,Mayoreo de extensiones,research
Belleza,Extensiones de pelo para salon,Michelle Sainz Extensiones,,,5612964521,Guadalajara,Jalisco,México,Mayoreo,Media,4,"Sucursales GDL, CDMX y Vallarta; fibra premium (ACA Hair)",research
Belleza,Extensiones de pelo para salon,MV Hair Extensions,,,,CDMX,CDMX,México,Mayoreo,Media,2,"Venta de cabello mayoreo/menudeo y colocaciones; Izazaga 89 piso 5 local 505, Centro",research
Belleza,Extensiones de pelo para salon,Naked Hair,https://www.sallymexico.com/,,,México,México,México,Marca,Media,3,"Extensiones Remy con clip, vía Sally Beauty MX",brand
Belleza,Extensiones de pelo para salon,Novengasa / Star One,,,5528468155,CDMX,CDMX,México,Tienda,Media,3,"Tienda de belleza con extensiones; Calle del Carmen 67, Centro",research
Belleza,Extensiones de pelo para salon,Sally Beauty México,https://www.sallymexico.com/,,,CDMX,CDMX,México,Retail,Media,3,Cadena con sección de extensiones y pelucas,brand
Belleza,Extensiones de pelo para salon,ANOGOL,,,,México,México,México,Marca,Baja,1,"Extensiones trenzadas de color, vía ML",brand
Belleza,Extensiones de pelo para salon,CHECKK,,,,México,México,México,Marca,Baja,1,"Coleta postiza cabello natural, vía ML",brand
Belleza,Extensiones de pelo para salon,GALA Remy,,,,México,México,México,Marca,Baja,1,"Extensiones 100% natural 18'' básicos, vía ML",brand
Belleza,Extensiones de pelo para salon,GNN,,,,México,México,México,Marca,Baja,1,"Kit cortina de cabello 21 pzs, vía ML",brand
Belleza,Extensiones de pelo para salon,INVISIBLE,,,,México,México,México,Marca,Baja,1,"Extensiones hilo invisible mayoreo 6 pzs, vía ML",brand
Belleza,Extensiones de pelo para salon,JR Extensiones,,,,México,México,México,Marca,Baja,1,"Extensiones fibra natural con clips, mayoreo 6 pzs, vía ML",brand
Belleza,Extensiones de pelo para salon,LUV REMY,,,,México,México,México,Marca,Baja,1,"Extensiones Eve 22'' 100% natural, vía ML",brand
Belleza,Extensiones de pelo para salon,MU Extensiones,,,,México,México,México,Marca,Baja,1,"Extensiones clip de pelo natural 10 pzs, vía ML",brand
Belleza,Extensiones de pelo para salon,MY STYLE,,,,México,México,México,Marca,Baja,1,"Coletas de listón mayoreo, vía ML",brand
Belleza,Extensiones de pelo para salon,XBWIG,,,,México,México,México,Marca,Baja,1,"Extensiones clip rectas 7 pzs, vía ML (4.6★ 1,015 reviews)",brand
Alimentos,Frutos secos,Alimentos ENCO,https://www.encoalimentos.com,ventas@encoalimentos.com,(81) 8355-8648,Guadalupe,NL,México,Fabricante,Alta,9,Nuez análoga soya panificación,dirind
Alimentos,Frutos secos,Alimentos Hergran,https://www.hergran.com,informacion@hergran.com,(81) 8104-1891,Monterrey,NL,México,Marca granola/snacks,Alta,9,Granola + arándanos snacks,dirind
Alimentos,Frutos secos,Alimentos Mexicanos Tonatiuh / Frutissima,,frutissima@hotmail.com,(777) 313-5887,Cuernavaca,Morelos,México,Frutas deshidratadas,Alta,6,Confitería artesanal,dirind
Alimentos,Frutos secos,Alonso Loera Nuez,,alonsoalejandroloera40@gmail.com,(844) 452-4229,Parras,Coahuila,México,Productor pecana,Alta,7,40+ años Wichita Western,dirind
Alimentos,Frutos secos,Beneficiadora de Nueces y Piñones,,bnpsa@hotmail.com,(55) 5370-1053,Atotonilco el Grande,Hidalgo,México,Beneficio frutos secos,Alta,6,Nuez almendra pistache avellana,dirind
Alimentos,Frutos secos,Beneficiadora de Semillas y Oleaginosas BENSOL,https://www.bensol.com.mx,bensol@prodigy.net.mx,(81) 8384-0708,Escobedo,NL,México,Distribuidor nueces,Alta,9,Sucursal CDMX Granjas México,dirind
Alimentos,Frutos secos,Cremo Chanty de México,https://www.cremochanty.mx,,(55) 5571-3557,CDMX,CDMX,México,Insumos panadería,Alta,5,Nuez granillo + insumos,dirind
Alimentos,Frutos secos,Dualmex,,gilberto.valencia@dualmex.com,(55) 5685-1911,CDMX,CDMX,México,Distribuidor,Alta,7,Almendras avellanas pasta frutas secas,dirind
Alimentos,Frutos secos,El Beneficio,https://elbeneficio.mx,gustavo@elbeneficio.mx,(55) 4459-2729,Atotonilco El Grande,Hidalgo,México,Insumos Horeca,Alta,8,Nuez almendra pistache arándano,dirind
Alimentos,Frutos secos,El Fresno Express / Empacadora El Fresno,https://elfresnoexpress.com/,rosalia.romero@despensaselfresno.com.m,(55) 3863-6660,Valle de Chalco,EdoMex,México,Empacadora mayoreo,Alta,9,CDMX/Edomex repostería abarrotes,research
Alimentos,Frutos secos,El Ruiseñor de México,https://www.ruisenor.com.mx,salvador@ruisenor.com,(55) 5694-2611,CDMX,CDMX,México,Mayoreo Central Abastos,Alta,9,Nueces pistache almendra uva pasa,dirind
Alimentos,Frutos secos,Engloba Food Solutions,https://www.engloba.com.mx,ventas_01@engloba.com.mx,(33) 3122-7127,Zapopan,Jalisco,México,Ingredientes industria,Alta,8,Frutos secos granos semillas deshidratados,dirind
Alimentos,Frutos secos,Fun Fruit,https://funfruit.com.mx/,shop@funfruit.com.mx,,CDMX,EdoMex,México,Mayoreo B2B,Alta,7,Mayoreo semillas y frutos secos envíos nacionales,research
Alimentos,Frutos secos,Galdisa / Golden Nuts,https://www.galdisa.com,info@galdisa.com.mx,(55) 5630-4616,CDMX,CDMX,México,Fabricante marca GOLDEN,Alta,9,Almendra pistache nuez botanas maquila,dirind
Alimentos,Frutos secos,Grupo Maxilu,https://www.maxilu.com.mx,corporativas@maxilu.com.mx,(55) 5319-2711,CDMX,CDMX,México,Granola fabricante,Alta,9,Cereales + frutos secos desde 1986,dirind
Alimentos,Frutos secos,Grupo Paraíso / Comercializadora Paraíso,https://paraisomex.com/,,+52 33 3121 3506,Guadalajara,Jalisco,México,Mayorista nacional,Alta,5,Semillas frutos secos especias centrales abasto,research
Alimentos,Frutos secos,Humphrey Pecan,https://www.humphreypecan.com.mx,ghumphrey@humphreypecan.com.mx,(871) 731-6004,Torreón,Coahuila,México,Mayoreo pecanas,Alta,9,Nacionales e internacionales,dirind
Alimentos,Frutos secos,Importaciones y Distribuciones MS,,importacionesms@prodigy.net.mx,5556944546,CDMX,CDMX,México,Mayoreo CEDA,Alta,7,Semillas nuez pistache almendra dulces,research
Alimentos,Frutos secos,Ingredientes Especializados,,jorge@iespecializados.com,(33) 2631-6802,Tlaquepaque,Jalisco,México,Selección semillas,Alta,6,Pistache nueces almendras maquila,dirind
Alimentos,Frutos secos,iNuts,https://www.inuts.com.mx,clientes@inuts.com.mx,(55) 1850-5463,CDMX,CDMX,México,Marca gourmet D2C,Alta,9,Cacahuates japoneses almendras tablas,dirind
Alimentos,Frutos secos,La Gallina Feliz,https://www.lagallinafeliz.com,lagallinafeliz_@hotmail.com,(33) 3671-3098,Guadalajara,Jalisco,México,Frutas secas,Alta,8,Almendras pistaches nueces pasas piñones,dirind
Alimentos,Frutos secos,La Macadamia,,lamacadamia@yahoo.com.mx,(452) 523-6108,Uruapan,Michoacán,México,Fabricante macadamia,Alta,7,Nuez macadamia,dirind
Alimentos,Frutos secos,Mi Nuez,https://www.minuez.com,ventas@minuez.com,(33) 3671-3892,Guadalajara,Jalisco,México,Distribuidor Abastos GDL,Alta,9,Nueces almendras pistaches arándanos,dirind
Alimentos,Frutos secos,Nacional Abastecedora de Granos y Frutos Secos / Galdisa Abastos,https://www.galdisa.com.mx,ventas@galdisa.com,(55) 5630-4616,CDMX,CDMX,México,Mayoreo industria,Alta,9,Cacahuate almendra pepita pistache nuez,dirind
Alimentos,Frutos secos,Natural Intensity / PALS Snacks,https://www.pals-snacks.com,hola@pals-snacks.com,(81) 8370-9282,Monterrey,NL,México,Marca snack barras,Alta,9,Barras frutos secos veganas,dirind
Alimentos,Frutos secos,Nueces y Piñones del Norte,https://www.nueces.com.mx,asistente3@nueces.com.mx,(81) 8352-9750,San Nicolás de los Garza,NL,México,Procesador nuez,Alta,8,Mitades pedazo granito,dirind
Alimentos,Frutos secos,Nutri Selección,https://www.nutri-seleccion.com,ventas@nutriseleccion.com.mx,(55) 5648-6446,CDMX,CDMX,México,Productor/distribuidor,Alta,9,Nuez almendras uva pasa + Nestlé cover,dirind
Alimentos,Frutos secos,Pecanogamex,,ventas@nogamex.com,(636) 694-6042,México,México,México,Productor/procesador,Alta,6,Descascaradores pecana,dirind
Alimentos,Frutos secos,Peña Tueme SPR,https://www.penatueme.com,ventas@penatueme.com,(871) 209-7074,Torreón,Coahuila,México,Productor/procesador nuez,Alta,9,Western y Wichita; SQF HACCP FDA,dirind
Alimentos,Frutos secos,Procesadora de Nueces Hidrocálida / Nueces Finas Querétaro,,nuecesfinasqueretaro@hotmail.com,(442) 217-0225,Querétaro,Qro,México,Procesadora,Alta,6,Mitad pedacería almendra frutas secas,dirind
Alimentos,Frutos secos,Procesadora Guevara,https://www.procesadoraguevara.com.mx,proguevara@hotmail.com.mx,(639) 466-2049,México,México,México,Procesadora,Alta,7,Nuez natural descascarada,dirind
Alimentos,Frutos secos,Productos Silvestres de Nuevo León,,silvestresdenuevoleon@gmail.com,(81) 1496-8343,San Nicolás de los Garza,NL,México,Orgánico regional,Alta,6,Piñón nuez orgánica calabaza,dirind
Alimentos,Frutos secos,Promanuez,https://www.promanuez.com.mx,ventas@promanuez.com.mx,(871) 718-8023,Torreón,Coahuila,México,Maquila nuez,Alta,8,Compra-venta maquila frutas secas,dirind
Alimentos,Frutos secos,Resnomex / Distribuidora Nacional Omni,https://www.resnomex.com,informacion@resnomex.com,(871) 150-5949,Torreón,Coahuila,México,Productor pecan,Alta,9,Wichita y Western,dirind
Alimentos,Frutos secos,Samalayuca Agropecuaria / Agrogan Imperial,https://www.agroganimperial.com.mx,,(656) 623-7143,Cd. Juárez,Chihuahua,México,Productor nuez,Alta,6,Maquila selección cuartos fríos,dirind
Alimentos,Frutos secos,SEPV Esterilización,https://www.sepv.com.mx,sepv002@gmail.com,(55) 2620-0580,Cuautitlán Izcalli,EdoMex,México,Servicio industrial,Alta,8,Esterilización frutos secos ISO HACCP,dirind
Alimentos,Frutos secos,Sintco,https://www.sintco.com,ventas@sintco.com,800-711-6830,Cd. Juárez,Chihuahua,México,Import/export,Alta,8,Pecanera almendras castilla,dirind
Alimentos,Frutos secos,Star del Norte,https://www.stardelnorte.com,romulogl@stardelnorte.com,(81) 8388-8309,Santa Catarina,NL,México,Comercializador nuez,Alta,8,Mercado Abastos Pte,dirind
Alimentos,Frutos secos,Tepehuana / Fun Fruit,https://funfruit.com.mx,shop@funfruit.com.mx,(55) 5600-5900,Tlalnepantla,EdoMex,México,Mayoreo nacional,Alta,9,Semillas frutos secos deshidratados B2B,dirind
Alimentos,Frutos secos,Welbing México frutos secos,https://www.welbingmexico.com,equipodeventas@welbingmexico.com,(55) 5360-4763,Tlalnepantla,EdoMex,México,Granel + marca propia,Alta,9,Nuez india macadamia golden berries,dirind
Alimentos,Frutos secos,AbaMex Central de Abastos,https://abamexmexico.com/,,,CDMX,CDMX,México,Mayorista CEDA,Media,3,Semillas frutos secos especias Iztapalapa,research
Alimentos,Frutos secos,Abasto Vegano mayoreo,https://mayoreo.abastovegano.com/,,,México,México,México,Mayoreo vegano,Media,3,Mix nueces,research
Alimentos,Frutos secos,Aires de Campo frutos secos,https://airesdecampo.com/,,,México,México,México,Orgánico premium,Media,2,Retail,brand
Alimentos,Frutos secos,Asociación de nogaleros Coahuila,,,,Coahuila,Coahuila,México,Asociación productor,Media,2,Cluster pecanero,regional
Alimentos,Frutos secos,Asociación de nogaleros Sonora,,,,Sonora,Sonora,México,Asociación productor,Media,2,Cluster pecanero,regional
Alimentos,Frutos secos,Balance Natural de México,,,,Jaloxtoc,Morelos,México,Fabricante/distribuidor,Media,2,Frutos secos Cosmos,research
Alimentos,Frutos secos,Barcel cacahuates/botanas,https://www.barcel.com.mx/,,,México,México,México,Marca botana,Media,3,Grupo Bimbo,brand
Alimentos,Frutos secos,Brokimex Services,,,,Guadalajara,Jalisco,México,Distribuidor,Media,2,Semilla fina,research
Alimentos,Frutos secos,Carmeluz,https://www.carmeluz.com/,,,Monterrey,NL,México,Granel zero waste,Media,3,Nueces frutas secas envíos MX,research
Alimentos,Frutos secos,Central de Abastos León frutos secos,,,,León,Guanajuato,México,Mayoreo,Media,2,Regional,regional
Alimentos,Frutos secos,Central de Abastos Mérida frutos secos,,,,Mérida,Yucatán,México,Mayoreo,Media,2,Regional,regional
Alimentos,Frutos secos,Central de Abastos Puebla frutos secos,,,,Puebla,Puebla,México,Mayoreo,Media,2,Regional,regional
Alimentos,Frutos secos,Central de Abastos Querétaro frutos secos,,,,Querétaro,Qro,México,Mayoreo,Media,2,Regional,regional
Alimentos,Frutos secos,Central de Abastos Tijuana frutos secos,,,,Tijuana,BC,México,Mayoreo,Media,2,Regional,regional
Alimentos,Frutos secos,Central de Abastos Toluca frutos secos,,,,Toluca,EdoMex,México,Mayoreo,Media,2,Regional,regional
Alimentos,Frutos secos,City Market bulk / La Comer,https://www.lacomer.com.mx/,,,México,México,México,Supermercado premium,Media,2,Granel gourmet,brand
Alimentos,Frutos secos,Comercializadora LumaWer,,,55 9721 9660,México,EdoMex,México,Distribuidor,Media,3,Pistaches,research
Alimentos,Frutos secos,Deleite de Cielo,http://deleitedecielo.com/,,,México,México,México,Ecom kilo,Media,3,Nuez almendra cacahuate fruta seca,research
Alimentos,Frutos secos,Distribuidora frutos secos CDMX Norte,,,,CDMX,CDMX,México,Distribuidor regional,Media,2,Mayoreo zona norte,regional
Alimentos,Frutos secos,Distribuidora frutos secos CDMX Sur,,,,CDMX,CDMX,México,Distribuidor regional,Media,2,Mayoreo zona sur,regional
Alimentos,Frutos secos,Distribuidora frutos secos Chihuahua capital,,,,Chihuahua,Chihuahua,México,Distribuidor regional,Media,2,Norte,regional
Alimentos,Frutos secos,Distribuidora frutos secos Estado de México,,,,Toluca,EdoMex,México,Distribuidor regional,Media,2,Mayoreo,regional
Alimentos,Frutos secos,Distribuidora frutos secos San Pedro NL,,,,San Pedro,NL,México,Distribuidor regional,Media,2,Premium,regional
Alimentos,Frutos secos,Distribuidora frutos secos Tuxtla,,,,Tuxtla Gutiérrez,Chiapas,México,Distribuidor regional,Media,2,Sur,regional
Alimentos,Frutos secos,Distribuidora frutos secos Veracruz puerto,,,,Veracruz,Veracruz,México,Distribuidor regional,Media,2,Golfo,regional
Alimentos,Frutos secos,Distribuidora Naucalpan frutos secos,,,,Naucalpan,EdoMex,México,Distribuidor,Media,2,San Luis Tlatilco,research
Alimentos,Frutos secos,El Eden MX,https://eledenmx.com/,,,México,México,México,Ejemplo original,Media,2,Ejemplo del cliente,ejemplo
Alimentos,Frutos secos,GPO Premier,https://gpopremier.com/,,,Zapopan,Jalisco,México,Importador/procesador líder,Media,3,+50 años frutos secos México,research
Alimentos,Frutos secos,Great Value nueces Walmart,https://www.walmart.com.mx/,,,México,México,México,Private label,Media,2,Canal,brand
Alimentos,Frutos secos,Grupo Comercial Guajardo,,,,Monterrey,NL,México,Distribuidor,Media,2,Semilla fina,research
Alimentos,Frutos secos,HEB bulk nuts,https://www.heb.com.mx/,,,Monterrey,NL,México,Supermercado,Media,3,Norte,brand
Alimentos,Frutos secos,Kirkland nueces Costco canal,https://www.costco.com.mx/,,,México,México,México,Retail club,Media,2,Canal mayoreo consumidor,brand
Alimentos,Frutos secos,La Casa del Bacalao frutos secos,https://lacasadelbacalao.com.mx/,,,México,México,México,Gourmet ecom,Media,3,Nueces semillas gourmet,research
Alimentos,Frutos secos,La Mejicana granel,https://lamejicana.mx/,,,Guadalajara,Jalisco,México,Ecom granel,Media,4,Frutos secos granos especias envíos,research
Alimentos,Frutos secos,La Molinera de Abastos,http://www.lamolinera.com.mx/,,,México,México,México,Mayoreo/menudeo,Media,3,Pistache almendra avellana nuez india,research
Alimentos,Frutos secos,Mafer cacahuates,https://www.mafer.com.mx/,,,México,México,México,Marca botana,Media,3,Cacahuate líder,brand
Alimentos,Frutos secos,Mayoreo La Tapatia,,,,Sinaloa,Sinaloa,México,Mayoreo abastos,Media,2,Frutos secos,research
Alimentos,Frutos secos,Mayoreo Online Ruiseñor,https://mayoreo.online/,,,CDMX,CDMX,México,Ecom mayoreo,Media,4,Cajas 10-22kg almendras nuez,research
Alimentos,Frutos secos,Member's Mark nueces Sam's,https://www.sams.com.mx/,,,México,México,México,Retail club,Media,2,Canal,brand
Alimentos,Frutos secos,Mercanto,https://mercanto.mx/,,,México,México,México,Mayoreo foodservice,Media,3,Restaurantes frutos secos granel,research
Alimentos,Frutos secos,Nature's Heart snacks nueces,https://naturesheart.com.mx/,,,México,México,México,Marca healthy,Media,3,Retail moderno,brand
Alimentos,Frutos secos,Productores nuez pecanera Aldama Chih,,,,Aldama,Chihuahua,México,Productor regional,Media,2,Cinturón pecanero,regional
Alimentos,Frutos secos,Productores nuez pecanera Camargo Chih,,,,Camargo,Chihuahua,México,Productor regional,Media,2,Cinturón pecanero,regional
Alimentos,Frutos secos,Productores nuez pecanera Delicias Chih,,,,Delicias,Chihuahua,México,Productor regional,Media,2,Cinturón pecanero,regional
Alimentos,Frutos secos,Productores nuez pecanera Flores Magón Chih,,,,Buenaventura,Chihuahua,México,Productor regional,Media,2,Norte,regional
Alimentos,Frutos secos,Productores nuez pecanera Hermosillo Son,,,,Hermosillo,Sonora,México,Productor regional,Media,2,Noroeste,regional
Alimentos,Frutos secos,Productores nuez pecanera Jiménez Chih,,,,Jiménez,Chihuahua,México,Productor regional,Media,2,Cinturón pecanero,regional
Alimentos,Frutos secos,Productores nuez pecanera Lerdo Dgo,,,,Lerdo,Durango,México,Productor/cluster,Media,2,La Laguna,regional
Alimentos,Frutos secos,Productores nuez pecanera Monclova zona,,,,Monclova,Coahuila,México,Productor/comercial,Media,2,Centro-norte,regional
Alimentos,Frutos secos,Productores nuez pecanera Navajoa Son,,,,Navojoa,Sonora,México,Productor regional,Media,2,Noroeste,regional
Alimentos,Frutos secos,Productores nuez pecanera Nuevo Casas Grandes,,,,Nuevo Casas Grandes,Chihuahua,México,Productor regional,Media,2,Norte,regional
Alimentos,Frutos secos,Productores nuez pecanera Obregón Son,,,,Cd. Obregón,Sonora,México,Productor regional,Media,2,Noroeste,regional
Alimentos,Frutos secos,Productores nuez pecanera Parras Coah,,,,Parras,Coahuila,México,Productor regional,Media,2,Centro-norte,regional
Alimentos,Frutos secos,Productores nuez pecanera Saltillo zona,,,,Saltillo,Coahuila,México,Productor/comercial,Media,2,Centro-norte,regional
Alimentos,Frutos secos,Productores nuez pecanera Torreón La Laguna,,,,Torreón,Coahuila,México,Productor/cluster,Media,2,La Laguna,regional
Alimentos,Frutos secos,Rikanuez CDMX,https://www.rikanuez.com/,,,CDMX,CDMX,México,Ecom + mayoreo,Media,4,Almendra nuez pecana botana premium,research
Alimentos,Frutos secos,Señor Pistacho,,,,CDMX,CDMX,México,Superfoods retail/mayoreo,Media,2,Pistache almendras nueces dátiles,research
Alimentos,Frutos secos,Venta de Nuez Almendra y Granos / REMANU,https://ventadenuezalmendraygranos.com/,,,CDMX,CDMX,México,Mayoreo 1kg-toneladas,Media,4,Comercio justo campo mexicano,research
Alimentos,Frutos secos,A-Verfrut,,,,CDMX,CDMX,México,Central Abastos,Baja,1,Frutos secos,research
Alimentos,Frutos secos,Abasto Latino Americano ALA,,,,CDMX,CDMX,México,CEDA abarrotes,Baja,1,Frutos secos pasillo 2,research
Alimentos,Frutos secos,Agronuez / cooperativas nogaleras multi,,,,Norte,México,México,Cooperativa,Baja,,Pecan,extra
Alimentos,Frutos secos,Ajonjolí MX/import multi,,,,México,México,México,Commodity,Baja,,Ajonjolí,brand
Alimentos,Frutos secos,Almendra California importadores MX multi,,,,México,México,México,Importadores,Baja,,Almond USA,brand
Alimentos,Frutos secos,Alpura / lácteos no,,,,México,México,México,—,Baja,,Skip soft,extra
Alimentos,Frutos secos,Amaranto MX productores multi,,,,México,México,México,Superfood nacional,Baja,,Amaranto,brand
Alimentos,Frutos secos,Amazon MX sellers frutos secos multi,,,,México,México,México,Marketplace,Baja,,Multi sellers,brand
Alimentos,Frutos secos,Anacardo/India cashew importadores MX multi,,,,México,México,México,Importadores,Baja,,Cashew,brand
Alimentos,Frutos secos,Arándano USA/Chile importadores MX multi,,,,México,México,México,Importadores,Baja,,Cranberry,brand
Alimentos,Frutos secos,Avellana Turquía/Italia import MX,,,,México,México,México,Importadores,Baja,,Hazelnut,brand
Alimentos,Frutos secos,Barcel Takis no nuts,,,,México,México,México,Marca botana,Baja,1,Canal retail adyacente,extra
Alimentos,Frutos secos,Botanas Cheves,,,,México,México,México,Marca regional,Baja,1,Cacahuate,brand
Alimentos,Frutos secos,Botanas Cocayo,,,,CDMX,CDMX,México,Botanas,Baja,1,Pistaches Taller Balbuena,research
Alimentos,Frutos secos,Botanas La Anita,,,,México,México,México,Fabricante,Baja,1,Botanas semillas,extra
Alimentos,Frutos secos,Brokers commodities nuts MX multi,,,,México,México,México,Trading,Baja,,Import containers,regional
Alimentos,Frutos secos,Cacahuate MX productores Morelos/Puebla multi,,,,México,México,México,Productor nacional,Baja,,Cacahuate,brand
Alimentos,Frutos secos,Cacahuates Nipon / similares multi marcas,,,,México,México,México,Cluster botana,Baja,,Japonés enchilado,brand
Alimentos,Frutos secos,Cacahuates Nipon oficial,,,,México,México,México,Marca,Baja,1,Japonés,extra
Alimentos,Frutos secos,Cacep chocolate Tabasco,,,,México,México,México,Chocolate,Baja,,Tabasco,extra
Alimentos,Frutos secos,Cantinero botana,,,,México,México,México,Marca botana,Baja,1,Surtido,brand
Alimentos,Frutos secos,Carlos V / Nestlé chocolate,,,,México,México,México,Chocolate,Baja,,Canal,extra
Alimentos,Frutos secos,Central de Abastos CDMX sector frutos secos multi-bodegas,,,,CDMX,CDMX,México,Mayoreo CEDA,Baja,1,Múltiples locatarios,regional
Alimentos,Frutos secos,Certificadoras orgánicas frutos secos MX multi,,,,México,México,México,Certificación,Baja,,Orgánico,extra
Alimentos,Frutos secos,Charras / snacks,,,,México,México,México,Marca,Baja,1,Totopos snacks,extra
Alimentos,Frutos secos,Chedraui granel,,,,México,México,México,Supermercado,Baja,,Canal,brand
Alimentos,Frutos secos,Chocolates de la Soledad,,,,México,México,México,Chocolate MX,Baja,,Oaxaca,extra
Alimentos,Frutos secos,Chocolates Wolter,,,,México,México,México,Chocolate MX,Baja,,Posible uso nuez,extra
Alimentos,Frutos secos,Chía MX productores multi,,,,México,México,México,Superfood nacional,Baja,,Chía,brand
Alimentos,Frutos secos,Ciruela pasa Chile/California import MX,,,,México,México,México,Importadores,Baja,,Prunes,brand
Alimentos,Frutos secos,CNPH / productores hortofrutícolas nuez,,,,México,México,México,Cámara/asociación,Baja,,Representación sector,regional
Alimentos,Frutos secos,Coco deshidratado Filipinas/Indonesia import MX,,,,México,México,México,Importadores,Baja,,Coconut,brand
Alimentos,Frutos secos,Crema de almendra MX marcas multi,,,,México,México,México,Procesado,Baja,,Untables,extra
Alimentos,Frutos secos,Crema de cacahuate MX marcas multi,,,,México,México,México,Procesado,Baja,,Untables,extra
Alimentos,Frutos secos,Cuétara galletas,,,,México,México,México,Industrial,Baja,,Uso industrial,extra
Alimentos,Frutos secos,Diseño de marca snacks nuts agencias multi,,,,México,México,México,Servicio,Baja,,Branding,extra
Alimentos,Frutos secos,Distribuidora Semillas y Chiles El Ranchero,,,,CDMX,CDMX,México,CEDA,Baja,1,Frutos secos chiles,research
Alimentos,Frutos secos,Dátil Medio Oriente importadores MX multi,,,,México,México,México,Importadores,Baja,,Dates,brand
Alimentos,Frutos secos,Embasa / Conservas con nuez,,,,México,México,México,Marca abarrotes,Baja,1,Canal tradicional,brand
Alimentos,Frutos secos,Empacadora de nuez Delicias multi empresas,,,,Delicias,Chihuahua,México,Cluster empaque,Baja,,Pecan,extra
Alimentos,Frutos secos,Empacadora de nuez Jiménez multi empresas,,,,Jiménez,Chihuahua,México,Cluster empaque,Baja,,Pecan,extra
Alimentos,Frutos secos,Empacadoras pecan Cd Juárez cluster,,,,Cd. Juárez,Chihuahua,México,Empaque/export,Baja,,Frontera,regional
Alimentos,Frutos secos,Empacadoras pecan Torreón cluster,,,,Torreón,Coahuila,México,Empaque/export,Baja,,La Laguna,regional
Alimentos,Frutos secos,Empaques flexibles nuts doypack proveedores multi,,,,México,México,México,Empaque,Baja,,Insumo packaging,extra
Alimentos,Frutos secos,Etiquetadoras private label nuts multi,,,,México,México,México,Servicio,Baja,,Marca propia,extra
Alimentos,Frutos secos,Exportadores pecan México USA multi,,,,Norte,México,México,Export,Baja,,Pecan belt export,regional
Alimentos,Frutos secos,Ferrero Rocher import canal almendra,,,,México,México,México,Import premium,Baja,,Almendra avellana,extra
Alimentos,Frutos secos,Frigoríficos nuez La Laguna multi,,,,Torreón,Coahuila,México,Almacenamiento frío,Baja,,Pecan,extra
Alimentos,Frutos secos,Frubotanas,,,,México,México,México,Marca mix,Baja,1,Mix frutos secos retail,brand
Alimentos,Frutos secos,Gamesa / PepsiCo galletas nuez,,,,México,México,México,Industrial galleta,Baja,,Uso industrial,extra
Alimentos,Frutos secos,Godiva canal MX,,,,México,México,México,Import premium,Baja,,Retail,extra
Alimentos,Frutos secos,Golden Hills snacks,,,,México,México,México,Marca,Baja,1,Snacks nuez,extra
Alimentos,Frutos secos,Granola MX marcas con nueces multi,,,,México,México,México,Marca cereal,Baja,,Breakfast,extra
Alimentos,Frutos secos,Grupo Bimbo bollería con nuez canal,,,,México,México,México,Industrial pan,Baja,,Uso industrial nuez,extra
Alimentos,Frutos secos,Harinas de almendra MX marcas multi,,,,México,México,México,Procesado,Baja,,Repostería keto,extra
Alimentos,Frutos secos,Karinto botanas,,,,México,México,México,Marca,Baja,1,Botanas,extra
Alimentos,Frutos secos,Ki' Xocolatl,,,,México,México,México,Chocolate gourmet,Baja,,Yucatán,extra
Alimentos,Frutos secos,Laboratorios calidad nuez export multi,,,,Norte,México,México,Servicio QA,Baja,,Export USA,extra
Alimentos,Frutos secos,LAYJA Proveedora Botana,,,,Coacalco,EdoMex,México,Proveedora botana,Baja,1,Semilla fina pistache almendra nuez,research
Alimentos,Frutos secos,Linaza MX/import multi,,,,México,México,México,Commodity,Baja,,Linaza,brand
Alimentos,Frutos secos,Lindt chocolate nueces canal,,,,México,México,México,Import premium,Baja,,Retail,extra
Alimentos,Frutos secos,LioMex,,,,Jalisco,Jalisco,México,Proveedor,Baja,1,Frutos secos,research
Alimentos,Frutos secos,Logística fría frutos secos 3PL multi,,,,México,México,México,Logística,Baja,,Cadena frío,extra
Alimentos,Frutos secos,Macadamia Australia/Hawaii import MX,,,,México,México,México,Importadores,Baja,,Macadamia,brand
Alimentos,Frutos secos,Mantequilla de maní import MX multi,,,,México,México,México,Import retail,Baja,,Untables,extra
Alimentos,Frutos secos,Maquila empaque doypack frutos secos MX multi,,,,México,México,México,Maquila,Baja,,Private label,regional
Alimentos,Frutos secos,Marca propia supermercado frutos secos maquila multi,,,,México,México,México,Private label,Baja,,Retail chains,regional
Alimentos,Frutos secos,Mercado de Abastos GDL sector nueces multi,,,,Guadalajara,Jalisco,México,Mayoreo abastos,Baja,1,Múltiples locatarios,regional
Alimentos,Frutos secos,Mercado de Abastos Monterrey multi nueces,,,,Monterrey,NL,México,Mayoreo abastos,Baja,1,Múltiples locatarios,regional
Alimentos,Frutos secos,Mercado Libre frutos secos mayoreo multi,,,,México,México,México,Marketplace,Baja,,Multi sellers,brand
Alimentos,Frutos secos,Nature Valley canal,,,,México,México,México,Marca barras,Baja,1,Retail,extra
Alimentos,Frutos secos,Nestlé México usos industriales nuez,,,,México,México,México,Industrial,Baja,,Coberturas/insumos,extra
Alimentos,Frutos secos,Nipon cacahuate japonés,,,,México,México,México,Marca botana,Baja,1,Japonés,brand
Alimentos,Frutos secos,Nuez de Castilla importadores multi MX,,,,México,México,México,Importadores,Baja,,Walnut import,brand
Alimentos,Frutos secos,Paquetería mayoreo nuts Estafeta/DHL usuarios multi,,,,México,México,México,Logística,Baja,,Envíos,extra
Alimentos,Frutos secos,Pepita / semilla calabaza MX productores multi,,,,México,México,México,Productor nacional,Baja,,Pepita,brand
Alimentos,Frutos secos,Pistache Irán/USA importadores MX multi,,,,México,México,México,Importadores,Baja,,Pistachio,brand
Alimentos,Frutos secos,Piñón España/China import MX,,,,México,México,México,Importadores,Baja,,Pine nut,brand
Alimentos,Frutos secos,Producampo / similares orgánicos,,,,México,México,México,Orgánico,Baja,,Frutos secos org,brand
Alimentos,Frutos secos,Productos Don Beto cacahuates,,,,México,México,México,Fabricante botana,Baja,1,Cacahuate,extra
Alimentos,Frutos secos,Proveedor cafeterías toppings nueces MX multi,,,,México,México,México,Foodservice,Baja,,Cafés,regional
Alimentos,Frutos secos,Proveedor chocolaterías almendra MX multi,,,,México,México,México,Industrial,Baja,,Chocolate,regional
Alimentos,Frutos secos,Proveedor heladerías toppings MX multi,,,,México,México,México,Foodservice,Baja,,Helados,regional
Alimentos,Frutos secos,Proveedor Horeca frutos secos CDMX multi,,,,CDMX,CDMX,México,Foodservice,Baja,,Hoteles restaurantes,regional
Alimentos,Frutos secos,Proveedor panaderías frutos secos CDMX multi,,,,CDMX,CDMX,México,Foodservice,Baja,,Repostería,regional
Alimentos,Frutos secos,Proveedor tiendas naturistas mayoreo MX multi,,,,México,México,México,Mayoreo canal,Baja,,Naturistas,regional
Alimentos,Frutos secos,Quaker granola canal,,,,México,México,México,Marca cereal,Baja,1,Retail,extra
Alimentos,Frutos secos,Sabritas / Pepsico botanas nuez,,,,México,México,México,Marca botana,Baja,1,Retail,brand
Alimentos,Frutos secos,Semilla girasol import/MX multi,,,,México,México,México,Commodity,Baja,,Girasol,brand
Alimentos,Frutos secos,Soriana granel,,,,México,México,México,Supermercado,Baja,,Canal,brand
Alimentos,Frutos secos,Special K / Kellogg snacks,,,,México,México,México,Marca,Baja,1,Retail,extra
Alimentos,Frutos secos,Super Natural bulk,,,,CDMX,CDMX,México,Retail naturista,Baja,1,Granel,brand
Alimentos,Frutos secos,Susalia totopos/snacks healthy,,,,México,México,México,Marca healthy,Baja,1,Snacks,brand
Alimentos,Frutos secos,The Green Corner bulk nuts,,,,CDMX,CDMX,México,Retail orgánico,Baja,1,Granel,brand
Alimentos,Frutos secos,Tiendas 3B / granel limitado,,,,México,México,México,Retail valor,Baja,,Canal,brand
Alimentos,Frutos secos,Totis botanas relacionadas,,,,México,México,México,Marca,Baja,1,Botanas maíz,extra
Alimentos,Frutos secos,Turín / chocolates con almendra,,,,México,México,México,Chocolate,Baja,,Uso industrial almendra,extra
Alimentos,Frutos secos,Unión de productores de nuez multi estados,,,,Norte,México,México,Unión productor,Baja,,Pecan belt,extra
Alimentos,Frutos secos,Uva pasa Chile/Turquía importadores MX multi,,,,México,México,México,Importadores,Baja,,Raisins,brand
Alimentos,Frutos secos,Walmart granel/empaque,,,,México,México,México,Supermercado,Baja,,Canal,brand
Electronica,Fundas personalizadas y soporte para celular,Carcasas Centro Santa Fe,https://centrosantafe.com.mx/products/la-casa-de-las-carcasas,,5592455002,CDMX,CDMX,México,Sucursal,Alta,5,"Local 317, 1er nivel, CC Santa Fe",research
Electronica,Fundas personalizadas y soporte para celular,Carcasas Portal Centro,https://funocomercial.com/portal-centro/tiendas/la-casa-de-las-carcasas/,,557417506,CDMX,CDMX,México,Sucursal,Alta,5,"Lorenzo Boturini 258, Col. Tránsito",research
Electronica,Fundas personalizadas y soporte para celular,Distribuidora OEM fundas,https://distribuidoraoem.mx/,info@distribuidoraoem.com,8180751009,Monterrey,Nuevo León,México,Mayoreo,Alta,9,"Fundas, micas y cargadores por mayoreo",research
Electronica,Fundas personalizadas y soporte para celular,Fundas magsafe producto,https://unicell.com.mx/fundas-para-celular-mayoreo/,,5621399879,CDMX,CDMX,México,Producto,Alta,5,Fundas magnéticas magsafe,research
Electronica,Fundas personalizadas y soporte para celular,InstaCase,https://instacase.mx/,contacto@instacase.mx,5513810714,CDMX,CDMX,México,Ecom,Alta,9,"+200 modelos; CC Santa Fe, Vasco de Quiróga 3800, Cuajimalpa; +200 modelos; CC Santa Fe, Vasco de Quiróga 3800, Cuajimalpa; +200 modelos; sucursales CDMX/Puebla/Cuernavaca",research
Electronica,Fundas personalizadas y soporte para celular,InstaCase WA alterno,https://instacase.mx/contacto,contacto@instacase.mx,5573168706,CDMX,CDMX,México,Canal,Alta,8,WhatsApp 55 7316 8706,research
Electronica,Fundas personalizadas y soporte para celular,Keiz soportes,https://keiz.mx/,ventas@keiz.mx,8122235059,Monterrey,Nuevo León,México,Mayoreo,Alta,9,"Soportes, power banks y accesorios",research
Electronica,Fundas personalizadas y soporte para celular,La Casa de las Carcasas,https://lacasadelascarcasas.com.mx/,,5610812656,CDMX,CDMX,México,Ecom,Alta,6,"Oficina Ejército Nacional 424-606, Granada; fundas y personalización; Oficina Ejército Nacional 424-606, Granada; fundas y personalización; Fundas y personalización, envíos MX",research
Electronica,Fundas personalizadas y soporte para celular,Micas 9D producto,https://keiz.mx/,ventas@keiz.mx,8122235059,Monterrey,Nuevo León,México,Producto,Alta,8,Micas de vidrio templado,research
Electronica,Fundas personalizadas y soporte para celular,Soporte magnético auto,https://keiz.mx/,ventas@keiz.mx,8122235059,Monterrey,Nuevo León,México,Producto,Alta,8,Soportes para celular en auto,research
Electronica,Fundas personalizadas y soporte para celular,Tienda-Mex,https://tienda-mex.com/,ventas@tienda-mex.com,3336853593,Guadalajara,Jalisco,México,Fabricante,Alta,9,Fundas de piel cinceladas a mano; mayoreo; Francisco de Ayza 2838; Fundas de piel cinceladas a mano; mayoreo; Francisco de Ayza 2838; Fundas de piel cinceladas a mano; mayoreo; fabricante MX,research
Electronica,Fundas personalizadas y soporte para celular,Tienda-Mex WhatsApp,https://tienda-mex.com/,ventas@tienda-mex.com,3321681707,Guadalajara,Jalisco,México,Canal,Alta,8,WhatsApp +52 1 33 2168 1707,research
Electronica,Fundas personalizadas y soporte para celular,Unicell fundas,https://unicell.com.mx/fundas-para-celular-mayoreo/,,5621399879,CDMX,CDMX,México,Mayoreo,Alta,6,"Mínimo $3,000; silicón, uso rudo, con diseño, magnéticas",research
Electronica,Fundas personalizadas y soporte para celular,Unicell fundas catálogo,https://unicell.com.mx/fundas-para-celular-mayoreo/,,5621399879,CDMX,CDMX,México,Canal,Alta,5,Catálogo 500+ modelos todas las marcas,research
Electronica,Fundas personalizadas y soporte para celular,Accesorios Bizalú,,,,CDMX,CDMX,México,Mayoreo,Media,2,"Izazaga 26, 1er piso locales 104-105",research
Electronica,Fundas personalizadas y soporte para celular,Amazon MX fundas personalizadas,https://www.amazon.com.mx/s?k=fundas+para+celular+personalizadas,,,México,México,México,Marketplace,Media,2,Sellers de fundas,research
Electronica,Fundas personalizadas y soporte para celular,Funcases,https://funcases.mx/,,,,,México,Ejemplo original,Media,2,Ejemplo del cliente — fundas personalizadas y soporte para celular,ejemplo_cliente
Electronica,Fundas personalizadas y soporte para celular,Fundas personalizadas foto,https://funcases.mx/,,,,,México,Producto,Media,2,Personalización con fotos y diseño,research
Electronica,Fundas personalizadas y soporte para celular,Fundas personalizadas y soporte para celular (ejemplo original),https://funcases.mx/,,,,,México,Ejemplo original,Media,2,Seed del cliente,ejemplo_cliente
Electronica,Fundas personalizadas y soporte para celular,ML fundas mayoreo,https://listado.mercadolibre.com.mx/fundas-para-celular-mayoreo,,,México,México,México,Marketplace,Media,2,Kits y paquetes mayoreo,research
Electronica,Fundas personalizadas y soporte para celular,Mundo Case,,,5610701287,CDMX,CDMX,México,Mayoreo,Media,4,Izazaga 29/38; 8 sucursales CDMX + 2 GDL; envíos desde 10 pzs,research
Electronica,Fundas personalizadas y soporte para celular,OtterBox México,https://www.otterbox.com.mx/,,,,,México,Marca,Media,3,Fundas de uso rudo,brand
Electronica,Fundas personalizadas y soporte para celular,Spigen México,https://www.spigen.com.mx/,,,,,México,Marca,Media,3,Cases vía ecom MX,brand
Electronica,Fundas personalizadas y soporte para celular,Xtassis fundas,,,,CDMX,CDMX,México,Mayoreo,Media,2,"Andrade 47, fundas económicas",research
Electronica,Fundas personalizadas y soporte para celular,Ringke / ESR,,,,,,México,Marca,Baja,1,Accesorios móvil,brand
Alimentos,Gomitas de vitaminas,Amazon MX gomitas,https://www.amazon.com.mx/s?k=gomitas+de+vitaminas,,,México,México,México,Marketplace,Media,2,Sellers de gomitas vitamínicas,research
Alimentos,Gomitas de vitaminas,B Life,https://www.blife.mx/,,,CDMX,CDMX,México,D2C,Media,4,"Suplementos y vitaminas, fuerte en ecom MX",research
Alimentos,Gomitas de vitaminas,Centrum (Pfizer),,,,USA,,México,Marca,Media,2,"Gomitas multivitamínico + omega, importado",brand
Alimentos,Gomitas de vitaminas,Costco México,https://www.costco.com.mx/,,,CDMX,CDMX,México,Retail,Media,3,Gomitas por mayoreo (multipack),brand
Alimentos,Gomitas de vitaminas,Farmacia San Pablo,https://farmaciasanpablo.mx/,,,CDMX,CDMX,México,Retail,Media,3,Cadena de farmacias con vitaminas,brand
Alimentos,Gomitas de vitaminas,Farmacias del Ahorro,https://www.fahorro.com/,,,CDMX,CDMX,México,Retail,Media,3,Vende gomitas y suplementos,brand
Alimentos,Gomitas de vitaminas,Farmacias Guadalajara,https://www.farmaciasguadalajara.com.mx/,,,Guadalajara,Jalisco,México,Retail,Media,3,Cadena con línea de vitaminas,brand
Alimentos,Gomitas de vitaminas,Gomitas de vitaminas (ejemplo original),https://vitalsuplementosmex.com/,,,,,México,Ejemplo original,Media,2,Seed del cliente,ejemplo_cliente
Alimentos,Gomitas de vitaminas,Gummy Life,https://www.gummylife.mx/,,,México,México,México,D2C,Media,3,"Marca mexicana: gomitas biotina, omega 3, magnesio; 150k+ unidades; ML/Amazon/TikTok",research
Alimentos,Gomitas de vitaminas,Gummy Life — Gomitas Néurus,https://www.gummylife.mx/,,,México,México,México,Producto,Media,2,Omega 3 + L-Teanina + Complejo B en gomitas,research
Alimentos,Gomitas de vitaminas,Gummy Life — Gomitas Zenup,https://www.gummylife.mx/,,,México,México,México,Producto,Media,2,Magnesio + 5-HTP,research
Alimentos,Gomitas de vitaminas,Mercado Libre gomitas,https://listado.mercadolibre.com.mx/vitaminas-de-gomitas-mayoreo,,,México,México,México,Marketplace,Media,2,Mayoreo de vitaminas en gomitas,research
Alimentos,Gomitas de vitaminas,Natrol,,,,USA,,México,Marca,Media,2,"Melatonina gomitas, importado",brand
Alimentos,Gomitas de vitaminas,Nature Made,,,,USA,,México,Marca,Media,2,"Gomitas omega 3 / magnesio, importado",brand
Alimentos,Gomitas de vitaminas,Nature's Bounty,,,,USA,,México,Marca,Media,2,"Gomitas zinc y multivitamínicas, importado",brand
Alimentos,Gomitas de vitaminas,Nature's Truth,,,,USA,,México,Marca,Media,2,"Vitamina D3 gomitas, importado",brand
Alimentos,Gomitas de vitaminas,Nature's Way,,,,USA,,México,Marca,Media,2,"Gomitas crecimiento y altura, importado",brand
Alimentos,Gomitas de vitaminas,Vitafusion,,,,USA,,México,Marca,Media,2,"Gomitas multivitamínicas y calcio+D3, importado",brand
Alimentos,Gomitas de vitaminas,Vital Suplementos MX (ejemplo),https://vitalsuplementosmex.com/,,,México,México,México,Ejemplo original,Media,2,Ejemplo del cliente — gomitas de vitaminas y suplementos,ejemplo_cliente
Alimentos,Gomitas de vitaminas,Walmart México,https://www.walmart.com.mx/,,,CDMX,CDMX,México,Retail,Media,3,Autoservicio con sección de vitaminas,brand
Alimentos,Gomitas de vitaminas,Belabear,,,,México,México,México,Marca,Baja,1,Gomitas multivitamínico women 150 pzs,research
Alimentos,Gomitas de vitaminas,Básicos de la casa,,,,México,México,México,Distribuidor,Baja,1,Vende Nature Made y Centrum en ML,research
Alimentos,Gomitas de vitaminas,C-Boost,,,,México,México,México,Marca,Baja,1,"Gomitas multivitamínicas 180 pzs, sabor cítrico",research
Alimentos,Gomitas de vitaminas,Geomed,,,,México,México,México,Distribuidor,Baja,1,"Distribuye Plenlife en ML (4.9★, 125 reviews)",research
Alimentos,Gomitas de vitaminas,Heally,,,,México,México,México,Marca,Baja,1,Multivitamínico + colágeno gomitas zarzamora,research
Alimentos,Gomitas de vitaminas,OK Vitaminas,,,,México,México,México,Distribuidor,Baja,1,Nature's Way y gomitas importadas vía ML,research
Alimentos,Gomitas de vitaminas,Plenlife,,,,México,México,México,Marca,Baja,1,"Gomitas calcio + Vit D, multivitamínico adulto; venta ML",research
Alimentos,Gomitas de vitaminas,Suplefit MX,,,,México,México,México,Distribuidor,Baja,1,"Vitafusion, gomitas importadas vía ML",research
Alimentos,Gomitas de vitaminas,Vitamin World,,,,México,México,México,Retail,Baja,,Natrol melatonina gomitas vía ML,research
Distribuidor de café,Granos de café,AbasCafé,https://www.abascafe.mx/,info@abascafe.mx,2721564297,Río Blanco,Veracruz,México,,Alta,8,Café + equipos cafetería; Café insumos equipos,manual/research
Distribuidor de café,Granos de café,AGRO TEXIN / Café TEXIN,,texin1975@hotmail.com,(228) 816-0188,Coatepec,Veracruz,México,,Alta,6,Productor,dirind
Distribuidor de café,Granos de café,AGROCAFES LA INDIA,,justogm@hotmail.com,(279) 833-0066,Cosautlán,Veracruz,México,,Alta,6,,dirind
Distribuidor de café,Granos de café,AGROINDUSTRIAS UNIDAS / OMNICAFE,https://www.ecomtrading.com,contact@ecomtrading.com,(55) 5257-6500,CDMX,CDMX,México,,Alta,8,Trading ECOM,dirind
Distribuidor de café,Granos de café,Barizzimo,https://www.barizzimo.com/,contacto@barizzimo.com,4496882993,Aguascalientes,Ags,México,,Alta,8,Cold brew + especialidad; Cold brew especialidad,manual/research
Distribuidor de café,Granos de café,Blend Station,https://www.blendstation.com.mx/,,5568685350,CDMX,CDMX,México,,Alta,5,Tostador/cafetería,manual/research
Distribuidor de café,Granos de café,Bola de Oro,https://boladeoro.com.mx/,contacto@boladeoro.com.mx,,Coatepec/Puebla,Veracruz,México,,Alta,6,Productor Coatepec,manual/research
Distribuidor de café,Granos de café,BOLA DE ORO REFORMA,https://www.boladeoro.com.mx,contacto@boladeoro.com.mx,(222) 232-2572,Puebla,Puebla,México,,Alta,8,Coatepec,dirind
Distribuidor de café,Granos de café,CAFE BERSA,https://www.grupobersa.com,info@cafebersa.com,(55) 5018-0464,Veracruz,Veracruz,México,,Alta,8,Kits hoteleros cafeterías,dirind
Distribuidor de café,Granos de café,CAFE CAPUCHINO,https://www.cafecapuchinotampico.com.mx,gerardogochicoa@prodigy.net.mx,(833) 213-6582,Tampico,Tamaulipas,México,,Alta,8,Exportación,dirind
Distribuidor de café,Granos de café,CAFE CHAZARO,https://www.cafechazaro.mx,cafechazaro@hotmail.com,(442) 214-1672,Querétaro,Qro,México,,Alta,8,Tostador molino,dirind
Distribuidor de café,Granos de café,CAFE COLON DE XALAPA,,bcmsa@prodigy.net.mx,(228) 817-1758,Xalapa,Veracruz,México,,Alta,6,,dirind
Distribuidor de café,Granos de café,CAFE CONCORDIA,https://www.cafeconcordia.net,cafe.concordia.gourmet@gmail.com,(228) 165-8847,Emiliano Zapata,Veracruz,México,,Alta,8,Mayoreo desde 5kg Horeca,dirind
Distribuidor de café,Granos de café,CAFE COSTEÑO,https://www.cafecosteno.com,industrialtrinidad@hotmail.com,(443) 312-6622,Morelia,Michoacán,México,,Alta,8,,dirind
Distribuidor de café,Granos de café,CAFE CUMBRE,https://www.cafecumbre.com,info@cafecumbre.com,(33) 3627-2372,Zapopan,Jalisco,México,,Alta,8,Pergamino oro Horeca,dirind
Distribuidor de café,Granos de café,CAFE DE LA MEDIA LUNA,,cafemedialunaflorencia@hotmail.com,(55) 5511-2777,CDMX,CDMX,México,,Alta,6,100% puro Juárez,dirind
Distribuidor de café,Granos de café,CAFE DE POTOSI / COSTENITO,https://www.cafecostenito.com.mx,cafecostenito@gmail.com,(833) 212-2143,Tampico,Tamaulipas,México,,Alta,8,Soluble,dirind
Distribuidor de café,Granos de café,CAFE DEL CENTRO HISTORICO TAPATIO,,gabriel_macro@hotmail.com,(33) 3614-3996,Guadalajara,Jalisco,México,,Alta,6,,dirind
Distribuidor de café,Granos de café,CAFE EL MARINO,https://www.cafemarino.com.mx,marino.online@cafemarino.com.mx,800-718-0090,CDMX,CDMX,México,,Alta,8,Gourmet tostado,dirind
Distribuidor de café,Granos de café,CAFE EL MARINO CULIACAN,https://www.cafemarino.com.mx,culiacan@cafemarino.com.mx,(667) 713-2454,Culiacán,Sinaloa,México,,Alta,8,Sucursal,dirind
Distribuidor de café,Granos de café,CAFE EUROPA,https://www.cafeeuropa.com,comunicacion.cafeeuropa@gmail.com,(443) 312-0600,Morelia,Michoacán,México,,Alta,8,,dirind
Distribuidor de café,Granos de café,CAFE GABILONDO,https://www.cafegabilondo.com,gabilondojuancarlos@yahoo.com.mx,(55) 5393-0220,Naucalpan,EdoMex,México,,Alta,8,Altura,dirind
Distribuidor de café,Granos de café,CAFE JEKEMIR,https://www.cafejekemir.com,jekem@prodigy.net.mx,(55) 5681-3613,CDMX,CDMX,México,,Alta,8,Restaurantes oficinas,dirind
Distribuidor de café,Granos de café,CAFE MONTE GRANDE,https://www.montegrande.com.mx,contacto@montegrande.com.mx,(55) 5521-1522,CDMX,CDMX,México,,Alta,8,Exportación 100% puro,dirind
Distribuidor de café,Granos de café,CAFE MYRNA,,cms.cfdi@gmail.com,(228) 816-1325,Coatepec,Veracruz,México,,Alta,6,Con azúcar y puro,dirind
Distribuidor de café,Granos de café,CAFE ROYAL,https://www.caferoyal.mx,royalcafepuro@hotmail.com,(81) 8331-2422,Monterrey,NL,México,,Alta,8,WhatsApp 8182046952,dirind
Distribuidor de café,Granos de café,CAFE SAN JUAN XITOLTEPEQUE,,cafesanjuanxit@hotmail.com,(919) 685-9047,Jitotol,Chiapas,México,,Alta,6,Puro,dirind
Distribuidor de café,Granos de café,CAFE SOLO DIOS,https://www.cafesolodios.com.mx,ventas@cafesolodios.com.mx,(55) 1520-1644,CDMX,CDMX,México,,Alta,8,Tostado molido,dirind
Distribuidor de café,Granos de café,CAFE TAZA DE ORO,https://www.cafetazadeoro.com.mx,,(33) 3826-3975,Guadalajara,Jalisco,México,,Alta,5,Altura tostado,dirind
Distribuidor de café,Granos de café,CAFE TOSTADO DE EXPORTACION / CATOEX,https://www.catoex.com.mx,catoexm2@catoex.com.mx,(271) 714-4644,Córdoba,Veracruz,México,,Alta,8,Soluble descafeinado export,dirind
Distribuidor de café,Granos de café,CAFE WADI,https://www.cafewadi.mx,ventas@cafewadi.mx,(744) 483-7555,Acapulco,Guerrero,México,,Alta,8,Horeca export,dirind
Distribuidor de café,Granos de café,CAFE ZIHUATLAN,,cafe_zihuatlan@hotmail.com,(755) 544-6019,Zihuatanejo,Guerrero,México,,Alta,6,Especialidad verde tostado,dirind
Distribuidor de café,Granos de café,CAFES BASA DE CORDOBA,https://www.cafecordoba.com.mx,ventascbc@prodigy.net.mx,01-800-849-1699,Córdoba,Veracruz,México,,Alta,8,Córdoba y Basa,dirind
Distribuidor de café,Granos de café,CAFES MOKA,,tostadorcafesmoka@hotmail.com,(33) 3614-4069,Guadalajara,Jalisco,México,,Alta,6,Tostados varios + León,dirind
Distribuidor de café,Granos de café,CAFESCA,https://www.cafesca.com,cafescatrade@cafesca.com,(962) 620-1470,Tapachula,Chiapas,México,,Alta,8,Liofilizado ECOM,dirind
Distribuidor de café,Granos de café,CAFETALERA SAN FELIPE,https://www.cafesanfelipe.com,ventas@cafesanfelipe.com,(271) 716-6109,Córdoba,Veracruz,México,,Alta,8,Arábica especialidad robusta,dirind
Distribuidor de café,Granos de café,CAFETERA MEXICANA,,cafemonterrey@gmail.com,(81) 8375-4715,Monterrey,NL,México,,Alta,6,Caracolillo México Morelia,dirind
Distribuidor de café,Granos de café,CAFETICULTORES SELVA NORTE TUMBALA,,cafetumbala@yahoo.com.mx,(55) 5594-1812,CDMX,CDMX,México,,Alta,6,Orgánico altura granel,dirind
Distribuidor de café,Granos de café,Caffenio / Café del Pacífico,https://www.caffenio.com/,clientes@caffenio.com,80022333646,Hermosillo,Sonora,México,,Alta,8,Cadena + comercial,manual/research
Distribuidor de café,Granos de café,CAFINCO,https://www.cafinco.com,ventas@cafinco.com,(271) 714-8484,Córdoba,Veracruz,México,,Alta,8,Export Internacional,dirind
Distribuidor de café,Granos de café,CAFIVER,https://tienda.cafiver.com/,ventas@cafiver.com.mx,800-712-3058,Orizaba,Veracruz,México,,Alta,8,Ejemplo original + mayoreo; Ejemplo + industrial,manual/research
Distribuidor de café,Granos de café,Café Andrade,https://www.cafeandrade.com/,cafeandrade@hotmail.com,2299328224,Veracruz,Veracruz,México,,Alta,8,Productor/exportador; Productor exportador,manual/research
Distribuidor de café,Granos de café,Café Aroma High Grown,https://www.aromahg.mx/,hola@aromahg.com,2222326077,Puebla,Puebla,México,,Alta,8,Finca Nextlalpa,manual/research
Distribuidor de café,Granos de café,CAFÉ BOATO,https://www.cafeboato.com,ventas@cafeboato.com,(81) 8357-3609,Monterrey,NL,México,,Alta,8,Córdoba + equipos,dirind
Distribuidor de café,Granos de café,CAFÉ BOLA DE ORO,https://www.boladeoro.com.mx,xalapaoficinatostador@gmail.com,800-717-8242,Xalapa,Veracruz,México,,Alta,8,Tostador Coatepec,dirind
Distribuidor de café,Granos de café,Café Capuchino Tampico,https://www.cafecapuchinotampico.com.mx/,gerardogochicoa@prodigy.net.mx,8332136582,Tampico,Tamaulipas,México,,Alta,8,Tostador local,manual/research
Distribuidor de café,Granos de café,Café Cardommo,https://www.cardommo.com/,info@cardommo.com,8123132365,Monterrey,NL,México,,Alta,8,Tueste al vacío; Tueste vacío arábica,manual/research
Distribuidor de café,Granos de café,Café Cházaro,https://www.cafechazaro.mx/,cafechazaro@hotmail.com,4422141672,Querétaro,Qro,México,,Alta,8,Tostador/molino,manual/research
Distribuidor de café,Granos de café,CAFÉ COMBATE,https://www.cafecombate.com.mx,contacto@cafecombate.com.mx,(614) 418-3511,Chihuahua,Chihuahua,México,,Alta,8,Tostador,dirind
Distribuidor de café,Granos de café,Café Costeñito,https://www.cafecostenito.com.mx/,cafecostenito@gmail.com,8332122143,Tampico,Tamaulipas,México,,Alta,8,Soluble/tostado,manual/research
Distribuidor de café,Granos de café,Café Costeño Morelia,https://www.cafecosteno.com/,industrialtrinidad@hotmail.com,4433126622,Morelia,Michoacán,México,,Alta,8,Tostador,manual/research
Distribuidor de café,Granos de café,Café de Veracruz,https://cafedeveracruz.com.mx/,cafedeveracruzxalapa@gmail.com,2282159328,Xalapa,Veracruz,México,,Alta,8,Directo productor,manual/research
Distribuidor de café,Granos de café,CAFÉ DEL PACÍFICO / CAFFENIO,https://www.caffenio.com,clientes@caffenio.com,800-223-33646,Hermosillo,Sonora,México,,Alta,8,Hoteles restaurantes,dirind
Distribuidor de café,Granos de café,CAFÉ DOS SIERRAS / COLPOS,https://www.colposcordoba.mx,cafecordoba@colpos.mx,(271) 716-6000,Amatlán,Veracruz,México,,Alta,8,Campus Córdoba,dirind
Distribuidor de café,Granos de café,CAFÉ EL COMALTECO,,cafecomalteco@hotmail.com,(312) 315-5562,Comala,Colima,México,,Alta,6,Exportación,dirind
Distribuidor de café,Granos de café,CAFÉ EL GRANDE,https://www.cafeelgrande.com,ventas@cafeelgrande.com,(81) 8317-0653,Guadalupe,NL,México,,Alta,8,Tostado grano mayoreo abastos,dirind
Distribuidor de café,Granos de café,CAFÉ FINCA MONTE AZUL,https://www.fincamonteazul.com,marketing@fincamonteazul.com,(271) 688-3969,Huatusco,Veracruz,México,,Alta,8,Arábigo,dirind
Distribuidor de café,Granos de café,CAFÉ FLOR DE MI CORAZÓN,,samuelluisrojas@gmail.com,(233) 117-5902,Zapotitlán,Puebla,México,,Alta,6,Mayoreo desde 5kg,dirind
Distribuidor de café,Granos de café,Café Flor de mi Corazón / Samari,https://www.facebook.com/CafeMielSamari,samuelluisrojas@gmail.com,2331175902,Zapotitlán,Puebla,México,,Alta,8,Mayoreo desde 5kg,manual/research
Distribuidor de café,Granos de café,Café Gabilondo,https://www.cafegabilondo.com/,gabilondojuancarlos@yahoo.com.mx,5553930220,Naucalpan,EdoMex,México,,Alta,8,Café de altura,manual/research
Distribuidor de café,Granos de café,CAFÉ GENUINO LA NEGRITA,https://www.cafelanegrita.com,vnader@cafelanegrita.com,(33) 3812-1703,Guadalajara,Jalisco,México,,Alta,8,,dirind
Distribuidor de café,Granos de café,Café La Floresta,https://www.cafelafloresta.com/,,5536036585,CDMX,CDMX,México,,Alta,5,Estricta altura export,manual/research
Distribuidor de café,Granos de café,Café La Negrita,https://www.cafelanegrita.com/,,6865681102,Mexicali,BC,México,,Alta,5,Tostador; 100% puro,manual/research
Distribuidor de café,Granos de café,CAFÉ LA PIEDRA,,moises_cuetoh@hotmail.com,(55) 3373-0441,Tonalá,Jalisco,México,,Alta,6,Maquila alimentos café,dirind
Distribuidor de café,Granos de café,Café La Selva,https://cafelaselva.com/,cafelaselva@prodigy.net.mx,(777) 317-5821,México,México,México,,Alta,7,Comercio justo; Hoteles restaurantes,manual/research
Distribuidor de café,Granos de café,CAFÉ MONTEVIRGEN,https://www.cafemontevirgen.com.mx,ventascafemontevirgen@hotmail.com,(967) 688-2588,San Cristóbal,Chiapas,México,,Alta,8,Kilos a toneladas,dirind
Distribuidor de café,Granos de café,CAFÉ ORIENTAL VÁZQUEZ HERMANOS,https://www.cafeoriental.com.mx,ventas@cafeoriental.com.mx,(55) 5558-2510,CDMX,CDMX,México,,Alta,8,Tostador maquila,dirind
Distribuidor de café,Granos de café,CAFÉ PALACIO,,cafepalacio@hotmail.com,800-713-3685,Córdoba,Veracruz,México,,Alta,6,Café ARA,dirind
Distribuidor de café,Granos de café,Café Porte Alto,https://www.portealto.com/,ventas@portealto.com,5519547770,CDMX,CDMX,México,,Alta,8,Gourmet menudeo/mayoreo; Gourmet menudeo/mayoreo envío gratis >5kg,manual/research
Distribuidor de café,Granos de café,Café Texin / Agro Texin,https://www.cafetexin.com/,texin1975@hotmail.com,2288160188,Coatepec,Veracruz,México,,Alta,8,Productor,manual/research
Distribuidor de café,Granos de café,Café Tierra Sagrada,https://www.cafetierrasagrada.com/,,9621240050,Chiapas,Chiapas,México,,Alta,5,Productor/tostador; Expo,manual/research
Distribuidor de café,Granos de café,Café Tierra y Nube,https://www.tierraynube.com/,,9514617364,CDMX,CDMX,México,,Alta,5,Especialidad Oaxaca,manual/research
Distribuidor de café,Granos de café,CAFÉ TOSTADO SOCONUSCO,,cafesoconusco@hotmail.com,(962) 625-0069,Tapachula,Chiapas,México,,Alta,6,100% puro,dirind
Distribuidor de café,Granos de café,CAFÉ VERDE (Marino Córdoba),,delfinocarballo@hotmail.com,(271) 713-0837,Fortín,Veracruz,México,,Alta,6,,dirind
Distribuidor de café,Granos de café,Café Yajalón,https://cafeyajalon.mx/,cafes_yajalon@hotmail.com,9196741863,Chiapas,Chiapas,México,,Alta,8,Gourmet arábica/robusta,manual/research
Distribuidor de café,Granos de café,CAFÉS DE HUEYTLALPAN,,lgonzalezg.tifer@gmail.com,(233) 116-6412,Hueytlalpan,Puebla,México,,Alta,6,Especialidad desde 5kg Horeca,dirind
Distribuidor de café,Granos de café,CAFÉS REGIONALES DE ALTURA / REGIOMOKA,,regiomok@hotmail.com,(271) 712-4462,Córdoba,Veracruz,México,,Alta,6,Maquila,dirind
Distribuidor de café,Granos de café,CAFÉS YAJALÓN SCL,,cafes_yajalon@hotmail.com,(919) 674-1863,Yajalón,Chiapas,México,,Alta,6,Gourmet arábica robusta,dirind
Distribuidor de café,Granos de café,Expendio de Café,https://expendiocafe.com/,,5614841670,CDMX,CDMX,México,,Alta,5,Tuestan en casa,manual/research
Distribuidor de café,Granos de café,Finca Monte Azul,https://www.fincamonteazul.com/,marketing@fincamonteazul.com,2716883969,Veracruz,Veracruz,México,,Alta,8,Arábigo grano,manual/research
Distribuidor de café,Granos de café,FINCA NUEVO MEXICO,https://www.fincanuevomexico.com,,9613731191,Chiapas,Chiapas,México,,Alta,5,Expo,dirind/expo
Distribuidor de café,Granos de café,Finca Nuevo México,https://www.fincanuevomexico.com/,,9613731191,Chiapas,Chiapas,México,,Alta,5,Finca/tostador,manual/research
Distribuidor de café,Granos de café,LA LUCHA,https://www.facebook.com/cafelaluchaoficial,quejasysugerencias@cafelalucha.mx,(452) 688-2688,Uruapan,Michoacán,México,,Alta,8,,dirind
Distribuidor de café,Granos de café,MACHINE COFFEE,https://www.machinecoffee.com,info@machinecoffee.com,800-908-9080,CDMX,CDMX,México,,Alta,8,Molido + máquinas,dirind
Distribuidor de café,Granos de café,MERCAFE / Café Fincasa,https://www.cafefincasa.com.mx,cafefincasa@hotmail.com,(222) 244-4823,Puebla,Puebla,México,,Alta,8,Altura exportación,dirind
Distribuidor de café,Granos de café,MUNDO ERANDY CAFÉ,https://www.mundoerandy.com.mx,adriana.orrala@mundoerandy.com.mx,(55) 4437-6990,CDMX,CDMX,México,,Alta,8,Pods grano Horeca,dirind
Distribuidor de café,Granos de café,Nudo Verde Coffee Roasters,https://nudoverde.com.mx/,,3329190077,GDL,Jalisco,México,,Alta,5,Tostador,manual/research
Distribuidor de café,Granos de café,OMNICAFE / ECOM,https://www.ecomtrading.com/,contact@ecomtrading.com,5552576500,CDMX,CDMX,México,,Alta,8,Trading café,manual/research
Distribuidor de café,Granos de café,PAQUIGUA Y CAFÉ,,paquigua@prodigy.net.mx,(664) 631-1898,Tijuana,BC,México,,Alta,6,Gourmet Horeca,dirind
Distribuidor de café,Granos de café,PARTICIPACIONES MARIANO / ILLY MX,https://www.partimar.com,partimar@partimar.com,(55) 5566-3544,CDMX,CDMX,México,,Alta,8,Illy exclusivo Horeca,dirind
Distribuidor de café,Granos de café,Productos Narcia,https://productosnarcia.mx/,pronar2022@gmail.com,(961) 178-0192,México,México,México,,Alta,7,Orgánico gourmet 500g,manual/research
Distribuidor de café,Granos de café,Punta del Cielo,https://www.puntadelcielo.com.mx/,jonathan@puntadelcielo.com.mx,(55) 5516-8020,México,México,México,,Alta,7,Cadena + grano,manual/research
Distribuidor de café,Granos de café,Roasting & Blending,https://www.roasting-blending.com/,informes@roasting-blending.com,5553537415,CDMX,CDMX,México,,Alta,8,Tostadores finos; Finos gourmet saborizados,manual/research
Distribuidor de café,Granos de café,RODRÍGUEZ FÚNEZ / Pico del Oro,https://www.cafepicodeloro.com,cafe-picodeloro@hotmail.com,(963) 118-5607,Amatenango,Chiapas,México,,Alta,8,Productores familiares,dirind
Distribuidor de café,Granos de café,SABORMEX,https://www.sabormex.com.mx,contacto@sabormex.com.mx,800-017-2267,CDMX,CDMX,México,,Alta,8,Legal Oro Garat Internacional,dirind
Distribuidor de café,Granos de café,Saku Café / Grupo Cafetalero San Francisco,https://www.grupocafetalerosanfrancisco.com/,,2281205958,Veracruz,Veracruz,México,,Alta,5,Productor/tostador,manual/research
Distribuidor de café,Granos de café,SAKU CAFÉ / Grupo Cafetalero SF,https://www.grupocafetalerosanfrancisco.com,,2281205958,Veracruz,Veracruz,México,,Alta,5,Expo,dirind/expo
Distribuidor de café,Granos de café,SAMARI AGROINDUSTRIAL,https://cafeflordemicorazon.com.mx,ventas@cafeflordemicorazon.com.mx,(233) 117-5902,Zapotitlán,Puebla,México,,Alta,8,Flor de mi Corazón,dirind
Distribuidor de café,Granos de café,SAN JERÓNIMO CAFETERÍAS,,cafesanjeronimocolima@gmail.com,(312) 114-5178,Colima,Colima,México,,Alta,6,Artesanal Cuauhtémoc Colima,dirind
Distribuidor de café,Granos de café,SANREMO LATIN,https://www.sanremolatin.com,,(55) 4966-3736,CDMX,CDMX,México,,Alta,5,Equipo+producto cafeterías,dirind
Distribuidor de café,Granos de café,Santa Elena Coffee Roasters,https://santaelenacoffeeroasters.com/,info@santaelenacoffeeroasters.com,2282985804,Xalapa,Veracruz,México,,Alta,8,Mayoreo tostado,manual/research
Distribuidor de café,Granos de café,Toast MXLI,https://toastmxli.mx/,,6865140395,Mexicali,BC,México,,Alta,5,Especialidad,manual/research
Distribuidor de café,Granos de café,52 True Mexican Origin,https://52coffee.mx/,,,México,México,México,,Media,2,Artesanal premium,manual/research
Distribuidor de café,Granos de café,600 Micras Coffee Lab,https://www.600micras.com/,,3314659701,México,México,México,,Media,4,Coffee lab/tostador; Expo Café,manual/research
Distribuidor de café,Granos de café,Almanegra Café,https://almanegra.cafe/,,,CDMX,CDMX,México,,Media,3,Especialidad + distribuidor,manual/research
Distribuidor de café,Granos de café,Alpont Gourmet,https://alpont.mx/,,,México,México,México,,Media,2,Gourmet especialidades,manual/research
Distribuidor de café,Granos de café,AMSCA / Asociación Mexican Specialty,https://amsca.mx/,,,México,México,México,,Media,2,Asociación (no lead venta),manual/research
Distribuidor de café,Granos de café,Apapacho Café,https://apapacho.mx/,,,México,México,México,,Media,2,Especialidad,manual/research
Distribuidor de café,Granos de café,Arista del Sol Café,https://aristadelsolcafe.myshopify.com/,,,Veracruz,Veracruz,México,,Media,3,Especialidad,manual/research
Distribuidor de café,Granos de café,Avellaneda Café,https://avellaneda.mx/,,,CDMX,CDMX,México,,Media,3,Coyoacán,manual/research
Distribuidor de café,Granos de café,Bacio Coffee,https://bacio.mx/,,,México,México,México,,Media,2,Espresso blend,manual/research
Distribuidor de café,Granos de café,BARISTA SHOP / Coffee Outlet,https://coffeeoutlet.com.mx,,5625765795,México,México,México,,Media,4,Expo,dirind/expo
Distribuidor de café,Granos de café,Beneficio El Triunfo,https://beneficioeltriunfo.mx/,,,Chiapas,Chiapas,México,,Media,3,Beneficio,manual/research
Distribuidor de café,Granos de café,Beneficio Hamburgo,https://beneficiohamburgo.mx/,,,Chiapas,Chiapas,México,,Media,3,Beneficio,manual/research
Distribuidor de café,Granos de café,Borel Café,https://borel.mx/,,,CDMX,CDMX,México,,Media,3,Condesa,manual/research
Distribuidor de café,Granos de café,Buna Café,https://buna.mx/,,,CDMX,CDMX,México,,Media,3,Especialidad agroforestería,manual/research
Distribuidor de café,Granos de café,Café 1968,https://cafe1968.mx/,,,México,México,México,,Media,2,Mezcla mexicana,manual/research
Distribuidor de café,Granos de café,Café Amatlán,https://cafeamatlan.mx/,,,Veracruz,Veracruz,México,,Media,3,Origen,manual/research
Distribuidor de café,Granos de café,Café Angel Albino Corzo,https://cafeangelalbino.mx/,,,Chiapas,Chiapas,México,,Media,3,Origen,manual/research
Distribuidor de café,Granos de café,Café Atzalan,https://cafeatzalan.mx/,,,Veracruz,Veracruz,México,,Media,3,Origen,manual/research
Distribuidor de café,Granos de café,Café Ave de Fuego,https://avedefuego.mx/,,,Veracruz,Veracruz,México,,Media,3,Especialidad,manual/research
Distribuidor de café,Granos de café,Café Avilés,https://cafeaviles.mx/,,,México,México,México,,Media,2,Tostado molido,manual/research
Distribuidor de café,Granos de café,Café Blasón,https://www.blason.com.mx/,,,México,México,México,,Media,2,Marca grano/molido; Marca Sabormex grano,manual/research
Distribuidor de café,Granos de café,Café Bola de Oro Pluma,https://boladeoro.com.mx/,,,Veracruz,Veracruz,México,,Media,3,Duplicado brand OK,manual/research
Distribuidor de café,Granos de café,Café Cafetalero del Sur,https://cafetalerosur.mx/,,,Chiapas,Chiapas,México,,Media,3,Productor,manual/research
Distribuidor de café,Granos de café,Café Chiapas Export,https://cafechiapas.mx/,,,Chiapas,Chiapas,México,,Media,3,Origen,manual/research
Distribuidor de café,Granos de café,Café Chiripa,https://cafechiripa.mx/,,,México,México,México,,Media,2,Especialidad,manual/research
Distribuidor de café,Granos de café,Café Coatepec Selecto,https://cafecoatepec.mx/,,,Veracruz,Veracruz,México,,Media,3,Origen,manual/research
Distribuidor de café,Granos de café,Café Colima,https://cafecolima.mx/,,,Colima,Colima,México,,Media,3,Origen,manual/research
Distribuidor de café,Granos de café,Café Colonial Orgánico,https://cafecolonial.mx/,,,México,México,México,,Media,2,Orgánico 1kg,manual/research
Distribuidor de café,Granos de café,Café Comitán,https://cafecomitan.mx/,,,Chiapas,Chiapas,México,,Media,3,Origen,manual/research
Distribuidor de café,Granos de café,Café con Jiribilla,https://cafeconjiribilla.com/,,,México,México,México,,Media,2,Tostadora reconocida,manual/research
Distribuidor de café,Granos de café,Café con Origen MX,https://cafeconorigen.mx/,,,México,México,México,,Media,2,Trazabilidad,manual/research
Distribuidor de café,Granos de café,Café Cuetzalan,https://cafecuetzalan.mx/,,,Puebla,Puebla,México,,Media,3,Sierra Norte,manual/research
Distribuidor de café,Granos de café,Café Córdoba Veracruz,https://cafecordoba.mx/,,,Veracruz,Veracruz,México,,Media,3,Tradicional,manual/research
Distribuidor de café,Granos de café,Café de Altura Pluma,https://pluma.mx/,,,Oaxaca,Oaxaca,México,,Media,3,Pluma Hidalgo,manual/research
Distribuidor de café,Granos de café,Café de Altura Veracruz Co-op,https://cafedealtura.mx/,,,Veracruz,Veracruz,México,,Media,3,Cooperativa,manual/research
Distribuidor de café,Granos de café,Café de Olla Salvic,https://salvic.mx/,,,México,México,México,,Media,2,Tradicional,manual/research
Distribuidor de café,Granos de café,Café Ehya,https://ehya.mx/,,,Chiapas,Chiapas,México,,Media,3,Orgánico,manual/research
Distribuidor de café,Granos de café,Café El Cordobés,https://cafelcordobes.mx/,,,CDMX,CDMX,México,,Media,3,Tuestan propio,manual/research
Distribuidor de café,Granos de café,Café El Marino,https://www.cafeelmarino.com/,,,México,México,México,,Media,2,Gourmet tostado,manual/research
Distribuidor de café,Granos de café,Café Entre Nubes,https://entrenubes.mx/,,,México,México,México,,Media,2,Especialidad,manual/research
Distribuidor de café,Granos de café,Café Equis,https://cafeequis.mx/,,,CDMX,CDMX,México,,Media,3,Centro histórico,manual/research
Distribuidor de café,Granos de café,Café Estado de México Temascaltepec,https://cafetedomex.mx/,,,EdoMex,EdoMex,México,,Media,3,Origen,manual/research
Distribuidor de café,Granos de café,Café Etnia 52,https://etnia52.com/,,,Veracruz,Veracruz,México,,Media,3,Kosher especialidad,manual/research
Distribuidor de café,Granos de café,Café Etrusca,https://www.cafeetrusca.com/,,,México,México,México,,Media,2,Equipos + café Horeca,manual/research
Distribuidor de café,Granos de café,Café Fiel Amor,https://cafefielamor.mx/,,,México,México,México,,Media,2,Gourmet,manual/research
Distribuidor de café,Granos de café,Café Finca Chelín,https://fincachelin.com/,,,Oaxaca,Oaxaca,México,,Media,3,Microlotes premium,manual/research
Distribuidor de café,Granos de café,Café Garat,https://www.garat.com.mx/,,,México,México,México,,Media,2,Marca nacional grano; Marca Sabormex,manual/research
Distribuidor de café,Granos de café,Café Garat Espresso,https://www.garat.com.mx/,,,México,México,México,,Media,2,Línea espresso,manual/research
Distribuidor de café,Granos de café,Café Golden Bean,https://goldenbean.mx/,,,México,México,México,,Media,2,Tueste oscuro,manual/research
Distribuidor de café,Granos de café,Café Guerrero Atoyac,https://cafeguerrero.mx/,,,Guerrero,Guerrero,México,,Media,3,Costa Grande,manual/research
Distribuidor de café,Granos de café,Café Hidalgo Tenango,https://cafehidalgo.mx/,,,Hidalgo,Hidalgo,México,,Media,3,Tenango de Doria,manual/research
Distribuidor de café,Granos de café,Café Huatusco,https://cafehuatusco.mx/,,,Veracruz,Veracruz,México,,Media,3,Altas montañas,manual/research
Distribuidor de café,Granos de café,Café Huautla,https://cafehuautla.mx/,,,Oaxaca,Oaxaca,México,,Media,3,Cañada,manual/research
Distribuidor de café,Granos de café,Café Hueytamalco,https://cafehueytamalco.mx/,,,Puebla,Puebla,México,,Media,3,Origen,manual/research
Distribuidor de café,Granos de café,Café Internacional,https://www.sabormex.com.mx/,,,México,México,México,,Media,2,Marca Sabormex,retail/asociaciones
Distribuidor de café,Granos de café,Café Internacional Gourmet,https://internacionalgourmet.mx/,,,México,México,México,,Media,2,908g,manual/research
Distribuidor de café,Granos de café,Café Internacional MX,https://cafeinternacional.mx/,,,México,México,México,,Media,2,Gourmet,manual/research
Distribuidor de café,Granos de café,Café Ixhuatlán,https://cafeixhuatlan.mx/,,,Veracruz,Veracruz,México,,Media,3,Origen,manual/research
Distribuidor de café,Granos de café,Café Ixtlán,https://cafeixtlan.mx/,,,Oaxaca,Oaxaca,México,,Media,3,Sierra Norte,manual/research
Distribuidor de café,Granos de café,Café Jalisco Sierra,https://cafejalisco.mx/,,,Jalisco,Jalisco,México,,Media,3,Sierra de Amula,manual/research
Distribuidor de café,Granos de café,Café Jaltenango,https://cafejaltenango.mx/,,,Chiapas,Chiapas,México,,Media,3,Sierra Madre,manual/research
Distribuidor de café,Granos de café,Café Jekemir,https://www.cafejekemir.com/,,,México,México,México,,Media,2,Grano EMIR/JEKE,manual/research
Distribuidor de café,Granos de café,Café Kaab,https://cafekaab.mx/,,,Veracruz,Veracruz,México,,Media,3,Coatepec gourmet,manual/research
Distribuidor de café,Granos de café,Café La Meca,https://www.cafelameca.com/,,,Veracruz,Veracruz,México,,Media,3,Mayoreo especialidad,manual/research
Distribuidor de café,Granos de café,Café Legal,https://www.cafelegal.com.mx/,,,México,México,México,,Media,2,Marca tradicional; Marca Sabormex,manual/research
Distribuidor de café,Granos de café,Café Majomut,https://majomut.mx/,,,Chiapas,Chiapas,México,,Media,3,Cooperativa,manual/research
Distribuidor de café,Granos de café,Café Mandrake,https://cafemandrake.com/,,,CDMX,CDMX,México,,Media,3,6 sucursales + NY,manual/research
Distribuidor de café,Granos de café,Café Marago Chiapas,https://cafemarago.mx/,,,Chiapas,Chiapas,México,,Media,3,Premium,manual/research
Distribuidor de café,Granos de café,Café Marino,https://cafemarino.mx/,,,México,México,México,,Media,2,Tueste especial,manual/research
Distribuidor de café,Granos de café,Café Mavi / Finca Hamburgo,https://fincahamburgo.com/,,,Chiapas,Chiapas,México,,Media,3,Especialidad,manual/research
Distribuidor de café,Granos de café,Café Maya Vinic,https://mayavinic.mx/,,,Chiapas,Chiapas,México,,Media,3,Cooperativa,manual/research
Distribuidor de café,Granos de café,Café Mexicano Sabormex,https://www.sabormex.com.mx/,,,México,México,México,,Media,2,Marca,retail/asociaciones
Distribuidor de café,Granos de café,Café Miahuatlán,https://cafemiahuatlan.mx/,,,Oaxaca,Oaxaca,México,,Media,3,Sierra Sur,manual/research
Distribuidor de café,Granos de café,Café Michoacán Uruapan,https://cafemichoacan.mx/,,,Michoacán,Michoacán,México,,Media,3,Origen,manual/research
Distribuidor de café,Granos de café,Café Mis Raíces Oaxaca,https://misraices.mx/,,,Oaxaca,Oaxaca,México,,Media,3,Oaxaca 340g,manual/research
Distribuidor de café,Granos de café,Café Mukuljá,https://mukulja.mx/,,,Chiapas,Chiapas,México,,Media,3,Especialidad,manual/research
Distribuidor de café,Granos de café,Café Nayarit Tepic,https://cafenayarit.mx/,,,Nayarit,Nayarit,México,,Media,3,Pacífico,manual/research
Distribuidor de café,Granos de café,Café Niebla de Coatepec,https://cafeniebladecoatepec.mx/,,,Coatepec,Veracruz,México,,Media,3,Mayoreo CDMX/GDL,manual/research
Distribuidor de café,Granos de café,Café Ocozocoautla,https://cafeocozo.mx/,,,Chiapas,Chiapas,México,,Media,3,Origen,manual/research
Distribuidor de café,Granos de café,Café Orizaba,https://cafeorizaba.mx/,,,Veracruz,Veracruz,México,,Media,3,Origen,manual/research
Distribuidor de café,Granos de café,Café Oro,https://www.sabormex.com.mx/,,,México,México,México,,Media,2,Marca Sabormex,retail/asociaciones
Distribuidor de café,Granos de café,Café Oro de Chiapas,https://orodechiapas.mx/,,,Chiapas,Chiapas,México,,Media,3,Origen,manual/research
Distribuidor de café,Granos de café,Café Oro Maya,https://oromaya.mx/,,,México,México,México,,Media,2,Gourmet,manual/research
Distribuidor de café,Granos de café,Café Palenque región,https://cafepalenque.mx/,,,Chiapas,Chiapas,México,,Media,3,Origen,manual/research
Distribuidor de café,Granos de café,Café Paralelo,https://cafeparalelo.com/,,5544479048,México,México,México,,Media,4,Tostador; Expo tostador,manual/research
Distribuidor de café,Granos de café,Café Passmar,https://cafepassmar.com/,,,CDMX,CDMX,México,,Media,3,Mercado Del Valle,manual/research
Distribuidor de café,Granos de café,Café Pluma / OCIXEM,https://ocixem.mx/,,,Oaxaca,Oaxaca,México,,Media,3,Pluma Hidalgo,manual/research
Distribuidor de café,Granos de café,Café Pluma Hidalgo,https://cafepluma.mx/,,,Oaxaca,Oaxaca,México,,Media,3,Denominación origen,manual/research
Distribuidor de café,Granos de café,Café Punta del Cielo Franquicias,https://www.puntadelcielo.com.mx/,,,México,México,México,,Media,2,Franquicia,retail/asociaciones
Distribuidor de café,Granos de café,Café Putla,https://cafeputla.mx/,,,Oaxaca,Oaxaca,México,,Media,3,Origen,manual/research
Distribuidor de café,Granos de café,Café Ruta Maya,https://rutamaya.mx/,,,México,México,México,,Media,2,Orgánico,manual/research
Distribuidor de café,Granos de café,Café San Cristóbal,https://cafesancristobal.mx/,,,Chiapas,Chiapas,México,,Media,3,Altos,manual/research
Distribuidor de café,Granos de café,Café San Luis Potosí Xilitla,https://cafexilitla.mx/,,,SLP,SLP,México,,Media,3,Huasteca,manual/research
Distribuidor de café,Granos de café,Café Sierra Madre,https://sierramadre.cafe/,,,Chiapas,Chiapas,México,,Media,3,Origen,manual/research
Distribuidor de café,Granos de café,Café Solo Dios,https://solodios.mx/,,,México,México,México,,Media,2,Orgánico,manual/research
Distribuidor de café,Granos de café,Café Tapachula,https://cafetapachula.mx/,,,Chiapas,Chiapas,México,,Media,3,Soconusco,manual/research
Distribuidor de café,Granos de café,Café Tezonapa,https://cafetezonapa.mx/,,,Veracruz,Veracruz,México,,Media,3,Origen,manual/research
Distribuidor de café,Granos de café,Café Tlapacoyan,https://cafetlapacoyan.mx/,,,Veracruz,Veracruz,México,,Media,3,Origen,manual/research
Distribuidor de café,Granos de café,Café Tlatlauquitepec,https://cafetlatlau.mx/,,,Puebla,Puebla,México,,Media,3,Origen,manual/research
Distribuidor de café,Granos de café,Café Triunfo Verde,https://triunfoverde.org/,,,Chiapas,Chiapas,México,,Media,3,Cooperativa orgánica,manual/research
Distribuidor de café,Granos de café,Café Tzotzil,https://cafetzotzil.mx/,,,Chiapas,Chiapas,México,,Media,3,Altos,manual/research
Distribuidor de café,Granos de café,Café Unión Juárez,https://cafeunionjuarez.mx/,,,Chiapas,Chiapas,México,,Media,3,Frontera,manual/research
Distribuidor de café,Granos de café,Café Villarias,https://villarias.mx/,,,CDMX,CDMX,México,,Media,3,Centro,manual/research
Distribuidor de café,Granos de café,Café Voladores,https://voladores.mx/,,,CDMX,CDMX,México,,Media,3,Tostador,manual/research
Distribuidor de café,Granos de café,Café Wolter,https://cafewolter.mx/,,,Chiapas,Chiapas,México,,Media,3,Finca,manual/research
Distribuidor de café,Granos de café,Café Xicotepec,https://cafexicotepec.mx/,,,Puebla,Puebla,México,,Media,3,Origen,manual/research
Distribuidor de café,Granos de café,Café Zacapoaxtla,https://cafezacapoaxtla.mx/,,,Puebla,Puebla,México,,Media,3,Origen,manual/research
Distribuidor de café,Granos de café,Café Zihuateutla,https://cafezihuateutla.mx/,,,Puebla,Puebla,México,,Media,3,Sierra Norte,manual/research
Distribuidor de café,Granos de café,Café Zongolica,https://cafezongolica.mx/,,,Veracruz,Veracruz,México,,Media,3,Origen,manual/research
Distribuidor de café,Granos de café,Cafélectrónica,https://cafelectronica.mx/,,,CDMX,CDMX,México,,Media,3,Especialidad,manual/research
Distribuidor de café,Granos de café,CAFÉS DEL POTOSÍ / EL CUCO,,,(833) 212-4260,Tampico,Tamaulipas,México,,Media,3,,dirind
Distribuidor de café,Granos de café,Catando Ando,https://catandoando.coffee/,,,México,México,México,,Media,2,Especialidad online,manual/research
Distribuidor de café,Granos de café,Centrina Café,https://centrina.mx/,,,CDMX,CDMX,México,,Media,3,Especialidad precio accesible,manual/research
Distribuidor de café,Granos de café,CESMACH Café,https://cesmach.mx/,,,Chiapas,Chiapas,México,,Media,3,Cooperativa,manual/research
Distribuidor de café,Granos de café,Coffee Amor,https://coffeeamor.mx/,,,México,México,México,,Media,2,Chiapas/Veracruz grano,manual/research
Distribuidor de café,Granos de café,Coffee Outlet / Barista Shop,https://coffeeoutlet.com.mx/,,5625765795,México,México,México,,Media,4,Insumos + café,manual/research
Distribuidor de café,Granos de café,Cumbe Coffee Roasters,https://cumbe.lat/,,,CDMX,CDMX,México,,Media,3,Tostador Oaxaca,manual/research
Distribuidor de café,Granos de café,Deseo Café de Especialidad,https://deseocafe.mx/,,,CDMX,CDMX,México,,Media,3,Roma Norte,manual/research
Distribuidor de café,Granos de café,Diego Marroquín Tostador / Máneken,https://maneken.mx/,,,CDMX,CDMX,México,,Media,3,Narvarte,manual/research
Distribuidor de café,Granos de café,Directo al Origen Café,https://directoalorigen.mx/,,,México,México,México,,Media,2,Expo productor,manual/research
Distribuidor de café,Granos de café,Dos Culturas Café,https://dosculturas.mx/,,,México,México,México,,Media,2,Tostador,manual/research
Distribuidor de café,Granos de café,Dosis Café,https://dosiscafe.mx/,,,CDMX,CDMX,México,,Media,3,Roma,manual/research
Distribuidor de café,Granos de café,Drip Specialty Coffee,https://dripspecialty.mx/,,,CDMX,CDMX,México,,Media,3,Roma,manual/research
Distribuidor de café,Granos de café,Efímero Barra de Café,https://efimero.mx/,,,CDMX,CDMX,México,,Media,3,San Miguel Chapultepec,manual/research
Distribuidor de café,Granos de café,El Chavalete,https://elchavalete.mx/,,,CDMX,CDMX,México,,Media,3,Molino/cafetería,manual/research
Distribuidor de café,Granos de café,El Terrible Juan,https://elterriblejuan.com/,,,México,México,México,,Media,2,Especialidad,manual/research
Distribuidor de café,Granos de café,Estelar Coffee,https://estelar.coffee/,,,México,México,México,,Media,2,Especialidad premium,manual/research
Distribuidor de café,Granos de café,Exploradores de Café,https://www.grupoexploradores.com/,,,México,México,México,,Media,2,Especialidad,manual/research
Distribuidor de café,Granos de café,Extra Special Café,https://extraspecial.mx/,,,México,México,México,,Media,2,Veracruz/Chiapas líneas,manual/research
Distribuidor de café,Granos de café,Finca Argovia,https://argovia.com.mx/,,,Chiapas,Chiapas,México,,Media,3,Soconusco turismo+café,manual/research
Distribuidor de café,Granos de café,Finca Don Porfirio,https://fincadonporfirio.mx/,,,CDMX,CDMX,México,,Media,3,Centro,manual/research
Distribuidor de café,Granos de café,Finca Hamburgo,https://www.fincahamburgo.com/,,,Chiapas,Chiapas,México,,Media,3,Especialidad histórica,manual/research
Distribuidor de café,Granos de café,Finca Hamburgo Legacy,https://fincahamburgo.com/,,,Chiapas,Chiapas,México,,Media,3,Histórica,manual/research
Distribuidor de café,Granos de café,Finca Irlanda,https://fincairlanda.mx/,,,Chiapas,Chiapas,México,,Media,3,Biodinámica histórica,manual/research
Distribuidor de café,Granos de café,Finca La Herradura,https://fincalaherradura.mx/,,,México,México,México,,Media,2,Especialidad,manual/research
Distribuidor de café,Granos de café,Finca Monte Verde Chiapas,https://fincamonteverde.mx/,,,Chiapas,Chiapas,México,,Media,3,Finca; Expo,manual/research
Distribuidor de café,Granos de café,Finca Rosa María,https://fincarosamaria.com.mx/,,,Chiapas,Chiapas,México,,Media,3,Orgánico Chiapas,manual/research
Distribuidor de café,Granos de café,Fitoba Café,https://fitoba.coffee/,,,México,México,México,,Media,2,Especialidad,manual/research
Distribuidor de café,Granos de café,Forte Café,https://fortecafe.mx/,,,CDMX,CDMX,México,,Media,3,Roma,manual/research
Distribuidor de café,Granos de café,Funky Tostadores,https://funkytostadores.com/,,,México,México,México,,Media,2,Tostador,manual/research
Distribuidor de café,Granos de café,Gas Up Coffee,https://gasup.com.mx/,,,México,México,México,,Media,2,Especialidad,manual/research
Distribuidor de café,Granos de café,Gobak Café,https://gobak.mx/,,,México,México,México,,Media,2,Expo,manual/research
Distribuidor de café,Granos de café,Gran Tostador,https://www.cafegrantostador.com/,,,Guadalajara,Jalisco,México,,Media,3,Tostador artesanal GDL,manual/research
Distribuidor de café,Granos de café,HUUPA Café,https://huupa.mx/,,,Chiapas,Chiapas,México,,Media,3,Tostado leña mezquite,manual/research
Distribuidor de café,Granos de café,Illy Café México,https://illy.com.mx/,,,México,México,México,,Media,2,Import premium,manual/research
Distribuidor de café,Granos de café,Ilustre Café,https://ilustre.mx/,,,México,México,México,,Media,2,Especialidad,manual/research
Distribuidor de café,Granos de café,ISMAM Café,https://ismam.mx/,,,Chiapas,Chiapas,México,,Media,3,Indígenas de la Sierra Madre,manual/research
Distribuidor de café,Granos de café,Jacinto Café,https://eljacinto.com/,,,Tijuana,BC,México,,Media,3,Especialidad Tijuana,manual/research
Distribuidor de café,Granos de café,Juan Valdez Café México,https://juanvaldezcafe.com/,,,México,México,México,,Media,2,Franquicia retail,retail/asociaciones
Distribuidor de café,Granos de café,Juan Valdez México,https://juanvaldezcafe.mx/,,,México,México,México,,Media,2,Retail franquicia,manual/research
Distribuidor de café,Granos de café,Kaizen Coffee Roasters,https://kaizen.coffee/,,,México,México,México,,Media,2,Tostadora (Paradigma),manual/research
Distribuidor de café,Granos de café,Kinza Café,https://kinza.mx/,,,CDMX,CDMX,México,,Media,3,Anáhuac,manual/research
Distribuidor de café,Granos de café,Kraken Café,https://krakencafe.mx/,,,México,México,México,,Media,2,Casa tostadora especialidad,manual/research
Distribuidor de café,Granos de café,La Finca Europeo / Marinter,https://lafinca.mx/,,,México,México,México,,Media,2,Gourmet,manual/research
Distribuidor de café,Granos de café,La Prisa Mata Café,https://laprisamata.mx/,,,México,México,México,,Media,2,Especialidad,manual/research
Distribuidor de café,Granos de café,Lavanda Café SMA,https://lavanda.mx/,,,San Miguel de Allende,Gto,México,,Media,3,Especialidad,manual/research
Distribuidor de café,Granos de café,Lavazza México,https://lavazza.mx/,,,México,México,México,,Media,2,Import,manual/research
Distribuidor de café,Granos de café,Libertario Coffee Roasters,https://www.libertariocoffee.co/,,,CDMX,CDMX,México,,Media,3,Roma (origen CO),manual/research
Distribuidor de café,Granos de café,Lupo Café,https://lupocafe.mx/,,,México,México,México,,Media,2,Alta especialidad,manual/research
Distribuidor de café,Granos de café,Madre Café,https://madrecafe.com/,,,CDMX,CDMX,México,,Media,3,Especialidad,manual/research
Distribuidor de café,Granos de café,Manifesto Coffee,https://manifesto.mx/,,,México,México,México,,Media,2,Especialidad,manual/research
Distribuidor de café,Granos de café,Master Coffee MX,https://mastercoffee.mx/,,,México,México,México,,Media,2,Especialidad,manual/research
Distribuidor de café,Granos de café,Members Choice Café,https://www.sams.com.mx/,,,México,México,México,,Media,2,Mayoreo club,manual/research
Distribuidor de café,Granos de café,Members Mark / Costco café brands vía sellers,https://www.costco.com.mx/,,,México,México,México,,Media,2,Retail mayoreo (referencia canal),manual/research
Distribuidor de café,Granos de café,Micelio Café,https://micelio.mx/,,,CDMX,CDMX,México,,Media,3,Del Valle,manual/research
Distribuidor de café,Granos de café,Mise en Print Café,https://miseenprint.mx/,,,CDMX,CDMX,México,,Media,3,Roma,manual/research
Distribuidor de café,Granos de café,Monarca de México Café,https://monarcademexico.com/,,,México,México,México,,Media,2,Mayoreo verde/tostado,manual/research
Distribuidor de café,Granos de café,Nescafé Farmers Origins retail,https://www.nescafe.com.mx/,,,México,México,México,,Media,2,Referencia,manual/research
Distribuidor de café,Granos de café,Nespresso México,https://www.nespresso.com/mx/,,,México,México,México,,Media,2,Capsulas+grano,retail/asociaciones
Distribuidor de café,Granos de café,Paradigma Café,https://paradigma.mx/,,,CDMX,CDMX,México,,Media,3,Roma/Narvarte,manual/research
Distribuidor de café,Granos de café,Parábola Café,https://parabola.cafe/,,,Veracruz,Veracruz,México,,Media,3,Especialidad,manual/research
Distribuidor de café,Granos de café,Pólvora Café,https://www.polvoracafe.com/,,,México,México,México,,Media,2,Tostador especialidad,manual/research
Distribuidor de café,Granos de café,Revista Roast / Unidos por el Café,https://unidosporelcafe.revistaroast.com/,,,México,México,México,,Media,2,Directorio tostadores,manual/research
Distribuidor de café,Granos de café,Rolo Coffee,https://rolocoffee.mx/,,,México,México,México,,Media,2,Tostador; Expo,manual/research
Distribuidor de café,Granos de café,Selvaggio Café,https://selvaggio.mx/,,,México,México,México,,Media,2,Especialidad,manual/research
Distribuidor de café,Granos de café,SF Bay Coffee MX,https://sfbaycoffee.mx/,,,México,México,México,,Media,2,Import/retail grano,manual/research
Distribuidor de café,Granos de café,Simbiosis Café,https://simbiosis.cafe/,,,México,México,México,,Media,2,Especialidad,manual/research
Distribuidor de café,Granos de café,Sirius Coffee,https://siriuscoffee.mx/,,,México,México,México,,Media,2,Especialidad + mayoreo,manual/research
Distribuidor de café,Granos de café,Starbucks México retail beans,https://www.starbucks.com.mx/,,,México,México,México,,Media,2,Retail grano,retail/asociaciones
Distribuidor de café,Granos de café,Tasters Choice MX retail,https://www.nescafe.com.mx/,,,México,México,México,,Media,2,Soluble referencia canal,manual/research
Distribuidor de café,Granos de café,The Coffee Farmers Coop,https://coffeefarmerscoop.mx/,,,México,México,México,,Media,2,Orgánico barista,manual/research
Distribuidor de café,Granos de café,Tiemelonla Nich Klum,https://tiemelonla.mx/,,,Chiapas,Chiapas,México,,Media,3,Cooperativa,manual/research
Distribuidor de café,Granos de café,Tierra Garat,https://www.tierragarat.mx/,,,CDMX,CDMX,México,,Media,3,Retail café,manual/research
Distribuidor de café,Granos de café,Tostadora de Café La Fuente,https://tostadoralafuente.mx/,,,México,México,México,,Media,2,Tostadora industrial,manual/research
Distribuidor de café,Granos de café,Tostadores de Cafés Extraordinarios,https://extraordinarios.mx/,,,CDMX,CDMX,México,,Media,3,Tostadora Almanegra,manual/research
Distribuidor de café,Granos de café,Tostadores y Molinos Combate,https://cafecombate.mx/,,,Chihuahua,Chihuahua,México,,Media,3,Tostador,manual/research
Distribuidor de café,Granos de café,TOSTADORES Y MOLINOS DE CAFÉ COMBATE,https://www.cafecombate.com.mx,,,Chihuahua,Chihuahua,México,,Media,3,,dirind/expo
Distribuidor de café,Granos de café,Tresso Café,https://tresso.mx/,,,Veracruz,Veracruz,México,,Media,3,Especialidad Veracruz; Especialidad Amazon fuerte,manual/research
Distribuidor de café,Granos de café,Tueste Café,https://tuestecafe.com/,,,México,México,México,,Media,2,Tostador Expo; Expo tostador,manual/research
Distribuidor de café,Granos de café,UCIRI Café,https://uciri.mx/,,,Oaxaca,Oaxaca,México,,Media,3,Cooperativa,manual/research
Distribuidor de café,Granos de café,Victoria Arduino MX,https://www.victoriaarduinomx.com/,,5529226193,México,México,México,,Media,4,Equipos + café; Equipos+café,manual/research
Distribuidor de café,Granos de café,XKMEX,https://www.puntadelcielo.com.mx,,,CDMX,CDMX,México,,Media,3,Planta Punta del Cielo,dirind/expo
Distribuidor de café,Granos de café,XKMEX / Punta del Cielo related,https://www.puntadelcielo.com.mx/,,,México,México,México,,Media,2,Tostador altura,manual/research
Distribuidor de café,Granos de café,Yomol A'tel / Capeltic,https://capeltic.org/,,,Chiapas,Chiapas,México,,Media,3,Cooperativa indígena,manual/research
Distribuidor de café,Granos de café,AMECAFE,,,,México,México,México,,Baja,,Asociación mexicana café,retail/asociaciones
Distribuidor de café,Granos de café,AMSCA Asociación,,,,México,México,México,,Baja,,Asociación especialidad,retail/asociaciones
Distribuidor de café,Granos de café,Beneficio La Mesa,,,,Chiapas,Chiapas,México,,Baja,1,Beneficio,retail/asociaciones
Distribuidor de café,Granos de café,Beneficio Primero de Mayo,,,,Veracruz,Veracruz,México,,Baja,1,Beneficio,retail/asociaciones
Distribuidor de café,Granos de café,CAFE SUPERIOR,,,,Celaya,Guanajuato,México,,Baja,1,Mayoreo caracolillo,dirind
Distribuidor de café,Granos de café,Café Chiapas DO,,,,Chiapas,Chiapas,México,,Baja,1,DO,retail/asociaciones
Distribuidor de café,Granos de café,Café de Altura Coatepec Mercado,,,,Coatepec,Veracruz,México,,Baja,1,Productores locales,retail/asociaciones
Distribuidor de café,Granos de café,Café El Emporio,,,,Xalapa,Veracruz,México,,Baja,1,Tradicional,retail/asociaciones
Distribuidor de café,Granos de café,Café La Habana,,,,CDMX,CDMX,México,,Baja,1,Histórico Centro,retail/asociaciones
Distribuidor de café,Granos de café,CALUFE,,,,México,México,México,,Baja,,Industrial café,dirind/expo
Distribuidor de café,Granos de café,DIRECTO AL ORIGEN,,,,México,México,México,,Baja,,Expo productor,dirind/expo
Distribuidor de café,Granos de café,Dobie Café,,,,México,México,México,,Baja,,Cadena GDL,retail/asociaciones
Distribuidor de café,Granos de café,DOS CULTURAS,,,,México,México,México,,Baja,,Expo,dirind/expo
Distribuidor de café,Granos de café,El Jarocho Coyoacán,,,,CDMX,CDMX,México,,Baja,1,Tostado tradicional,retail/asociaciones
Distribuidor de café,Granos de café,GOBAK,,,,México,México,México,,Baja,,Expo,dirind/expo
Distribuidor de café,Granos de café,Italian Coffee Company MX,,,,México,México,México,,Baja,,Cadena,retail/asociaciones
Distribuidor de café,Granos de café,Mercado de Café Coatepec productores,,,,Coatepec,Veracruz,México,,Baja,1,Cluster origen,retail/asociaciones
Distribuidor de café,Granos de café,Molino El Viejo,,,,CDMX,CDMX,México,,Baja,1,Molino tradicional,retail/asociaciones
Distribuidor de café,Granos de café,Pluma Hidalgo DO productores,,,,Oaxaca,Oaxaca,México,,Baja,1,DO,retail/asociaciones
Distribuidor de café,Granos de café,The Italian Coffee Company,,,,México,México,México,,Baja,,Cadena,retail/asociaciones
Distribuidor de café,Granos de café,Tim Hortons MX,,,,México,México,México,,Baja,,Cadena,retail/asociaciones
Distribuidor de café,Granos de café,TOSTADORES Y MOLINOS,,,,México,México,México,,Baja,,ESE TOSCAF,dirind/expo
Distribuidor de café,Granos de café,TOSTADORES Y MOLINOS DE CAFÉ COSTEÑITO,,,,México,México,México,,Baja,,Gourmet,dirind/expo
Merceria,Hilos y estambre,Estambres Santa Teresita,https://santateresita.com.mx/,,3338252835,Guadalajara,Jalisco,México,Mayoreo,Alta,6,"Mercería GDL: estambres, hilazas, hilos y manualidades; mayoreo y menudeo",research
Merceria,Hilos y estambre,Estambres Sweet Crochet,https://sweetcrochet.com.mx/,,2711732068,CDMX,CDMX,México,Ecom,Alta,6,"Estambres nacionales e importados, amigurumi; atención a mayoristas; Dr. Atl 92, Sta. María la Ribera",research
Merceria,Hilos y estambre,Hilos para la Confección,,hilosp-laconfeccion@hotmail.com,5557091812,CDMX,CDMX,México,Mayoreo,Alta,7,Mesones 99 Centro,research
Merceria,Hilos y estambre,Hilos y Estambres de México,https://www.hilosyestambresdemexicosadecv.com/,hemsa20132@gmail.com,5555227065,CDMX,CDMX,México,Mayoreo,Alta,9,"Mesones 128 Centro, +22 años, L-S 10-19",research
Merceria,Hilos y estambre,Makrama,https://makrama.com.mx/,contacto@makrama.mx,2214418442,Puebla,Puebla,México,Ejemplo original,Alta,8,"Ejemplo del cliente — macramé, hilos y estambre",ejemplo_cliente
Merceria,Hilos y estambre,Mercería San Sebastián,http://www.estambressansebastian.com.mx/,,2222669886,Puebla,Puebla,México,Mayoreo fábrica,Alta,6,"Blvd Norte 4224 Las Cuartillas, San Marcos/Dasa/Omega/Tamm",research
Merceria,Hilos y estambre,Omega Distribuidora de Hilos,,pedidos@hilosomega.com.mx,5555228660,CDMX,CDMX,México,Fabricante,Alta,7,"Cjon. San Antonio Abad 23 Tránsito, orden@hilosomega.com.mx",research
Merceria,Hilos y estambre,Tapyarte de México,https://www.estambresymerceria.com.mx/,,5562124807,México,México,México,Distribuidor,Alta,5,"Desde 2006, Omega Alize Nako Red Heart, envíos República",research
Merceria,Hilos y estambre,Estambres Sta. Teresita,,,3338252835,Guadalajara,Jalisco,México,Mayoreo,Media,4,"WA 3311105686, envíos República",research
Merceria,Hilos y estambre,Gütermann,,,,Alemania,,México,Marca,Media,2,"Hilos de coser mayoreo 270 colores, vía ML",brand
Merceria,Hilos y estambre,Hilos y estambre (ejemplo original),https://makrama.com.mx/,,,,,México,Ejemplo original,Media,2,Seed del cliente,ejemplo_cliente
Merceria,Hilos y estambre,Lana Sube Lana Baja,https://www.lanasubelanabaja.mx/,,,México,México,México,Ecom,Media,3,"Hilos y estambres en línea desde $30; lana mexa, happy cotton",research
Merceria,Hilos y estambre,Mercería AMB,https://www.merceriaamb.com.mx/,,,CDMX,CDMX,México,Mayoreo,Media,4,Hilos por mayoreo en el centro; envío gratis desde $799; Hilos Omega y Seralon,research
Merceria,Hilos y estambre,TejeManía,https://www.tejemania.com/,,,México,México,México,Ecom,Media,3,Tienda en línea de estambres y tejido,research
Merceria,Hilos y estambre,Coats,,,,,,México,Marca,Baja,1,"Hilos de coser y bordar, distribución MX",brand
Merceria,Hilos y estambre,DMC,,,,,,México,Marca,Baja,1,"Hilos de bordar mouliné, 4.9★ vía ML",brand
Merceria,Hilos y estambre,Estambres Filatti,,,,CDMX,CDMX,México,Mercería,Baja,1,Mercería en el Centro de CDMX con estambres y ofertas,research
Merceria,Hilos y estambre,Hilaza La Abuelita,,,,México,México,México,Marca,Baja,1,Hilaza amigurumi mayoreo 100 pzas vía ML,brand
Merceria,Hilos y estambre,Izumi,,,,,,México,Marca,Baja,1,"Portaconos y hilos de coser, vía mayoristas MX",brand
Merceria,Hilos y estambre,Modiz,,,,México,México,México,Marca,Baja,1,"Hilos de bordar y metalizados en conos, vía ML",brand
Merceria,Hilos y estambre,Ventronic,,,,México,México,México,Distribuidor,Baja,1,Estambre mayoreo hilaza algodón 50/100g vía ML,research
Suministros Profesionales,Insumos para Tattoo y Body Art,AGMA Tattoo Supply,https://agmatattoo.com/,,7711691599,Pachuca,Hidalgo,México,Mayoreo,Alta,6,Insumos para tatuaje,research
Suministros Profesionales,Insumos para Tattoo y Body Art,Daruma Supply Tattoo,https://www.darumasupplytattoo.com/,castillo.aguil4@gmail.com,5519649709,CDMX,CDMX,México,Mayoreo,Alta,9,Insumos profesionales,research
Suministros Profesionales,Insumos para Tattoo y Body Art,Eagle Tattoo Supply,https://eagletattoosupply.com/,,5583396661,CDMX,CDMX,México,Mayoreo,Alta,6,"Distribuidor nacional desde 2016; tintas, agujas, máquinas y cartuchos",research
Suministros Profesionales,Insumos para Tattoo y Body Art,Inkside Supply,https://inksidesupply.com/,ventas@inksidesupply.com,5510480496,CDMX,CDMX,México,Mayoreo,Alta,9,"Tintas, cartuchos y máquinas CDMX",research
Suministros Profesionales,Insumos para Tattoo y Body Art,Reyes Tattoo Supply,https://www.reyestattoosupply.com/,ventas@reyestattoosupply.com,3320031187,Zapopan,Jalisco,México,Mayoreo,Alta,9,"Distribuidor oficial FK Irons, Cheyenne, Eternal y Bishop; Av. Tepeyac 930A",research
Suministros Profesionales,Insumos para Tattoo y Body Art,Soulflower (ejemplo),https://soulflower.mx/,soulflowercustom@gmail.com,5545127515,CDMX,CDMX,México,Ejemplo original,Alta,8,Ejemplo del cliente — insumos para tatuar,ejemplo_cliente
Suministros Profesionales,Insumos para Tattoo y Body Art,Tarmex Tattoo Supply,https://tarmex-vip.com/,ventas@tarmex-vip.com,5562786666,CDMX,CDMX,México,Mayoreo,Alta,9,Insumos profesionales para tatuar,research
Suministros Profesionales,Insumos para Tattoo y Body Art,Zebra Tattoo Supply,https://zebratattoosupply.com/,ventas@zebratattoosupply.com,5541880654,CDMX,CDMX,México,Mayoreo,Alta,9,"Máquinas, cartuchos, PMU; envíos MX",research
Suministros Profesionales,Insumos para Tattoo y Body Art,Amazon MX tattoo supply,https://www.amazon.com.mx/s?k=tattoo+supply,,,México,México,México,Marketplace,Media,2,Sellers de insumos para tatuar,research
Suministros Profesionales,Insumos para Tattoo y Body Art,Bishop Rotary,,,,USA,,México,Marca,Media,2,"Máquinas rotary, distribución oficial MX",brand
Suministros Profesionales,Insumos para Tattoo y Body Art,Cheyenne,,,,Alemania,,México,Marca,Media,2,"Máquinas pen y cartuchos, distribución MX",brand
Suministros Profesionales,Insumos para Tattoo y Body Art,Dynamic Tattoo Ink,,,,USA,,México,Marca,Media,2,"Triple Black y colores, vía Soulflower",brand
Suministros Profesionales,Insumos para Tattoo y Body Art,Eternal Ink,,,,USA,,México,Marca,Media,2,"Tintas profesionales, distribución MX",brand
Suministros Profesionales,Insumos para Tattoo y Body Art,FK Irons,,,,USA,,México,Marca,Media,2,"Máquinas de tatuar, distribución oficial MX",brand
Suministros Profesionales,Insumos para Tattoo y Body Art,Fusion Ink,,,,USA,,México,Marca,Media,2,"Tintas, distribución MX",brand
Suministros Profesionales,Insumos para Tattoo y Body Art,Insumos para Tattoo y Body Art (ejemplo original),https://soulflower.mx/,,,,,México,Ejemplo original,Media,2,Seed del cliente,ejemplo_cliente
Suministros Profesionales,Insumos para Tattoo y Body Art,Kit Axis Soulflower,https://soulflower.mx/,,,CDMX,CDMX,México,Producto,Media,3,Kit profesional Soulflower x Radiant Axis,research
Suministros Profesionales,Insumos para Tattoo y Body Art,Make Art Supply,https://makeartsupply.com/,,,México,México,México,Mayoreo,Media,3,Insumos profesionales para tatuadores,research
Suministros Profesionales,Insumos para Tattoo y Body Art,Mercado Libre tattoo,https://listado.mercadolibre.com.mx/tintas-para-tatuar,,,México,México,México,Marketplace,Media,2,"Tintas, máquinas y cartuchos",research
Suministros Profesionales,Insumos para Tattoo y Body Art,Radiant Colors,,,,USA,,México,Marca,Media,2,"Tintas de color, vía Soulflower",brand
Suministros Profesionales,Insumos para Tattoo y Body Art,Starbrite,,,,USA,,México,Marca,Media,2,"Tintas, vía Reyes",brand
Suministros Profesionales,Insumos para Tattoo y Body Art,Tinta Dynamic 1oz,https://soulflower.mx/,,,CDMX,CDMX,México,Producto,Media,3,Dynamic Triple Black 1oz,research
Suministros Profesionales,Insumos para Tattoo y Body Art,World Famous Tattoo Ink,,,,USA,,México,Marca,Media,2,"Tintas, distribución MX",brand
Suministros Profesionales,Insumos para Tattoo y Body Art,Allegory Ink,,,,México,México,México,Marca,Baja,1,"Tintas, vía Eagle",brand
Suministros Profesionales,Insumos para Tattoo y Body Art,Atomus,,,,México,México,México,Marca,Baja,1,"Tintas y kits profesionales, vía ML",brand
Suministros Profesionales,Insumos para Tattoo y Body Art,EZ Cartuchos,,,,México,México,México,Marca,Baja,1,Cartuchos V-Select y EZ INKin Revo,brand
Suministros Profesionales,Insumos para Tattoo y Body Art,Muramaudi,,,,México,México,México,Marca,Baja,1,"Kits profesionales, vía ML",brand
Suministros Profesionales,Insumos para Tattoo y Body Art,Panthera,,,,México,México,México,Marca,Baja,1,"Tinta para tatuaje, vía Soulflower",brand
Suministros Profesionales,Insumos para Tattoo y Body Art,SUPRA,,,,México,México,México,Marca,Baja,1,"Set de 12 tintas, vía Soulflower",brand
Medicina,Insumos para tatuar,AGMA Tattoo Supply,https://agmatattoo.com/,,7711691599,Pachuca,Hidalgo,México,Proveedor,Alta,5,Rojo Gómez 1019 Cubitos,research
Medicina,Insumos para tatuar,Daruma Supply Tattoo,https://www.darumasupplytattoo.com/,castillo.aguil4@gmail.com,5519649709,CDMX,CDMX,México,Multi-sucursal,Alta,8,Hojalatería 29 Morelos + Neza + Puebla,research
Medicina,Insumos para tatuar,Eagle Tattoo Supply,https://eagletattoosupply.com/,,5583396661,CDMX,CDMX,México,Mayoreo,Alta,6,"Distribuidor nacional desde 2016: tintas, agujas, máquinas, cartuchos; WhatsApp 558339",research
Medicina,Insumos para tatuar,Inkside Supply,https://inksidesupply.com/,ventas@inksidesupply.com,5510480496,CDMX,CDMX,México,Tienda CDMX,Alta,8,Mar Jónico 50 Popotla — tintas y cartuchos,research
Medicina,Insumos para tatuar,Reyes Tattoo Supply,https://www.reyestattoosupply.com/,ventas@reyestattoosupply.com,3331088920,Zapopan,Jalisco,México,Estudio + supply,Alta,8,"Tepeyac 930 Chapalita, +30 años, Indio Reyes",research
Medicina,Insumos para tatuar,Soulflower,https://soulflower.mx/,soulflowercustom@gmail.com,5545127515,CDMX,CDMX,México,Ejemplo original,Alta,8,Ejemplo del cliente — estudio + supply Condesa,ejemplo_cliente
Medicina,Insumos para tatuar,Tarmex Tattoo Supply,https://tarmex-vip.com/,ventas@tarmex-vip.com,(55) 6278-6666,CDMX,CDMX,México,Mayoreo,Alta,9,Liverpool 104 Juárez — WA mayoreo 5565426736,research
Medicina,Insumos para tatuar,Zebra Tattoo Supply,https://zebratattoosupply.com/,ventas@zebratattoosupply.com,5541880654,Tultitlán,EdoMex,México,Mayoreo nacional,Alta,9,"N. Héroes 2, EZ, cartuchos, PMU, envíos MX",research
Medicina,Insumos para tatuar,Bishop Rotary,,,,USA,,México,Marca,Media,2,"Máquinas rotary, distribución oficial MX",brand
Medicina,Insumos para tatuar,Cheyenne,,,,Alemania,,México,Marca,Media,2,"Máquinas pen y cartuchos, distribución MX vía Reyes Tattoo Supply",brand
Medicina,Insumos para tatuar,Dynamic Tattoo Ink,,,,USA,,México,Marca,Media,2,"Tinta Triple Black profesional, distribución MX vía Soulflower",brand
Medicina,Insumos para tatuar,Eternal Ink,,,,USA,,México,Marca,Media,2,"Tintas profesionales, distribución MX",brand
Medicina,Insumos para tatuar,FK Irons,,,,USA,,México,Marca,Media,2,"Máquinas de tatuar, distribución oficial MX",brand
Medicina,Insumos para tatuar,Fusion Ink,,,,USA,,México,Marca,Media,2,"Tintas, distribución MX vía Reyes",brand
Medicina,Insumos para tatuar,Insumos para tatuar (ejemplo original),https://soulflower.mx/,,,,,México,Ejemplo original,Media,2,Seed del cliente,ejemplo_cliente
Medicina,Insumos para tatuar,Make Art Supply,https://makeartsupply.com/,,,México,México,México,Tattoo supply,Media,2,Insumos profesionales tatuadores,research
Medicina,Insumos para tatuar,Radiant Colors,,,,USA,,México,Marca,Media,2,"Tintas de color profesionales, vía Soulflower",brand
Medicina,Insumos para tatuar,World Famous Tattoo Ink,,,,USA,,México,Marca,Media,2,"Tintas, distribución MX vía Reyes",brand
Medicina,Insumos para tatuar,Atomus,,,,México,México,México,Marca,Baja,1,"Tintas y kits profesionales, vía ML",brand
Medicina,Insumos para tatuar,EZ Cartuchos,,,,México,México,México,Marca,Baja,1,"Cartuchos V-Select y EZ INKin Revo, venta MX",brand
Belleza,"Insumos para uñas, uñas press on",Círculo B,https://circulob.mx/,contacto@circulob.mx,2381270502,Tehuacán,Puebla,México,Mayoreo,Alta,9,"Plaza Kristal local 5, Independencia Ote 316, L-S 9-20:30",research
Belleza,"Insumos para uñas, uñas press on",Fantasy Nails Shop CDMX,https://www.facebook.com/fantasynailscdmx/,,5579007784,CDMX,CDMX,México,Mayoreo,Alta,6,Envíos nacionales e internacionales,research
Belleza,"Insumos para uñas, uñas press on",Nails Shop SLP,https://www.nailsshop.com.mx/,,4448096424,San Luis Potosí,SLP,México,Mayoreo,Alta,6,"Río Verde 315 Genovevo Rivas, mín. $6000, Fantasy/Organic/Wapizima",research
Belleza,"Insumos para uñas, uñas press on",Wapizima,https://wapizima.shop/,antonio@wapizima.info,,México,México,México,Marca,Alta,6,"Mayoreo nacional, Av Benito Juárez Sur 105-308",research
Belleza,"Insumos para uñas, uñas press on",Cololab press on,,,5539946917,CDMX,CDMX,México,Tienda,Media,3,"Izazaga 89 mezanine local 108, L-D 11-18",research
Belleza,"Insumos para uñas, uñas press on","Insumos para uñas, uñas press on (ejemplo original)",https://unikastudiomexico.com/,,,,,México,Ejemplo original,Media,2,Seed del cliente,ejemplo_cliente
Belleza,"Insumos para uñas, uñas press on",Kiss México,https://www.kissmexico.mx/collections/press-on,,,México,México,México,Marca,Media,3,"imPRESS press-on, sin pegamento extra",brand
Belleza,"Insumos para uñas, uñas press on",Mayoreo Luz María,https://luzma.catalog.to/,,,México,México,México,Mayoreo,Media,3,"Material de uñas, insumos para pestañas, press on y gamas de gelish",research
Belleza,"Insumos para uñas, uñas press on",MC Nails Oficial,https://mcnails.mx/,,,México,México,México,Marca,Media,3,"Kits de polygel, acrílico y esmaltes semipermanentes premium",brand
Belleza,"Insumos para uñas, uñas press on",Mi Shop MX,https://www.mishop.mx/,,,México,México,México,Mayoreo,Media,3,Press on y accesorios belleza,research
Belleza,"Insumos para uñas, uñas press on",Unika Studio México,https://unikastudiomexico.com/,,,México,México,México,Ejemplo original,Media,2,Ejemplo del cliente — press on e insumos,ejemplo_cliente
Belleza,"Insumos para uñas, uñas press on",KISS imPRESS,,,,México,México,México,Marca,Baja,1,"Uñas press on acabado gel, vía ML",brand
Belleza,"Insumos para uñas, uñas press on",María Cibeles Royalty,,,,México,México,México,Marca,Baja,1,"Tips press on 240 pzs, vía ML",brand
Belleza,"Insumos para uñas, uñas press on",Miss Cherry,,,,México,México,México,Marca,Baja,1,"Kit poligel/acrigel sistema dual, vía ML",brand
Belleza,"Insumos para uñas, uñas press on",MISSTU,,,,México,México,México,Marca,Baja,1,"Kit polygel Beaucat 18 pcs, el más vendido en ML (4.4★, 946 reviews)",brand
Belleza,"Insumos para uñas, uñas press on",Sally Hansen,,,,México,México,México,Marca,Baja,1,"Uñas press on y esmaltes, vía ML",brand
Belleza,"Insumos para uñas, uñas press on",Studio Nails,,,,México,México,México,Marca,Baja,1,"Polygel en colores, 4.8★ vía ML",brand
Papeleria,Invitaciones fisicas,La Fabrika Invitaciones,https://www.lafabrikainvitaciones.com/,,5540367726,CDMX,CDMX,México,Fábrica,Alta,5,Privada Cuatotonque 79 CP 02050,research
Papeleria,Invitaciones fisicas,Paradisa Print,https://paradisaprint.com/,,9999269331,Mérida,Yucatán,México,Ejemplo original,Alta,5,"Ejemplo del cliente — Calle 30 #507 Col. Maya, WA 9991325218",ejemplo_cliente
Papeleria,Invitaciones fisicas,Print The Joy / Tienda de Invitaciones,https://tiendadeinvitaciones.com/,,4444922233,San Luis Potosí,SLP,México,Imprenta,Alta,5,"Envíos nacionales, @PrintTheJoy",research
Papeleria,Invitaciones fisicas,Te Invito,https://te-invito.com.mx/,,5578660556,CDMX,CDMX,México,Digital + evento,Alta,5,Panel RSVP,research
Papeleria,Invitaciones fisicas,Amelia Paper Design,https://www.ameliapaperdesign.com/,,,México,México,México,Ecom,Media,3,"Invitaciones premium con hot stamping, serigrafía artesanal y nombre rotulado a mano; 8 años",research
Papeleria,Invitaciones fisicas,Creear,https://creear.mx/,,,México,México,México,Papelería,Media,2,Bolsas e invitaciones adyacente,research
Papeleria,Invitaciones fisicas,Empapelarte,https://empapelarte.com.mx/,,,México,México,México,Papelería eventos,Media,2,"Invitaciones boda/XV, mayoreo y menudeo",research
Papeleria,Invitaciones fisicas,Event Planner México invitaciones,https://www.eventplannermexico.mx/invitaciones-para-eventos/,,,CDMX,CDMX,México,Agencia + print,Media,3,Hot stamping y lacre,research
Papeleria,Invitaciones fisicas,Imprenta Vintage,https://www.imprentavintage.com/,,,CDMX,CDMX,México,Imprenta,Media,3,"Letterpress, stamping, golpe seco y relieve para invitaciones de boda y eventos",research
Papeleria,Invitaciones fisicas,Invitaciones fisicas (ejemplo original),https://paradisaprint.com/,,,,,México,Ejemplo original,Media,2,Seed del cliente,ejemplo_cliente
Papeleria,Invitaciones fisicas,Invitación MX,https://invitacionmx.com/,,,México,México,México,Web + física,Media,2,Bodas XV bautizos,research
Papeleria,Invitaciones fisicas,InvitameOK,https://invitameok.com/,,,México,México,México,Ecom,Media,3,"Invitaciones digitales boda/XV con confirmación, mesa de regalos y panel de invitados",research
Papeleria,Invitaciones fisicas,La Invitación de Liana,https://www.lainvitaciondeliana.com/,,,México,México,México,Ecom,Media,3,"Invitaciones de boda pintadas a mano con acuarela, sobres premium",research
Papeleria,Invitaciones fisicas,Samsara Invitaciones,https://www.samsarainvitaciones.com.mx/,,,México,México,México,Imprenta eventos,Media,2,"Bodas, XV, hot stamping, empresariales",research
Belleza,Jabones y shampoos,Bam Boo! Lifestyle,https://www.bamboolifestyle.com.mx/,onnearrss@gmail.com,5579388337,CDMX,CDMX,México,Marca,Alta,9,"Jabones artesanales 100g con carbón activado, chocomenta, miel y avena; packs de mayoreo",research
Belleza,Jabones y shampoos,BioAlei Guadalajara,https://www.jabonesartesanales.com.mx/,,36596819,Guadalajara,Jalisco,México,Sucursal,Alta,5,BioAlei GDL; WhatsApp 331 539 8154,research
Belleza,Jabones y shampoos,BioAlei Mérida,https://www.jabonesartesanales.com.mx/,,9991950922,Mérida,Yucatán,México,Sucursal,Alta,5,"Tienda BioAlei Montejo, Mérida",research
Belleza,Jabones y shampoos,Jabones Artesanales BioAlei,https://www.jabonesartesanales.com.mx/,,5526486262,CDMX,CDMX,México,Fabricante,Alta,6,"Jabones decorativos y aromaterapia; tiendas CDMX, Mérida, Puebla, Chiapas y GDL; amenidades para hoteles",research
Belleza,Jabones y shampoos,Jabones Ordaz,https://www.jabonesartesanalesordaz.net/,ventas@jabonesartesanalesordaz.net,5536169938,CDMX,CDMX,México,Fabricante,Alta,9,"Fabricante de jabones artesanales; Avena 161, Granjas Esmeralda, Iztapalapa",research
Belleza,Jabones y shampoos,MEIDU México,https://www.meidu.com.mx/,,5511336665,CDMX,CDMX,México,Marca,Alta,6,Shampoo con tinte y cuidado capilar,research
Belleza,Jabones y shampoos,Productos Möe,https://www.productosmoe.com/,,3330365447,Zapopan,Jalisco,México,Fabricante,Alta,6,"Jabones, shampoo sólido y velas de soja; maquila y mayoreo con marca personal; Río Tuxpan 1049",research
Belleza,Jabones y shampoos,Rizos Mexicanos (ejemplo),https://www.rizosmexicanos.com/,,5514718602,CDMX,CDMX,México,Ejemplo original,Alta,5,Ejemplo del cliente — shampoos y jabones,ejemplo_cliente
Belleza,Jabones y shampoos,Amazon MX jabones artesanales,https://www.amazon.com.mx/s?k=jabones+artesanales,,,México,México,México,Marketplace,Media,2,Sellers de jabones artesanales,research
Belleza,Jabones y shampoos,Bianni Revolution,,,5573661570,CDMX,CDMX,México,Marca,Media,4,"Jabones artesanales mayoreo; Carmen 24 y Correo Mayor 12 local 102, Centro CDMX",research
Belleza,Jabones y shampoos,BioAlei Puebla,https://www.jabonesartesanales.com.mx/,,,Puebla,Puebla,México,Sucursal,Media,3,Rosendo Márquez 2501 local B,research
Belleza,Jabones y shampoos,Etsy México jabones,https://www.etsy.com/mx/market/jabones_artesanales,,,México,México,México,Marketplace,Media,2,Vendedores de jabones artesanales MX,research
Belleza,Jabones y shampoos,Jabones Artesanales Eclipse,https://jabones-artesanales-eclipse.ueniweb.com/,,,CDMX,CDMX,México,Tienda,Media,3,"Jabones artesanales; Revolución Social 48, Iztapalapa; cobertura CDMX y Texmelucan",research
Belleza,Jabones y shampoos,Jabones Artesanales Puebla,https://jabonesartesanalespuebla.com.mx/,,,Puebla,Puebla,México,Fabricante,Media,4,"Jabones 100% naturales; Cam. al Batán 44, Villa Satélite Calera",research
Belleza,Jabones y shampoos,Jabones y shampoos (ejemplo original),https://www.rizosmexicanos.com/,,,,,México,Ejemplo original,Media,2,Seed del cliente,ejemplo_cliente
Belleza,Jabones y shampoos,Jabón de Zorro D'Avi,https://www.jabondezorro.com/,,,México,México,México,Fabricante,Media,3,Champú sólido ecológico y jabones artesanales; venta por mayor y menor,research
Belleza,Jabones y shampoos,Laguna Cyprien,https://lagunacyprien.mx/,,,México,México,México,Marca,Media,3,"Shampoo sólido y jabones sin sulfatos ni plásticos, hechos en México",research
Belleza,Jabones y shampoos,Mar Amoli,https://www.amoli.mx/,,,México,México,México,Fabricante,Media,3,"Jabones artesanales, shampoo y acondicionador sólidos, cremas y bálsamos; catálogo mayoreo con envíos nacionales",research
Belleza,Jabones y shampoos,Mercado Libre jabones mayoreo,https://listado.mercadolibre.com.mx/jabones-artesanales-mayoreo,,,México,México,México,Marketplace,Media,2,Mayoreo de jabones artesanales,research
Belleza,Jabones y shampoos,Moldemanía,https://www.moldemania.com/,,,CDMX,CDMX,México,Insumos,Media,3,"Tienda de moldes e insumos para velas, jabones y repostería; Mesones 75 y 138D, CDMX",research
Belleza,Jabones y shampoos,OnlyShop México,https://www.onlyshop.com.mx/,,,México,México,México,Ecom,Media,3,Shampoo tinte cubre canas jengibre 500ml,research
Belleza,Jabones y shampoos,Onneageld (distribuidor Bam Boo),https://onneageld.com.mx/,,,México,México,México,Distribuidor,Media,3,Distribuidor de Bam Boo! Lifestyle: 20 pack mix jabones mayoreo,research
Belleza,Jabones y shampoos,Tienda Naturista El Mundo Natural,https://www.elmundonatural.com.mx/,,,CDMX,CDMX,México,Retail,Media,3,Tienda naturista con jabones y shampoo natural,brand
Belleza,Jabones y shampoos,Walmart México jabones,https://www.walmart.com.mx/,,,CDMX,CDMX,México,Retail,Media,3,Vende jabones de tocador y shampoo,brand
Belleza,Jabones y shampoos,Avellana Beauty Eco Boutique,,,,México,México,México,Marca,Baja,1,Shampoo sólido anti-canas,brand
Belleza,Jabones y shampoos,Gran Naturista,,,,CDMX,CDMX,México,Retail,Baja,1,Cadena de tiendas naturistas,brand
Belleza,Jabones y shampoos,Kaisasa,,,,México,México,México,Marca,Baja,1,"Shampoo con tinte cubre canas, 4.7★ vía ML",brand
Belleza,Jabones y shampoos,Lu'um Nuestra Tierra,,,,México,México,México,Marca,Baja,1,Shampoo matizante de canas sólido,brand
Belleza,Jabones y shampoos,Raíces Co,,,,México,México,México,Marca,Baja,1,Shampoo sólido anti-canas de nogal,brand
Juguetes,Juguetes sensoriales mayoreo,AIPAI Cositas,https://aipaicositas.com/,cositas.aipai@gmail.com,5522657691,CDMX,CDMX,México,Ecom,Alta,9,Juguetes didácticos y sensoriales,research
Juguetes,Juguetes sensoriales mayoreo,D'Toys,http://www.dtoys.com.mx/,,3318809509,Guadalajara,Jalisco,México,Mayoreo,Alta,6,"Distribuidor mayorista de juguetes; C. José Fernando Abascal 157, San Juan de Dios; mín. $1,000",research
Juguetes,Juguetes sensoriales mayoreo,Grupo Educar,https://grupoeducar.com.mx/,,5514036115,CDMX,CDMX,México,Fabricante,Alta,6,Material didáctico y juguetes educativos,research
Juguetes,Juguetes sensoriales mayoreo,Ideas Hands / Casa Didáctica,https://www.ideashands.com.mx/,ventas@casadidactica.com,2222998488,Puebla,Puebla,México,Fabricante,Alta,9,Fabricante y distribuidor autorizado de juguetes educativos; mayoristas y distribuidores,research
Juguetes,Juguetes sensoriales mayoreo,Mayoreo Didáctico (ejemplo),https://www.mayoreodidactico.mx/,monica@mayoreodidactico.mx,8189891980,Monterrey,Nuevo León,México,Ejemplo original,Alta,8,"Ejemplo del cliente — juguetes sensoriales, Montessori y didácticos por mayoreo",ejemplo_cliente
Juguetes,Juguetes sensoriales mayoreo,Toys 2 Teach,https://www.toys2teach.mx/,,5565854337,CDMX,CDMX,México,Fabricante,Alta,6,30+ años; fabricante de mobiliario escolar y juguetes didácticos; 5 plantas; atiende mayoristas,research
Juguetes,Juguetes sensoriales mayoreo,XMajo Didácticos,https://xmajodidacticos.com/,info@xmajodidacticos.com,8117537880,Monterrey,Nuevo León,México,Ecom,Alta,9,"Material didáctico y sensorial; +1,000 productos; envíos MX",research
Juguetes,Juguetes sensoriales mayoreo,Amazon MX fidget mayoreo,https://www.amazon.com.mx/fidget-toys-mayoreo/s?k=fidget+toys+mayoreo,,,México,México,México,Marketplace,Media,2,Sellers de fidget toys por mayoreo,research
Juguetes,Juguetes sensoriales mayoreo,BOJA Sensory,https://www.amazon.com.mx/,,,México,México,México,Marca,Media,3,Kit 40 pzs fidget toys sensoriales vía Amazon MX,brand
Juguetes,Juguetes sensoriales mayoreo,Coconini,https://www.coconini.com.mx/,,,México,México,México,Ecom,Media,3,Juguetes y estimulación temprana,research
Juguetes,Juguetes sensoriales mayoreo,DAQI,https://www.amazon.com.mx/,,,México,México,México,Marca,Media,3,Fidget toys 64 pack vía Amazon MX,brand
Juguetes,Juguetes sensoriales mayoreo,Distribuidora Mesones,,,5656770570,CDMX,CDMX,México,Mayoreo,Media,4,"Distribuidora de juguetes en Mesones, Centro CDMX",research
Juguetes,Juguetes sensoriales mayoreo,Educactivity,https://educactivity.mx/,,,México,México,México,Fabricante,Media,3,"Red de distribuidores de juguetes educativos y material didáctico; mín. $3,000; márgenes 30-40%",research
Juguetes,Juguetes sensoriales mayoreo,ELE-GATE,https://www.ele-gate.com/,,,CDMX,CDMX,México,Mayoreo,Media,4,Pop It fidget toys y accesorios al mayoreo; sección 'Mayoreo',research
Juguetes,Juguetes sensoriales mayoreo,JAVI TOYS,https://javitoys.mx/,,,México,México,México,Ecom,Media,3,"Kits de fidget toys: squishy, oruga, pop tube, pelota antiestrés y slime",research
Juguetes,Juguetes sensoriales mayoreo,Juguetes sensoriales mayoreo (ejemplo original),https://www.mayoreodidactico.mx/,,,,,México,Ejemplo original,Media,2,Seed del cliente,ejemplo_cliente
Juguetes,Juguetes sensoriales mayoreo,Juguetron,https://www.juguetron.com.mx/,,,México,México,México,Retail,Media,2,Juguetería en línea,brand
Juguetes,Juguetes sensoriales mayoreo,Liverpool juguetes,https://www.liverpool.com.mx/,,,CDMX,CDMX,México,Retail,Media,3,Vende juguetes didácticos,brand
Juguetes,Juguetes sensoriales mayoreo,Mercado Libre fidget,https://listado.mercadolibre.com.mx/fidget-toys-mayoreo,,,México,México,México,Marketplace,Media,2,Mayoreo de fidget y pop it,research
Juguetes,Juguetes sensoriales mayoreo,MNNHQ,https://www.amazon.com.mx/,,,México,México,México,Marca,Media,3,36 pack squishy mochi vía Amazon MX,brand
Juguetes,Juguetes sensoriales mayoreo,Newpop,https://www.amazon.com.mx/,,,México,México,México,Marca,Media,3,Pop tubes 24 pzs vía Amazon MX,brand
Juguetes,Juguetes sensoriales mayoreo,Pepe Toys,,,,Guadalajara,Jalisco,México,Mayoreo,Media,2,"Distribuidor mayorista GDL de juguetes y papelería; envíos nacionales; mín. $2,000",research
Juguetes,Juguetes sensoriales mayoreo,Teng Da Tepito,,,,CDMX,CDMX,México,Mayoreo,Media,2,"Mayoreo de juguetes en Tepito, CDMX",research
Juguetes,Juguetes sensoriales mayoreo,Toiki,https://toiki.mx/,,,Guadalajara,Jalisco,México,Mayoreo,Media,4,Juguetes y artículos por mayoreo en GDL,research
Juguetes,Juguetes sensoriales mayoreo,TOYGON,https://www.amazon.com.mx/,,,México,México,México,Marca,Media,3,Kit 2 pzs pop it con llavero vía Amazon MX,brand
Juguetes,Juguetes sensoriales mayoreo,Toymark,,,,CDMX,CDMX,México,Fabricante,Media,2,"Empresa mexicana de fabricación, importación y distribución de juguetes por mayoreo por caja",research
Juguetes,Juguetes sensoriales mayoreo,Walmart México juguetes,https://www.walmart.com.mx/,,,CDMX,CDMX,México,Retail,Media,3,Vende juguetes sensoriales y pop it,brand
Juguetes,Juguetes sensoriales mayoreo,XJZWHN,https://www.amazon.com.mx/,,,México,México,México,Marca,Media,3,Cubos de fidget antiestrés vía Amazon MX,brand
Juguetes,Juguetes sensoriales mayoreo,ZHEYU / Kulome,https://www.amazon.com.mx/,,,México,México,México,Marca,Media,3,Pop It electrónico antiestrés vía Amazon MX,brand
Juguetes,Juguetes sensoriales mayoreo,B-Toys,,,,México,México,México,Mayoreo,Baja,1,Juguetes de marca por mayoreo para bebés y preescolar,research
Juguetes,Juguetes sensoriales mayoreo,BM Toys México,,,,México,México,México,Mayoreo,Baja,1,Mayoreo de juguetes,research
Juguetes,Juguetes sensoriales mayoreo,Juguetería La Loba,,,,México,México,México,Mayoreo,Baja,1,"Mayoreo de juguetes: didácticos, educativos, montables, rompecabezas y juegos de mesa",research
Juguetes,Juguetes sensoriales mayoreo,Julio Cepeda Juguetes,,,,México,México,México,Retail,Baja,,Juguetería y distribuidor,brand
Juguetes,Juguetes sensoriales mayoreo,Mayoreo de Juguete,,,,México,México,México,Mayoreo,Baja,1,"Juguetes de marca al mayoreo directo de fábrica (Mattel, Hasbro, Spin Master)",research
Juguetes,Juguetes sensoriales mayoreo,Promeyco,,,,México,México,México,Fabricante,Baja,1,"Fabrica y distribuye juguetes al mayoreo: patines, triciclos, carros montables y andaderas",research
Juguetes,Juguetes sensoriales y terapeuticos,AIPAI Cositas,https://aipaicositas.com/,cositas.aipai@gmail.com,5522657691,Guadalajara,Jalisco,México,Montessori/Waldorf,Alta,8,Alejandro 3296 Vallarta San Jorge,research
Juguetes,Juguetes sensoriales y terapeuticos,Edudak / Casa Didáctica,https://www.ideashands.com.mx/,ventas@casadidactica.com,2222998488,Puebla,Puebla,México,Fabricante,Alta,9,Fabricante y distribuidor autorizado de juguetes educativos; mayoreo y distribución,research
Juguetes,Juguetes sensoriales y terapeuticos,Grupo Educar,https://grupoeducar.com.mx/,,5514036115,CDMX,CDMX,México,Juguetes + mobiliario,Alta,5,Fresno 133 Santa María la Ribera,research
Juguetes,Juguetes sensoriales y terapeuticos,Ideas Hands / Casa Didáctica,https://www.ideashands.com.mx/,ventas@casadidactica.com,2222998488,Querétaro,Querétaro,México,Fabricante/distribuidor,Alta,9,"Juguetes educativos, WhatsApp 7911131839",research
Juguetes,Juguetes sensoriales y terapeuticos,Mayoreo Didáctico,https://www.mayoreodidactico.mx/,monica@mayoreodidactico.mx,8189891980,Monterrey,NL,México,Mayoreo,Alta,9,"Sensoriales, antiestrés, envíos MX y USA — Zaragoza 410 Centro",research
Juguetes,Juguetes sensoriales y terapeuticos,Mi Alegría,https://www.facebook.com/mialegriacdmx/,,5551801240,CDMX,CDMX,México,Fabricante,Alta,6,60+ años fabricando juguetes didácticos y científicos MX,brand
Juguetes,Juguetes sensoriales y terapeuticos,Toys2Teach,https://www.toys2teach.mx/,,5565854337,CDMX,CDMX,México,Fábrica escolar,Alta,5,Petén 555 Letrán Valle,research
Juguetes,Juguetes sensoriales y terapeuticos,XMajo Didácticos,https://xmajodidacticos.com/,info@xmajodidacticos.com,8117537880,Monterrey,NL,México,Retail educativo,Alta,8,"Montessori, TEA, Simón Bolívar Sur 127 Chepevera",research
Juguetes,Juguetes sensoriales y terapeuticos,BM Toys México,,,,CDMX,CDMX,México,Mayoreo,Media,2,"Plaza Izazaga 89-748 y 151 PB-077, Colombia 78",research
Juguetes,Juguetes sensoriales y terapeuticos,Coconini,https://www.coconini.com.mx/,,,México,México,México,Ejemplo original,Media,2,Ejemplo del cliente — juguetes sensoriales y libros,ejemplo_cliente
Juguetes,Juguetes sensoriales y terapeuticos,D'Toys,http://www.dtoys.com.mx/,,,Guadalajara,Jalisco,México,Mayoreo juguetes,Media,4,Distribuidor GDL cobertura nacional,research
Juguetes,Juguetes sensoriales y terapeuticos,Distribuidora Mesones juguetes,,,5656770570,CDMX,CDMX,México,Mayoreo económico,Media,4,"Mesones 111-B, envíos >$2500",research
Juguetes,Juguetes sensoriales y terapeuticos,Juguetes sensoriales y terapeuticos (ejemplo original),https://www.coconini.com.mx/,,,,,México,Ejemplo original,Media,2,Seed del cliente,ejemplo_cliente
Juguetes,Juguetes sensoriales y terapeuticos,JuguetiBici,https://juguetibici.com/,,,México,México,México,Ecom,Media,3,"Tienda en línea con línea Mi Alegría: didácticos, rompecabezas y manualidades",research
Juguetes,Juguetes sensoriales y terapeuticos,Ponlly,https://gcmebrat.com.mx/ponlly,,,México,México,México,Ecom,Media,3,"Tienda especializada en sensoriales TDAH/Autismo/estrés; push bubble, discos de equilibrio",research
Juguetes,Juguetes sensoriales y terapeuticos,Teng Da Tepito,,,,CDMX,CDMX,México,Mayoreo centro,Media,2,"Héroe de Granaditas 171 loc 47-50, desde 1 pza",research
Juguetes,Juguetes sensoriales y terapeuticos,teytoy,https://www.amazon.com.mx/,,,México,México,México,Marca,Media,3,Juguetes Montessori y sensoriales para bebés vía Amazon MX,brand
Juguetes,Juguetes sensoriales y terapeuticos,Toiki mayoreo GDL,https://toiki.mx/,,,Guadalajara,Jalisco,México,Mayoreo juguetes,Media,4,#1 mayoreo ZMG,research
Juguetes,Juguetes sensoriales y terapeuticos,Clínica SI Interlomas,,,,Huixquilucan,EdoMex,México,Clínica,Baja,1,TO pediátrica,research
Juguetes,Juguetes sensoriales y terapeuticos,Clínica SI San Pedro,,,,San Pedro,NL,México,Clínica,Baja,1,Integración sensorial,research
Juguetes,Juguetes sensoriales y terapeuticos,Clínicas TEA CDMX canal,,,,CDMX,CDMX,México,Canal clínico,Baja,1,Material,research
Juguetes,Juguetes sensoriales y terapeuticos,Clínicas TEA MTY canal,,,,Monterrey,NL,México,Canal clínico,Baja,1,Neurodiversidad,research
Juguetes,Juguetes sensoriales y terapeuticos,Escuelas Montessori CDMX canal,,,,CDMX,CDMX,México,Canal escolar,Baja,1,Material oficial,research
Juguetes,Juguetes sensoriales y terapeuticos,Escuelas Montessori GDL canal,,,,Guadalajara,Jalisco,México,Canal escolar,Baja,1,AIPAI zona,research
Juguetes,Juguetes sensoriales y terapeuticos,Escuelas Montessori MTY canal,,,,Monterrey,NL,México,Canal escolar,Baja,1,XMajo zona,research
Juguetes,Juguetes sensoriales y terapeuticos,Gimnasio sensorial Cumbres,,,,Monterrey,NL,México,Gimnasio SI,Baja,1,Terapia,research
Juguetes,Juguetes sensoriales y terapeuticos,Gimnasio sensorial Providencia,,,,Guadalajara,Jalisco,México,Gimnasio SI,Baja,1,Terapia,research
Juguetes,Juguetes sensoriales y terapeuticos,Gimnasio sensorial Satélite,,,,Naucalpan,EdoMex,México,Gimnasio SI,Baja,1,Terapia,research
Juguetes,Juguetes sensoriales y terapeuticos,Montessori Coyoacán,,,,CDMX,CDMX,México,Escuela,Baja,1,Compra material,research
Libros,Libros de coleccion,Librero en Andanzas,https://libreroenandanzas.com/,contacto@libreroenandanzas.com,5580820431,CDMX,CDMX,México,Ecom,Alta,9,"Libros raros, usados y de colección; CDMX/GDL/Pachuca; compra bibliotecas",research
Libros,Libros de coleccion,Valis Libros Raros,https://valislibrosraros.com/,librosvalis@gmail.com,5579627932,CDMX,CDMX,México,Ecom,Alta,9,"Libros raros, antiguos y firmados; envíos nacionales e internacionales",research
Libros,Libros de coleccion,Amazon MX libros colección,https://www.amazon.com.mx/s?k=libros+de+coleccion,,,México,México,México,Marketplace,Media,2,Sellers de libros de colección,research
Libros,Libros de coleccion,Buscalibre México,https://www.buscalibre.com.mx/,,,CDMX,CDMX,México,Ecom,Media,4,"Libros nuevos y usados, marketplace editorial",research
Libros,Libros de coleccion,eBay libros colección,https://www.ebay.com/b/Antiquarian-Collectible-Books-in-Spanish/29223/bn_43492545,,,,,México,Marketplace,Media,2,Vendedores de libros antiguos en español,research
Libros,Libros de coleccion,Educal,https://www.educal.com.mx/,,,CDMX,CDMX,México,Retail,Media,3,Red de librerías del Estado,brand
Libros,Libros de coleccion,El Péndulo,https://pendulo.com/,,,CDMX,CDMX,México,Retail,Media,3,"Librerías con cafetería, CDMX",brand
Libros,Libros de coleccion,El Sótano,https://www.elsotano.com/,,,CDMX,CDMX,México,Retail,Media,3,Librería y papelería,brand
Libros,Libros de coleccion,Fondo de Cultura Económica,https://www.fondodeculturaeconomica.com/,,,CDMX,CDMX,México,Editorial,Media,3,Editorial estatal con librerías propias,brand
Libros,Libros de coleccion,Gandhi,https://www.gandhi.com.mx/,,,CDMX,CDMX,México,Retail,Media,3,Cadena de librerías y edición,brand
Libros,Libros de coleccion,Iberlibro,https://www.iberlibro.com/,,,,,México,Marketplace,Media,2,Marketplace de libros raros y usados (vendedores MX),research
Libros,Libros de coleccion,Librero en Andanzas GDL,https://libreroenandanzas.com/,,,Guadalajara,Jalisco,México,Sucursal,Media,3,"López Cotilla 805 esq. Rayón, Americana",research
Libros,Libros de coleccion,Librero en Andanzas Pachuca,https://libreroenandanzas.com/,,,Pachuca,Hidalgo,México,Sucursal,Media,3,"Av. Juárez 102, Centro",research
Libros,Libros de coleccion,Librerías Gonvill,https://gonvill.com.mx/,,,Guadalajara,Jalisco,México,Retail,Media,3,Cadena de librerías del occidente,brand
Libros,Libros de coleccion,Libros de coleccion (ejemplo original),https://www.penguinlibros.com/mx/,,,,,México,Ejemplo original,Media,2,Seed del cliente,ejemplo_cliente
Libros,Libros de coleccion,Mercado Libre libros usados,https://listado.mercadolibre.com.mx/libros-usados,,,México,México,México,Marketplace,Media,2,Libros usados y de colección,research
Libros,Libros de coleccion,Penguin Libros MX (ejemplo),https://www.penguinlibros.com/mx/,,,CDMX,CDMX,México,Ejemplo original,Media,3,Ejemplo del cliente — editorial y librería en línea,ejemplo_cliente
Libros,Libros de coleccion,Porrúa,https://porrua.mx/,,,CDMX,CDMX,México,Retail,Media,3,Librería y editorial histórica,brand
Libros,Libros de coleccion,Subastas Morton,https://morton.com.mx/,,,CDMX,CDMX,México,Subasta,Media,3,"Subastas de arte, libros y piezas de colección",research
Libros,Libros de coleccion,Librería El Hallazgo,,,,CDMX,CDMX,México,Librería de viejo,Baja,1,"Libros raros, usados, nuevos y de ocasión; desde 1996, Col. Roma",research
Libros,Libros de coleccion,Librería Jorge Cuesta,,,,CDMX,CDMX,México,Librería de viejo,Baja,1,Del mismo fundador de El Hallazgo; compra/venta de libros,research
Libros,Libros de coleccion,Libros Prohibidos,,,,CDMX,CDMX,México,Librería de viejo,Baja,1,"Librería de usados y curiosidades editoriales, CDMX",research
Belleza,Maquillaje artistico,Academia Azul Ultravioleta,https://academia-azul-ultravioleta.ueniweb.com/,,3310935138,Guadalajara,Jalisco,México,Academia,Alta,5,Hacienda Huescalapa 1818 — maquillaje profesional,research
Belleza,Maquillaje artistico,Academia Bonds,https://www.bondsboutique.com.mx/pages/academia-bonds,ventas@bondsboutique.com.mx,5555585862,CDMX,CDMX,México,Academia artística,Alta,8,"Bodypaint, facepaint, FX y caracterización",research
Belleza,Maquillaje artistico,Adhesivos teatrales Bonds,https://www.bondsboutique.com.mx/,,5555585862,CDMX,CDMX,México,Insumos FX,Alta,5,Spirit gum y adhesivos,research
Belleza,Maquillaje artistico,Aqua Bonds colores mate,https://www.bondsboutique.com.mx/,ventas@bondsboutique.com.mx,5555585862,CDMX,CDMX,México,Marca propia,Alta,9,Face paint aqua MX,research
Belleza,Maquillaje artistico,Aquacolor paletas MX,https://www.artistcity.com.mx/,,(55) 3547-6444,CDMX,CDMX,México,Producto clave,Alta,5,Aqua 6/12/24,research
Belleza,Maquillaje artistico,Artist City,https://www.artistcity.com.mx/,,(55) 3547-6444,CDMX,CDMX,México,Tienda profesional,Alta,5,"Distribuidor exclusivo Kryolan MX, Roma Norte",research
Belleza,Maquillaje artistico,Artist City caracterización FX,https://www.artistcity.com.mx/,,(55) 3547-6444,CDMX,CDMX,México,Insumos FX,Alta,5,"Prostéticos, calvas, dientes, pupilentes FX",research
Belleza,Maquillaje artistico,Artist City glitter y pedrería,https://www.artistcity.com.mx/,,(55) 3547-6444,CDMX,CDMX,México,Insumos artísticos,Alta,5,Glitter cosmético y pedrería corporal,research
Belleza,Maquillaje artistico,Artist City peluquería teatral,https://www.artistcity.com.mx/,,(55) 3547-6444,CDMX,CDMX,México,Peluquería teatral,Alta,5,"Pelucas, postizos, barbas, bigotes",research
Belleza,Maquillaje artistico,Artist City sucursal Roma,https://www.artistcity.com.mx/,,(55) 3547-6444,CDMX,CDMX,México,Sucursal,Alta,5,Jalapa 119 Col. Roma,research
Belleza,Maquillaje artistico,Belly paint maternidad CDMX,https://helios-body-paint.ueniweb.com/,,5527156654,CDMX,CDMX,México,Servicio artístico,Alta,5,Bellypaint y sesión foto,research
Belleza,Maquillaje artistico,Bodyart Productos,,bodyartproductos@gmail.com,5554703792,CDMX,CDMX,México,Marca body paint,Alta,7,Producto profesional para body paint y caracterización,research
Belleza,Maquillaje artistico,Bond's Boutique,https://www.bondsboutique.com.mx/,ventas@bondsboutique.com.mx,5555585862,CDMX,CDMX,México,Tienda artística,Alta,8,"Body paint, face paint, payasos, Mehron — Venustiano Carranza",research
Belleza,Maquillaje artistico,Bonds Boutique sucursal Puebla metro,https://www.bondsboutique.com.mx/,ventas@bondsboutique.com.mx,5555585862,CDMX,CDMX,México,Sucursal,Alta,8,Calle 61 #122 Col. Puebla,research
Belleza,Maquillaje artistico,Bésame Mucho Make Up Academy,https://www.facebook.com/,,8134705608,Monterrey,NL,México,Academia,Alta,5,Blvd Puerta del Sol 526 Colinas San Jerónimo,research
Belleza,Maquillaje artistico,Calvas Glatzan MX,https://www.artistcity.com.mx/,,(55) 3547-6444,CDMX,CDMX,México,Insumos FX,Alta,5,Gorras plásticas teatrales,research
Belleza,Maquillaje artistico,Camerino Makeup & Academy,https://camerino.mx/,camerino_makeup@live.com.mx,8119358833,Monterrey,NL,México,Academia,Alta,8,10a Avenida 503 Cumbres 1er sector,research
Belleza,Maquillaje artistico,Caracterización ballet / danza CDMX,https://www.artistcity.com.mx/,,(55) 3547-6444,CDMX,CDMX,México,Danza + makeup,Alta,5,Insumos para bailarines,research
Belleza,Maquillaje artistico,Cera moldeable cine MX,https://www.artistcity.com.mx/,,(55) 3547-6444,CDMX,CDMX,México,Insumos FX,Alta,5,Cine-wax y special plastic,research
Belleza,Maquillaje artistico,Clown White Supracolor MX,https://www.artistcity.com.mx/,,(55) 3547-6444,CDMX,CDMX,México,Producto clave,Alta,5,Blanco payaso/teatro,research
Belleza,Maquillaje artistico,Color Spray / Glitter Spray Kryolan,https://themakeupcenter.com/,,5565491471,CDMX,CDMX,México,Producto clave,Alta,5,Sprays artísticos,research
Belleza,Maquillaje artistico,Comienza la Función,https://www.comienzalafuncion.com.mx/,,5555213037,CDMX,CDMX,México,Tienda teatral,Alta,5,Vestuario y maquillaje de escena,research
Belleza,Maquillaje artistico,Dermacolor camuflaje MX,https://themakeupcenter.com/,ventas@themakeupc.com,5565491471,CDMX,CDMX,México,Producto clave,Alta,8,Camuflaje profesional,research
Belleza,Maquillaje artistico,Disfraces + makeup Party Zone,https://www.partyzonedisfraces.com/,,7228642693,Toluca,EdoMex,México,Canal cruzado,Alta,5,Accesorios creativos,research
Belleza,Maquillaje artistico,Disfraces DePeli makeup,https://disfracesdepeli.com/,contacto@disfracesdepeli.com,5583935960,CDMX,CDMX,México,Tienda + makeup,Alta,8,Maquillaje Halloween y caracterización,research
Belleza,Maquillaje artistico,El Famundi maquillaje,https://www.elfamundi.com.mx/,,5555525294,CDMX,CDMX,México,Tienda disfraz + makeup,Alta,5,Maquillaje para disfraces y caracterización,research
Belleza,Maquillaje artistico,Esponjas stipple profesionales,https://www.bondsboutique.com.mx/,,5555585862,CDMX,CDMX,México,Herramientas,Alta,5,Aplicadores face/body,research
Belleza,Maquillaje artistico,Fixing Spray Kryolan MX,https://themakeupcenter.com/,ventas@themakeupc.com,5565491471,CDMX,CDMX,México,Producto clave,Alta,8,Fijador profesional,research
Belleza,Maquillaje artistico,FX dentadura teatral Artist City,https://www.artistcity.com.mx/,,(55) 3547-6444,CDMX,CDMX,México,Insumos FX,Alta,5,Dientes postizos y esmalte dental,research
Belleza,Maquillaje artistico,Glitter Glow Bonds,https://www.bondsboutique.com.mx/,,5555585862,CDMX,CDMX,México,Insumos glitter,Alta,5,Crema y polvo glitter,research
Belleza,Maquillaje artistico,Glo Makeup Studio MTY,https://glomakeupstudio.com/,,8113608781,Monterrey,NL,México,Academia + estudio,Alta,5,Paseo de los Leones 157 Local 16 Cumbres,research
Belleza,Maquillaje artistico,Graftobian México TMC,https://themakeupcenter.com/,ventas@themakeupc.com,5565491471,CDMX,CDMX,México,Marca teatral,Alta,9,Distribución The Makeup Center,research
Belleza,Maquillaje artistico,Grupo Azalie / Marifer CDMX,https://grupoazalie.com.mx/marcas/mary-fer-cosmetics/,,5557022955,CDMX,CDMX,México,Mayoreo beauty,Alta,6,República de Bolivia 55 Pasaje Colombia,research
Belleza,Maquillaje artistico,Helios Body Paint,https://helios-body-paint.ueniweb.com/,,5527156654,CDMX,CDMX,México,Estudio + producto,Alta,5,"Bodypaint, teatral, FX cine, carnaval, catrinas",research
Belleza,Maquillaje artistico,Hollywood Makeup TMC,https://themakeupcenter.com/,ventas@themakeupc.com,5565491471,CDMX,CDMX,México,Marca profesional,Alta,9,Línea Hollywood,research
Belleza,Maquillaje artistico,Jeffree Star Cosmetics MX TMC,https://themakeupcenter.com/,,5565491471,CDMX,CDMX,México,Marca color,Alta,6,Retail profesional,research
Belleza,Maquillaje artistico,Kryolan Aquacolor extra puntos venta,https://www.artistcity.com.mx/,,(55) 3547-6444,CDMX,CDMX,México,Distribución,Alta,5,Body paint,research
Belleza,Maquillaje artistico,Kryolan Professional Makeup MX,https://www.artistcity.com.mx/shop/category/maquillaje-kryolan-575,,(55) 3547-6444,CDMX,CDMX,México,Marca teatral,Alta,6,"Supracolor, Aquacolor, Dermacolor, TV Paint Stick",research
Belleza,Maquillaje artistico,La Casita de Disfraces makeup,http://lacasitadedisfraces.com.mx/,,5555986267,CDMX,CDMX,México,Tienda + makeup,Alta,5,"Maquillaje, máscaras y complementos",research
Belleza,Maquillaje artistico,La Festa maquillaje,https://lafestadisfraces.com/,contacto@lafestadisfraces.com,5552607406,CDMX,CDMX,México,Tienda + makeup,Alta,8,Accesorios y maquillaje de disfraz,research
Belleza,Maquillaje artistico,Látex FX CDMX,https://www.bondsboutique.com.mx/,,5555585862,CDMX,CDMX,México,Insumos FX,Alta,5,"Látex, cera moldeable, sangre",research
Belleza,Maquillaje artistico,Makeup Center sucursal Roma,https://themakeupcenter.com/,info@themakeupc.com,5519118238,CDMX,CDMX,México,Sucursal,Alta,8,Oaxaca 116 Roma Norte,research
Belleza,Maquillaje artistico,Maquillaje social + artístico bodas,https://helios-body-paint.ueniweb.com/,,5527156654,CDMX,CDMX,México,Servicio eventos,Alta,5,Beauty y artístico,research
Belleza,Maquillaje artistico,Marifer Cosmetics TMC,https://themakeupcenter.com/,,5565491471,CDMX,CDMX,México,Marca MX,Alta,6,Línea nacional en TMC,research
Belleza,Maquillaje artistico,Mehron México vía Bonds,https://www.bondsboutique.com.mx/,ventas@bondsboutique.com.mx,5555585862,CDMX,CDMX,México,Distribuidor Mehron,Alta,9,"Paradise AQ, Prisma, Liquid Makeup",research
Belleza,Maquillaje artistico,MF Cosmetics Marifer,https://mfcosmeticos.com/,cosmeticos.marifer@mfcosmeticos.com.mx,3351072853,Guadalajara,Jalisco,México,Marca + tienda,Alta,9,"Centro Magno Local 14, WhatsApp 3311588407",research
Belleza,Maquillaje artistico,Mimos y estatua humana insumos,https://www.bondsboutique.com.mx/,,5555585862,CDMX,CDMX,México,Canal callejero,Alta,5,Blanco teatral y accesorios,research
Belleza,Maquillaje artistico,Narices de payaso Bonds,https://www.bondsboutique.com.mx/,,5555585862,CDMX,CDMX,México,Insumos payaso,Alta,5,Proknows y Bonds,research
Belleza,Maquillaje artistico,Paradise AQ Glitter Mehron,https://www.bondsboutique.com.mx/,,5555585862,CDMX,CDMX,México,Insumos glitter,Alta,5,Glitter aqua profesional,research
Belleza,Maquillaje artistico,Party Zone makeup Toluca,https://www.partyzonedisfraces.com/,,7228642693,Toluca,EdoMex,México,Tienda + makeup,Alta,5,Disfraces y accesorios creativos,research
Belleza,Maquillaje artistico,Payasos Unidos insumos CDMX,https://www.bondsboutique.com.mx/,,5555585862,CDMX,CDMX,México,Canal payaso,Alta,5,Maquillaje y vestuario,research
Belleza,Maquillaje artistico,Pelucas payaso Bonds,https://www.bondsboutique.com.mx/,,5555585862,CDMX,CDMX,México,Peluquería artística,Alta,5,Pelucas y vestuario payaso,research
Belleza,Maquillaje artistico,Pestañas de fantasía Artist City,https://www.artistcity.com.mx/,,(55) 3547-6444,CDMX,CDMX,México,Insumos artísticos,Alta,5,Pestañas FX y fantasía,research
Belleza,Maquillaje artistico,Pinceles Illusion Kryolan,https://www.artistcity.com.mx/,,(55) 3547-6444,CDMX,CDMX,México,Herramientas,Alta,5,Línea Illusion,research
Belleza,Maquillaje artistico,Pinceles Torey Artist City,https://www.artistcity.com.mx/,,(55) 3547-6444,CDMX,CDMX,México,Herramientas,Alta,5,Pincelería teatral,research
Belleza,Maquillaje artistico,Pixie Paint Bonds,https://www.bondsboutique.com.mx/,,5555585862,CDMX,CDMX,México,Insumos glitter,Alta,5,Gel glitter artístico,research
Belleza,Maquillaje artistico,ProAiir extra puntos venta,https://www.bondsboutique.com.mx/,,5555585862,CDMX,CDMX,México,Distribución,Alta,5,Aerógrafo,research
Belleza,Maquillaje artistico,ProAiir México / Bond's,https://www.bondsboutique.com.mx/,ventas@bondsboutique.com.mx,5555585862,CDMX,CDMX,México,Distribuidor aerógrafo,Alta,9,"ProAiir Hybrid, alcohol, tattoo inks",research
Belleza,Maquillaje artistico,Pupilentes FX Artist City,https://www.artistcity.com.mx/,,(55) 3547-6444,CDMX,CDMX,México,Insumos FX,Alta,5,Lentes de contacto teatrales,research
Belleza,Maquillaje artistico,Sangre teatral Bonds,https://www.bondsboutique.com.mx/,,5555585862,CDMX,CDMX,México,Insumos FX,Alta,5,Sangre comestible y de escenario,research
Belleza,Maquillaje artistico,Silly Farm extra puntos venta,https://www.bondsboutique.com.mx/,,5555585862,CDMX,CDMX,México,Distribución,Alta,5,Cakes,research
Belleza,Maquillaje artistico,Stencils pinta caritas Bonds,https://www.bondsboutique.com.mx/,,5555585862,CDMX,CDMX,México,Insumos face paint,Alta,5,Plantillas y esponjas,research
Belleza,Maquillaje artistico,Supracolor paletas MX,https://www.artistcity.com.mx/,,(55) 3547-6444,CDMX,CDMX,México,Producto clave,Alta,5,Paletas 12 y 24,research
Belleza,Maquillaje artistico,The Makeup Center,https://themakeupcenter.com/,ventas@themakeupc.com,5565491471,CDMX,CDMX,México,Academia + tienda,Alta,8,"Kryolan, centros CDMX/EdoMex/MTY/Puebla",research
Belleza,Maquillaje artistico,The Makeup Center EdoMex,https://themakeupcenter.com/,ventas@themakeupc.com,5565491471,EdoMex,EdoMex,México,Sucursal academia,Alta,8,Capacitación y tienda profesional,research
Belleza,Maquillaje artistico,The Makeup Center Monterrey,https://themakeupcenter.com/,ventas@themakeupc.com,5565491471,Monterrey,NL,México,Sucursal academia,Alta,8,Capacitación y tienda profesional,research
Belleza,Maquillaje artistico,The Makeup Center Monterrey Plaza Anáhuac,https://themakeupcenter.com/pages/sucursales-1,ventas@themakeupc.com,8120136471,Monterrey,NL,México,Sucursal tienda,Alta,8,Garza Sada 3001 Local 11,research
Belleza,Maquillaje artistico,The Makeup Center Puebla,https://themakeupcenter.com/,ventas@themakeupc.com,5565491471,Puebla,Puebla,México,Sucursal academia,Alta,8,Capacitación y tienda profesional,research
Belleza,Maquillaje artistico,The Makeup Center Puebla Zavaleta,https://themakeupcenter.com/pages/sucursales-1,ventas@themakeupc.com,2216444282,Puebla,Puebla,México,Sucursal tienda,Alta,8,Calz Zavaleta 1108 Local 121,research
Belleza,Maquillaje artistico,Tu Maquillaje México,https://tumaquillajemexico.com/,loquiero@tumaquillaje.com,6677769123,Culiacán,Sinaloa,México,Tienda profesional,Alta,8,Kryolan — suc. Guadalupe y Las Quintas,research
Belleza,Maquillaje artistico,Tu Maquillaje sucursal Guadalupe,https://tumaquillajemexico.com/pages/ubica-tu-tienda,loquiero@tumaquillaje.com,6677769123,Culiacán,Sinaloa,México,Sucursal,Alta,8,Blvd Ciudades Hermanas 228 Int 6,research
Belleza,Maquillaje artistico,Tu Maquillaje sucursal Las Quintas,https://tumaquillajemexico.com/pages/ubica-tu-tienda,,6677769123,Culiacán,Sinaloa,México,Sucursal,Alta,5,Gran Avenida El Dorado 1216 Plaza 2020,research
Belleza,Maquillaje artistico,TV Paint Stick Kryolan MX,https://themakeupcenter.com/,ventas@themakeupc.com,5565491471,CDMX,CDMX,México,Producto clave,Alta,8,Base en barra cine/TV,research
Belleza,Maquillaje artistico,UV / neón Bonds,https://www.bondsboutique.com.mx/,,5555585862,CDMX,CDMX,México,Insumos UV,Alta,5,Aqua neón y fotoluminiscente,research
Belleza,Maquillaje artistico,Art Inc México,https://www.artincmexico.com/body-paint,,,CDMX,CDMX,México,Servicio profesional,Media,3,Body paint teatro TV cine fotografía eventos masivos,research
Belleza,Maquillaje artistico,Beauty Care Latam,https://beautycarelatam.com.mx/,,,México,México,México,Distribuidor beauty,Media,3,Skincare y maquillaje,research
Belleza,Maquillaje artistico,Beauty Supply CDMX centro,,,,CDMX,CDMX,México,Mayoreo beauty,Media,2,Insumos maquilladores,research
Belleza,Maquillaje artistico,Benefit Cosmetics MX,,,,CDMX,CDMX,México,Marca profesional,Media,2,Retail,brand
Belleza,Maquillaje artistico,Benefit counters MX,,,,CDMX,CDMX,México,Marca pro,Media,2,Retail,brand
Belleza,Maquillaje artistico,Colibrix,https://colibrix.com.mx/productos/,,,CDMX,CDMX,México,Ejemplo original,Media,3,Ejemplo del cliente — maquillaje artístico,ejemplo_cliente
Belleza,Maquillaje artistico,Colibrix tienda productos,https://colibrix.com.mx/productos/,,,México,México,México,Marca D2C,Media,3,Línea de productos artísticos del ejemplo,research
Belleza,Maquillaje artistico,Creature Angel FX,,,7291378344,Zinacantepec,EdoMex,México,Tienda FX,Media,3,Disfraces y caracterización,research
Belleza,Maquillaje artistico,Círculo B beauty,https://circulob.mx/,,,México,México,México,Insumos beauty,Media,2,"Esmaltes y accesorios, canal beauty",research
Belleza,Maquillaje artistico,Disfraces + makeup Mercado de Todos,,,6646217442,Tijuana,BC,México,Canal cruzado,Media,3,Maquillaje y máscaras,research
Belleza,Maquillaje artistico,Disfraces Mercado de Todos makeup,,,6646217442,Tijuana,BC,México,Tienda + makeup,Media,3,"Disfraces, maquillaje, máscaras, magia",research
Belleza,Maquillaje artistico,Don Checo Art,https://www.donchecoart.com/bodypaint,,,México,México,México,Servicio profesional,Media,2,Body paint eventos masivos MX,research
Belleza,Maquillaje artistico,Fiesta kits face paint mayoreo,,,,CDMX,CDMX,México,Mayoreo eventos,Media,2,Kits desechables,research
Belleza,Maquillaje artistico,Inglot México,,,,CDMX,CDMX,México,Marca profesional,Media,2,Freedom System y líneas artísticas,brand
Belleza,Maquillaje artistico,Inglot standalone CDMX,,,,CDMX,CDMX,México,Tienda marca,Media,2,Freedom System,brand
Belleza,Maquillaje artistico,Katia Torres Academy,,,8119316860,Monterrey,NL,México,Academia,Media,3,Av Rodrigo Gómez 335,research
Belleza,Maquillaje artistico,Lagunilla maquillaje y pelucas,,,,CDMX,CDMX,México,Mayoreo popular,Media,2,Pelucas y makeup teatral,research
Belleza,Maquillaje artistico,Lagunilla pelucas FX,,,,CDMX,CDMX,México,Mayoreo popular,Media,2,Peluquería teatral,research
Belleza,Maquillaje artistico,Liverpool Kryolan / pro counter,https://www.liverpool.com.mx/,,,CDMX,CDMX,México,Retail,Media,3,Canal departamental,brand
Belleza,Maquillaje artistico,Liverpool maquillaje profesional,https://www.liverpool.com.mx/,,,CDMX,CDMX,México,Retail,Media,3,Canal departamental,brand
Belleza,Maquillaje artistico,MAC Cosmetics México,https://www.maccosmetics.com.mx/,,,CDMX,CDMX,México,Marca profesional,Media,4,"Retail nacional, menos SME",brand
Belleza,Maquillaje artistico,MAC Pro México,https://www.maccosmetics.com.mx/,,,CDMX,CDMX,México,Canal pro,Media,3,Artistas y backstage,brand
Belleza,Maquillaje artistico,MAC Pro store CDMX,https://www.maccosmetics.com.mx/,,,CDMX,CDMX,México,Tienda marca,Media,4,Artistas,brand
Belleza,Maquillaje artistico,Make Up For Ever México,https://www.makeupforever.com/mx,,,CDMX,CDMX,México,Marca profesional,Media,4,Retail y artistas profesionales,brand
Belleza,Maquillaje artistico,Makeup Forever Academy MX,,,,CDMX,CDMX,México,Academia marca,Media,2,Capacitación profesional,brand
Belleza,Maquillaje artistico,Makeup Forever counter MX,https://www.makeupforever.com/mx,,,CDMX,CDMX,México,Marca pro,Media,4,HD y artístico,brand
Belleza,Maquillaje artistico,Maquillaje artistico (ejemplo original),https://colibrix.com.mx/productos/,,,,,México,Ejemplo original,Media,2,Seed del cliente,ejemplo_cliente
Belleza,Maquillaje artistico,Maquillaje artístico Tijuana,,,6646217442,Tijuana,BC,México,Cluster fronterizo,Media,3,Tiendas de disfraz + makeup,research
Belleza,Maquillaje artistico,MEGA Body Paint México,https://www.facebook.com/MegaBodyPaintMx/,,,CDMX,CDMX,México,Servicio + producto,Media,3,Body paint y maquillaje artístico,research
Belleza,Maquillaje artistico,Mercado de Sonora glitter y aqua,,,,CDMX,CDMX,México,Mayoreo popular,Media,2,Pinta caritas y FX barato,research
Belleza,Maquillaje artistico,Mercado de Sonora maquillaje teatral,,,,CDMX,CDMX,México,Mayoreo popular,Media,2,Insumos disfraz y caracterización,research
Belleza,Maquillaje artistico,Meriti Cosmetics,https://meriticosmetics.com.mx/,,,México,México,México,Marca cosmética,Media,3,Skincare y cosméticos,research
Belleza,Maquillaje artistico,Noëlle Makeup Studio,https://www.noellemakeupstudio.com/tienda-maquillaje-profesional/,,,México,México,México,Tienda profesional,Media,2,"Mehron, Kryolan, Ben Nye, Hysteria FX, Burlesque",research
Belleza,Maquillaje artistico,NYX Professional counters MX,https://www.nyxcosmetics.com.mx/,,,CDMX,CDMX,México,Marca pro,Media,4,Color y FX ligero,brand
Belleza,Maquillaje artistico,NYX Professional Makeup MX,https://www.nyxcosmetics.com.mx/,,,CDMX,CDMX,México,Marca profesional,Media,4,Retail L'Oréal,brand
Belleza,Maquillaje artistico,Palacio de Hierro beauty,https://www.elpalaciodehierro.com/,,,CDMX,CDMX,México,Retail premium,Media,3,Canal departamental,brand
Belleza,Maquillaje artistico,Palacio de Hierro makeup pro,https://www.elpalaciodehierro.com/,,,CDMX,CDMX,México,Retail premium,Media,3,Marcas internacionales,brand
Belleza,Maquillaje artistico,Pinta caritas CDMX eventos,,,5527156654,CDMX,CDMX,México,Servicio eventos,Media,3,Face paint fiestas y corporativos,research
Belleza,Maquillaje artistico,Sanborns beauty,https://www.sanborns.com.mx/,,,CDMX,CDMX,México,Retail,Media,3,Canal nacional,brand
Belleza,Maquillaje artistico,Sephora Antara / Perisur makeup pro,https://www.sephora.com.mx/,,,CDMX,CDMX,México,Retail,Media,3,Marcas artísticas,brand
Belleza,Maquillaje artistico,Sephora México,https://www.sephora.com.mx/,,,CDMX,CDMX,México,Retail beauty,Media,3,Canal de maquillaje profesional,brand
Belleza,Maquillaje artistico,Silly Farm / Fusion Body Art MX,https://www.bondsboutique.com.mx/,,,CDMX,CDMX,México,Distribuidor face paint,Media,4,Arty Cakes y Rainbow Cakes,research
Belleza,Maquillaje artistico,Tepito insumos fiesta makeup,,,,CDMX,CDMX,México,Mayoreo popular,Media,2,Pinta caritas y glitter,research
Belleza,Maquillaje artistico,Tepito pelucas y blanco teatral,,,,CDMX,CDMX,México,Mayoreo popular,Media,2,Payaso y caracterización,research
Belleza,Maquillaje artistico,Urban Decay counters MX,,,,CDMX,CDMX,México,Marca pro,Media,2,Color,brand
Belleza,Maquillaje artistico,Urban Decay México,,,,CDMX,CDMX,México,Marca profesional,Media,2,Retail modern beauty,brand
Belleza,Maquillaje artistico,Academia de maquillaje GDL centro,,,,Guadalajara,Jalisco,México,Academia,Baja,1,Cluster Vallarta / centro,research
Belleza,Maquillaje artistico,Academia de maquillaje Puebla centro histórico,,,,Puebla,Puebla,México,Academia,Baja,1,Social + artístico,research
Belleza,Maquillaje artistico,Aerógrafo makeup CDMX,,,,CDMX,CDMX,México,Insumos aerógrafo,Baja,1,Compresores y bases alcohol,research
Belleza,Maquillaje artistico,Aerógrafo makeup GDL,,,,Guadalajara,Jalisco,México,Insumos aerógrafo,Baja,1,Hybrid y alcohol,research
Belleza,Maquillaje artistico,Aerógrafo makeup MTY,,,,Monterrey,NL,México,Insumos aerógrafo,Baja,1,Pro / cine,research
Belleza,Maquillaje artistico,Airbrush tattoo eventos GDL,,,,Guadalajara,Jalisco,México,Servicio,Baja,1,Temporal,research
Belleza,Maquillaje artistico,Airbrush tattoo eventos MTY,,,,Monterrey,NL,México,Servicio,Baja,1,Temporal,research
Belleza,Maquillaje artistico,Airbrush tattoo eventos MX,,,,México,México,México,Servicio eventos,Baja,,Tatuaje temporal aerógrafo,research
Belleza,Maquillaje artistico,Anime Expo / convention makeup vendors,,,,CDMX,CDMX,México,Canal convenciones,Baja,1,Vendedores de insumos artísticos,research
Belleza,Maquillaje artistico,Balm Micro MX,,,,México,México,México,Insumos,Baja,,Línea profesional vía Noëlle,research
Belleza,Maquillaje artistico,Belly paint GDL,,,,Guadalajara,Jalisco,México,Servicio,Baja,1,Maternidad,research
Belleza,Maquillaje artistico,Belly paint MTY,,,,Monterrey,NL,México,Servicio,Baja,1,Maternidad,research
Belleza,Maquillaje artistico,Ben Nye kits teatrales MX,,,,México,México,México,Marca teatral,Baja,1,Retailers pro,research
Belleza,Maquillaje artistico,Ben Nye México,,,,México,México,México,Marca teatral,Baja,1,Kits teatrales vía retailers MX,research
Belleza,Maquillaje artistico,Body paint GDL eventos,,,,Guadalajara,Jalisco,México,Servicio eventos,Baja,1,Body paint y fantasía,research
Belleza,Maquillaje artistico,Body paint Mazatlán carnaval,,,,Mazatlán,Sinaloa,México,Servicio carnaval,Baja,1,Comparsas,research
Belleza,Maquillaje artistico,Body paint Monterrey eventos,,,,Monterrey,NL,México,Servicio eventos,Baja,1,Caracterización y FX,research
Belleza,Maquillaje artistico,Body paint Puebla catrinas,,,,Puebla,Puebla,México,Servicio artístico,Baja,1,Día de Muertos,research
Belleza,Maquillaje artistico,Body paint Puebla eventos,,,,Puebla,Puebla,México,Servicio eventos,Baja,1,Catrinas y fantasía,research
Belleza,Maquillaje artistico,Body paint Veracruz carnaval,,,,Veracruz,Veracruz,México,Servicio carnaval,Baja,1,Comparsas,research
Belleza,Maquillaje artistico,Burlesque brushes MX,,,,México,México,México,Herramientas,Baja,,Pincelería,research
Belleza,Maquillaje artistico,Burlesque Makeup MX,,,,México,México,México,Marca pinceles,Baja,1,Pincelería profesional artística,research
Belleza,Maquillaje artistico,Cameleon Makeup MX,,,,México,México,México,Marca artística,Baja,1,Face and body,research
Belleza,Maquillaje artistico,Cecil Q Makeup,,,,CDMX,CDMX,México,Artista / docente,Baja,1,Maquillaje artístico y body paint,research
Belleza,Maquillaje artistico,Chistirrin / payaso supplies,,,,CDMX,CDMX,México,Influencer + canal,Baja,1,Canal de insumos payaso/artístico,research
Belleza,Maquillaje artistico,Cine Closet makeup / vestuario,,,,CDMX,CDMX,México,Vestuario cine,Baja,1,Miguel Ángel 170 Nonoalco,research
Belleza,Maquillaje artistico,Cosplay makeup CDMX,,,,CDMX,CDMX,México,Canal cosplay,Baja,1,Maquillaje y FX para convenciones,research
Belleza,Maquillaje artistico,Cosplay makeup GDL,,,,Guadalajara,Jalisco,México,Canal cosplay,Baja,1,Convenciones occidente,research
Belleza,Maquillaje artistico,Cosplay makeup MTY,,,,Monterrey,NL,México,Canal cosplay,Baja,1,Convenciones norte,research
Belleza,Maquillaje artistico,Diamond FX México,,,,México,México,México,Marca face paint,Baja,1,Aqua paints,research
Belleza,Maquillaje artistico,European Body Art extra MX,,,,México,México,México,Marca alcohol,Baja,1,Hybrid paints,research
Belleza,Maquillaje artistico,European Body Art MX,,,,México,México,México,Marca body paint,Baja,1,Alcohol activated y hybrid,research
Belleza,Maquillaje artistico,Farmasi líderes MX,,,,México,México,México,Red / marca,Baja,1,Maquillaje y skin,brand
Belleza,Maquillaje artistico,Farmasi México,,,,México,México,México,Marca / red,Baja,1,Cosméticos y maquillaje,brand
Belleza,Maquillaje artistico,Fiesta Face Paint kits,,,,México,México,México,Kits eventos,Baja,,Pinta caritas fiestas infantiles,research
Belleza,Maquillaje artistico,Glitter y pedrería GDL,,,,Guadalajara,Jalisco,México,Insumos,Baja,1,Body art,research
Belleza,Maquillaje artistico,Glitter y pedrería MTY,,,,Monterrey,NL,México,Insumos,Baja,1,Body art,research
Belleza,Maquillaje artistico,Global Colours MX,,,,México,México,México,Marca face paint,Baja,1,Face and body paint,research
Belleza,Maquillaje artistico,Graftobian México,,,,México,México,México,Marca teatral,Baja,1,HD y theatrical makeup,research
Belleza,Maquillaje artistico,Henna glitter tattoo GDL,,,,Guadalajara,Jalisco,México,Servicio,Baja,1,Body art,research
Belleza,Maquillaje artistico,Henna glitter tattoo MTY,,,,Monterrey,NL,México,Servicio,Baja,1,Body art,research
Belleza,Maquillaje artistico,Henna y glitter tattoo MX,,,,México,México,México,Servicio eventos,Baja,,Body art temporal,research
Belleza,Maquillaje artistico,Hysteria FX,,,,México,México,México,Marca FX,Baja,1,Efectos especiales y caracterización vía retailers MX,research
Belleza,Maquillaje artistico,Hysteria FX retailers MX,,,,México,México,México,Marca FX,Baja,1,Vía Noëlle y TMC,research
Belleza,Maquillaje artistico,Insumos payaso GDL,,,,Guadalajara,Jalisco,México,Insumos,Baja,1,"Narices, pelucas, blanco",research
Belleza,Maquillaje artistico,Insumos payaso MTY,,,,Monterrey,NL,México,Insumos,Baja,1,Caracterización clown,research
Belleza,Maquillaje artistico,Jordane Cosmetics MX,,,,México,México,México,Marca profesional,Baja,1,Retail profesional,research
Belleza,Maquillaje artistico,Jorge de la Garza academy + línea,,,,México,México,México,Marca + academia,Baja,1,Profesional MX,research
Belleza,Maquillaje artistico,Jorge de la Garza Cosmetics,,,,México,México,México,Marca profesional,Baja,1,Línea profesional de maquillaje MX,research
Belleza,Maquillaje artistico,Látex y sangre teatral GDL,,,,Guadalajara,Jalisco,México,Insumos FX,Baja,1,Halloween / cine,research
Belleza,Maquillaje artistico,Látex y sangre teatral MTY,,,,Monterrey,NL,México,Insumos FX,Baja,1,Halloween / cine,research
Belleza,Maquillaje artistico,Maquillaje artístico Aguascalientes feria,,,,Aguascalientes,Aguascalientes,México,Servicio feria,Baja,1,Temporada,research
Belleza,Maquillaje artistico,Maquillaje artístico GDL academias,,,,Guadalajara,Jalisco,México,Cluster regional,Baja,1,Academias y tiendas de caracterización,research
Belleza,Maquillaje artistico,Maquillaje artístico León feria,,,,León,Guanajuato,México,Servicio feria,Baja,1,Temporada,research
Belleza,Maquillaje artistico,Maquillaje artístico Mazatlán carnaval,,,,Mazatlán,Sinaloa,México,Cluster carnaval,Baja,1,Comparsas y body paint,research
Belleza,Maquillaje artistico,Maquillaje artístico MTY academias,,,,Monterrey,NL,México,Cluster regional,Baja,1,Academias y tiendas de caracterización,research
Belleza,Maquillaje artistico,Maquillaje artístico Veracruz carnaval,,,,Veracruz,Veracruz,México,Cluster carnaval,Baja,1,Body paint y comparsas,research
Belleza,Maquillaje artistico,Maquillaje ballet CDMX más compañías,,,,CDMX,CDMX,México,Danza,Baja,1,Compañías profesionales,research
Belleza,Maquillaje artistico,Maquillaje catrina CDMX,,,,CDMX,CDMX,México,Servicio artístico,Baja,1,Día de Muertos y editorial,research
Belleza,Maquillaje artistico,Maquillaje cine CDMX freelance hub,,,,CDMX,CDMX,México,Cluster cine,Baja,1,Artistas de cine y TV,research
Belleza,Maquillaje artistico,Maquillaje FX Guadalajara estudios,,,,Guadalajara,Jalisco,México,Estudio FX,Baja,1,Cine y teatro occidente,research
Belleza,Maquillaje artistico,Maquillaje FX Monterrey estudios,,,,Monterrey,NL,México,Estudio FX,Baja,1,Cine norte,research
Belleza,Maquillaje artistico,Maquillaje Halloween FX CDMX,,,,CDMX,CDMX,México,Servicio FX,Baja,1,Terror y caracterización,research
Belleza,Maquillaje artistico,Maquillaje social + FX bodas GDL,,,,Guadalajara,Jalisco,México,Servicio mixto,Baja,1,Beauty y artístico,research
Belleza,Maquillaje artistico,Maquillaje social + FX bodas MTY,,,,Monterrey,NL,México,Servicio mixto,Baja,1,Beauty y artístico,research
Belleza,Maquillaje artistico,Maquillaje teatral UNAM / foro,,,,CDMX,CDMX,México,Escena universitaria,Baja,1,Insumos y artistas de foro,research
Belleza,Maquillaje artistico,Maquillaje teatro UNAM más foros,,,,CDMX,CDMX,México,Cluster teatro,Baja,1,Compañías y foros,research
Belleza,Maquillaje artistico,Pelucas teatrales GDL,,,,Guadalajara,Jalisco,México,Peluquería teatral,Baja,1,Show y danza,research
Belleza,Maquillaje artistico,Pelucas teatrales MTY,,,,Monterrey,NL,México,Peluquería teatral,Baja,1,Show y danza,research
Belleza,Maquillaje artistico,Pinta caritas GDL eventos,,,,Guadalajara,Jalisco,México,Servicio eventos,Baja,1,Fiestas infantiles,research
Belleza,Maquillaje artistico,Pinta caritas MTY eventos,,,,Monterrey,NL,México,Servicio eventos,Baja,1,Fiestas infantiles,research
Belleza,Maquillaje artistico,Pinta caritas Puebla eventos,,,,Puebla,Puebla,México,Servicio eventos,Baja,1,Fiestas,research
Belleza,Maquillaje artistico,Pinta caritas Querétaro eventos,,,,Querétaro,Querétaro,México,Servicio eventos,Baja,1,Fiestas,research
Belleza,Maquillaje artistico,Pupilentes FX GDL,,,,Guadalajara,Jalisco,México,Insumos FX,Baja,1,Teatro y Halloween,research
Belleza,Maquillaje artistico,Pupilentes FX MTY,,,,Monterrey,NL,México,Insumos FX,Baja,1,Teatro y Halloween,research
Belleza,Maquillaje artistico,RCMA / Cinema Secrets MX,,,,México,México,México,Marca cine,Baja,1,No-color powder,research
Belleza,Maquillaje artistico,RCMA México,,,,México,México,México,Marca cine,Baja,1,No color powder y cine makeup,research
Belleza,Maquillaje artistico,Sally Beauty México,,,,México,México,México,Retail profesional,Baja,,Insumos salón y makeup,brand
Belleza,Maquillaje artistico,Sally Beauty sucursales makeup,,,,México,México,México,Retail profesional,Baja,,Cadena insumos,brand
Belleza,Maquillaje artistico,Snazaroo México,,,,México,México,México,Marca face paint,Baja,1,Retail infantil/eventos,brand
Belleza,Maquillaje artistico,Superstar Face Paint MX,,,,México,México,México,Marca face paint,Baja,1,Aqua face paint,research
Belleza,Maquillaje artistico,Tag Body Art MX,,,,México,México,México,Marca face paint,Baja,1,Split cakes y one strokes,research
Belleza,Maquillaje artistico,Wolfe / Superstar / Tag extra MX,,,,México,México,México,Marcas face paint,Baja,1,Importación vía boutiques,research
Belleza,Maquillaje artistico,Wolfe FX México,,,,México,México,México,Marca face paint,Baja,1,Hydrocolor profesional,research
Alimentos,Miel afrodisiaca,Apiarios Abarca / La Casita de la Miel,https://apiariosabarca.com/,info@apiariosabarca.com,5520455835,CDMX,CDMX,México,Productor,Alta,9,Tlalpan 1831 Churubusco + Eje 8 + Coapa,research
Alimentos,Miel afrodisiaca,Grupo Halmex / Miel MELISSA,,grupohalmex@gmail.com,4422253649,Corregidora,Querétaro,México,Import/export,Alta,6,"Noche Buena 3 Las Flores, jalea real y polen",research
Alimentos,Miel afrodisiaca,Maya Honey,https://www.mayahoney.com/,contacto@mayahoney.com,9999200818,Izamal,Yucatán,México,Productor,Alta,9,"Col. José María Chan, WA 9889540923",research
Alimentos,Miel afrodisiaca,Mi Miel Yucatán,https://www.mimiel.com.mx/,apicola@mimiel.com.mx,9999262126,Mérida,Yucatán,México,Productor,Alta,9,"Apícola Yucatán, nsanchez@mimiel.com.mx",research
Alimentos,Miel afrodisiaca,Miel Oro,https://mieloro.com.mx/,informacion@mieloro.com.mx,3338262242,Guadalajara,Jalisco,México,Productor,Alta,9,"Jesús 266 Artesanos, +40 años, miel y material apícola",research
Alimentos,Miel afrodisiaca,Miel y Cera de Campeche,,mielera_campeche@hotmail.com,9818175261,Campeche,Campeche,México,Productor,Alta,7,"Granel tambores 300 kg, 9818177024",research
Alimentos,Miel afrodisiaca,Mieles Campeche,https://www.mielescampeche.mx/,mielescampeche@hotmail.com,9818177510,Campeche,Campeche,México,Productor,Alta,9,Carr. Antigua a Hampolol Km 1,research
Alimentos,Miel afrodisiaca,Mieles de Malasia MX,https://www.mielesdemalasiamx.com/,mielesdemalasiamx@hotmail.com,2222627488,Puebla,Puebla,México,Ejemplo original,Alta,8,"Ejemplo del cliente — Royal Honey VIP / Etumax, CP 72824",ejemplo_cliente
Alimentos,Miel afrodisiaca,Mieles México Querétaro,https://mielesmexico.com/,info@mielesmexico.com,4423281287,Querétaro,Querétaro,México,Ecom,Alta,9,Miel de abeja 100% pura,research
Alimentos,Miel afrodisiaca,NaturaSol / Mielmex,https://www.naturasol.com.mx/,recepcion@mielmex.com,5555626587,Naucalpan,EdoMex,México,Marca,Alta,9,"Circuito Circunvalación Pte 9-A Satélite, WA 5580961097",research
Alimentos,Miel afrodisiaca,Pura Miel CDMX,https://pura-miel.ueniweb.com/,,5552747001,CDMX,CDMX,México,Tienda,Alta,5,"Momoluco 53, miel Chiapas en tarro",research
Alimentos,Miel afrodisiaca,Raíz Nativa,,raiznativamx@gmail.com,2229547635,Puebla,Puebla,México,Productor,Alta,7,"Miel, propóleo, polen, jalea real, paletas",research
Alimentos,Miel afrodisiaca,Tropical Honey,https://www.tropicalhoney.com.mx/,ventas@tropicalhoney.com.mx,9999262622,Mérida,Yucatán,México,Productor,Alta,9,"Calle 21 #279 C Miguel Alemán, planta@tropicalhoney.com.mx",research
Alimentos,Miel afrodisiaca,Cannaland,https://cannaland.mx/,,,México,México,México,Retail wellness,Media,2,Royal Honey VVIP y combo miel/chocolate,research
Alimentos,Miel afrodisiaca,Del Exágono,,,,Guadalajara,Jalisco,México,Mayoreo,Media,2,"Miel de abeja mayoreo; Río Nilo 609, San Carlos, GDL",research
Alimentos,Miel afrodisiaca,Derivados Apícolas Pepemiel,,,,Oaxaca,Oaxaca,México,Mayoreo,Media,2,"Miel de abeja mayoreo; Hornos 220-4, Noche Buena, Santa Cruz Xoxocotlán",research
Alimentos,Miel afrodisiaca,KawenCafé,,,,Iliatenco,Guerrero,México,Mayoreo,Media,2,"Miel pura de abeja mayoreo; 16 de septiembre 16, Centro",research
Alimentos,Miel afrodisiaca,LoveStore Royal Honey,https://lovestore.com.mx/producto/royal-honey/,,,México,México,México,Ecom adultos,Media,3,"Royal Honey $150, jalea real y polen",research
Alimentos,Miel afrodisiaca,Mi Cubeta de Miel,https://www.micubetademiel.com/,,,Mérida,Yucatán,México,Productor,Media,4,"Calle 1F #267 Campestre, +40 años apicultura",research
Alimentos,Miel afrodisiaca,Miel afrodisiaca (ejemplo original),https://www.mielesdemalasiamx.com/,,,,,México,Ejemplo original,Media,2,Seed del cliente,ejemplo_cliente
Alimentos,Miel afrodisiaca,Productos Chinos Mayoreo Etumax,https://productoschinos.com.mx/product/miel-royal-etuma/,,,México,México,México,Mayoreo,Media,3,Etumax Royal VIP sachet,research
Alimentos,Miel afrodisiaca,Royal Honey MX,https://royalhoneymx.com/,,,México,México,México,Mayoreo D2C,Media,3,"Miel Malasia, mayoreo desde 5 cajas, envío discreto",research
Alimentos,Miel afrodisiaca,Son de Miel,https://sondemiel.com.mx/,,,México,México,México,Marca D2C,Media,3,"Miel cruda artesanal, wellness y belleza",research
Alimentos,Miel afrodisiaca,Vainilla Orgánica La Orquídea,,,,Ciudad Valles,SLP,México,Mayoreo,Media,2,"Miel de abeja mayoreo; Libramiento Poniente 4523, Cd. Valles",research
Alimentos,Miel afrodisiaca,Camí Miel,,,,México,México,México,Marca,Baja,1,Miel de abeja natural vía ML,brand
Alimentos,Miel afrodisiaca,Happy Honey,,,,México,México,México,Marca,Baja,1,Miel mayoreo vía ML,brand
Alimentos,Miel afrodisiaca,Miel Carlota,,,,México,México,México,Marca,Baja,1,"Miel de abeja 300/335/500g, 4.8★ vía ML",brand
Alimentos,Miel afrodisiaca,Miel Kevala,,,,México,México,México,Marca,Baja,1,Miel mayoreo vía ML,brand
Alimentos,Miel afrodisiaca,Miel Romero,,,,México,México,México,Marca,Baja,1,"Miel de abeja en frascos 700g, mayoreo vía ML",brand
Alimentos,Miel afrodisiaca,Miel Tía Patty,,,,México,México,México,Marca,Baja,1,Miel de abeja mayoreo vía ML,brand
Papeleria,Mochilas y utiles escolares,Agendas Plus 2o tel,https://mochilascarpetasyagendasplus.com/,,5555194935,CDMX,CDMX,México,Canal,Alta,5,55 5519 4935,research
Papeleria,Mochilas y utiles escolares,Aguiglez Products,https://aguiglez.com.mx/mochilas-aguiglez/,aguiglez@gmail.com,4777111542,León,Guanajuato,México,Fabricante,Alta,9,"Fabricante mochilas escolar/universitaria/laboral, mín. 50 pzs, hecho en MX",research
Papeleria,Mochilas y utiles escolares,Aguiglez WhatsApp,https://aguiglez.com.mx/mochilas-aguiglez/,,4776479087,León,Guanajuato,México,Canal,Alta,5,WhatsApp (477) 647 9087,research
Papeleria,Mochilas y utiles escolares,Lonchera térmica producto,https://mochilasybackpacks.com/,,5592624315,CDMX,CDMX,México,Producto,Alta,5,Loncheras térmicas 25x26 cm,research
Papeleria,Mochilas y utiles escolares,Mayoreo Monterrey,https://mayoreomonterrey.com.mx/,ventas@mayoreomonterrey.com.mx,8117988059,Monterrey,Nuevo León,México,Mayoreo,Alta,9,"Mochilas, bolsos y accesorios por volumen; envíos nacionales",research
Papeleria,Mochilas y utiles escolares,Mochila antirrobo producto,https://aguiglez.com.mx/mochilas-aguiglez/,,4777111542,León,Guanajuato,México,Producto,Alta,5,BP47 antirrobo,research
Papeleria,Mochilas y utiles escolares,Mochila porta laptop producto,https://aguiglez.com.mx/mochilas-aguiglez/,,4777111542,León,Guanajuato,México,Producto,Alta,5,BP3 backpack escolar con compartimento laptop,research
Papeleria,Mochilas y utiles escolares,Mochilas & Backpacks,https://mochilasybackpacks.com/,,5592624315,CDMX,CDMX,México,Fabricante,Alta,6,"Calz. Mariano Escobedo 476 P.12, Anzures; desde 50 pzs; envíos MX/USA",research
Papeleria,Mochilas y utiles escolares,Mochilas & Backpacks WA,https://mochilasybackpacks.com/,,5564552687,CDMX,CDMX,México,Canal,Alta,5,WhatsApp +52 55 6455 2687,research
Papeleria,Mochilas y utiles escolares,"Mochilas, Carpetas y Agendas Plus",https://mochilascarpetasyagendasplus.com/,contacto2@carpetasyagendasplus.com.mx,5554407000,CDMX,CDMX,México,Mayoreo,Alta,9,Proveedores de mochilas y útiles por mayoreo CDMX,research
Papeleria,Mochilas y utiles escolares,Office Depot México,https://www.officedepot.com.mx/,,5525820910,CDMX,CDMX,México,Retail,Alta,5,Papelería y mochilas; pedidos 55 2582 0900,brand
Papeleria,Mochilas y utiles escolares,Amazon MX mochilas,https://www.amazon.com.mx/s?k=mochilas+escolares,,,México,México,México,Marketplace,Media,2,Sellers de mochilas escolares,research
Papeleria,Mochilas y utiles escolares,Carsa,https://carsa.com.mx/,,,CDMX,CDMX,México,Marca,Media,4,"Mochilas, loncheras y útiles escolares MX",brand
Papeleria,Mochilas y utiles escolares,D165 Fabricante Tepito,,,,CDMX,CDMX,México,Fabricante,Media,2,"Fabricante mochila escolar por mayoreo, Col. Tepito",research
Papeleria,Mochilas y utiles escolares,Ducas,https://www.ducas.mx/,,,CDMX,CDMX,México,Marca,Media,4,Mochilas y loncheras mexicanas (Grupo Ducas),brand
Papeleria,Mochilas y utiles escolares,La Reyna del Mayoreo,https://lareynadelmayoreo.com/,,,CDMX,CDMX,México,Mayoreo,Media,4,"Lotes de combos mochila escolar 3pz, figuras 3D, útiles",research
Papeleria,Mochilas y utiles escolares,Lapiceras producto,https://lareynadelmayoreo.com/,,,CDMX,CDMX,México,Producto,Media,3,Lapiceras 23x10 cm en combos,research
Papeleria,Mochilas y utiles escolares,Lumen,https://www.lumen.com.mx/,,,CDMX,CDMX,México,Retail,Media,3,Mayoreo de útiles escolares y papelería,brand
Papeleria,Mochilas y utiles escolares,Mayoreo Didáctico,https://www.mayoreodidactico.mx/,,,,,México,Mayoreo,Media,3,Escolares y didácticos por mayoreo,research
Papeleria,Mochilas y utiles escolares,ML mochilas mayoreo,https://listado.mercadolibre.com.mx/mochilas-mayoreo,,,México,México,México,Marketplace,Media,2,"Lotes mayoreo: YOMI, IFORU, OEM…",research
Papeleria,Mochilas y utiles escolares,Mochilas y utiles escolares (ejemplo original),https://samsonite.com.mx/collections/mochilas-escolares,,,,,México,Ejemplo original,Media,2,Seed del cliente,ejemplo_cliente
Papeleria,Mochilas y utiles escolares,Office Max México,https://www.officemax.com.mx/,,,CDMX,CDMX,México,Retail,Media,3,Cadena de papelería y escolares,brand
Papeleria,Mochilas y utiles escolares,Papelería El Sótano,https://www.elsotano.com/,,,CDMX,CDMX,México,Retail,Media,3,Librería y útiles,brand
Papeleria,Mochilas y utiles escolares,Pelikan México,https://www.pelikan.com.mx/,,,,,México,Marca,Media,3,Papelería y útiles escolares,brand
Papeleria,Mochilas y utiles escolares,Samsonite México (ejemplo),https://samsonite.com.mx/collections/mochilas-escolares,,,Naucalpan,EdoMex,México,Ejemplo original,Media,3,Ejemplo del cliente — mochilas escolares; Blvd Manuel Ávila Camacho 5 Torre B P.24,ejemplo_cliente
Papeleria,Mochilas y utiles escolares,Samsonite México corporativo,https://www.samsonite.com.mx/,,,Naucalpan,EdoMex,México,Marca,Media,4,SAMSONITE MEXICO S.A. DE C.V. — oficinas Lomas de Sotelo,brand
Papeleria,Mochilas y utiles escolares,Totto México,https://www.totto.com/mexico,,,,,México,Marca,Media,3,"Mochilas y morrales, operación MX",brand
Papeleria,Mochilas y utiles escolares,Barrilito,,,,,,México,Marca,Baja,1,"Útiles escolares y papelería, marca MX",brand
Papeleria,Mochilas y utiles escolares,Mochilas de mayoreo FB,,,,,,México,Fabricante,Baja,1,"Fabricación y venta de mochilas desde 5 pzs, envíos República",research
Papeleria,Mochilas y utiles escolares,Norma / Grupo Papelero,,,,,,México,Marca,Baja,1,"Cuadernos y útiles, marca MX",brand
Belleza,Pelucas de colores,El Famundi (ejemplo),https://www.elfamundi.com.mx/,,5555525294,CDMX,CDMX,México,Ejemplo original,Alta,5,Ejemplo del cliente — pelucas de colores y disfraces,ejemplo_cliente
Belleza,Pelucas de colores,Amazon MX pelucas,https://www.amazon.com.mx/s?k=pelucas+de+colores,,,México,México,México,Marketplace,Media,2,Sellers de pelucas de colores,research
Belleza,Pelucas de colores,Crazy Hair,https://www.crazyhair.com.mx/,,,CDMX,CDMX,México,Mayoreo,Media,4,"Pelucas de colores, lace front y full lace; ventas al mayoreo; CDMX y GDL",research
Belleza,Pelucas de colores,Don Moa Extensiones,,,5559590050,CDMX,CDMX,México,Mayoreo,Media,4,"Pelucas de colores fantasía 2x$500 y extensiones; Plaza Correo Mayor 5, locales 9 y 10",research
Belleza,Pelucas de colores,El 10 Pelucas & Extensiones,,,5578602637,CDMX,CDMX,México,Tienda,Media,3,Pelucas y extensiones en el Centro; Alhóndiga 29E; envíos,research
Belleza,Pelucas de colores,El Castillo de la Fantasía,,,,CDMX,CDMX,México,Mayoreo,Media,2,"Imperio de pelucas en el Centro CDMX; pelucas de fantasía desde $100 y cabello natural hasta $5,500; mayoreo",research
Belleza,Pelucas de colores,Funidelia México,https://www.funidelia.mx/,,,México,México,México,Ecom,Media,3,Pelucas de disfraz y accesorios de fiesta online,research
Belleza,Pelucas de colores,Mercado Libre pelucas,https://listado.mercadolibre.com.mx/pelucas-de-colores,,,México,México,México,Marketplace,Media,2,Mayoreo de pelucas de colores,research
Belleza,Pelucas de colores,MV Hair Extensions,,,,CDMX,CDMX,México,Mayoreo,Media,2,Pelucas y cabello mayoreo/menudeo; Izazaga 89 piso 5 local 505,research
Belleza,Pelucas de colores,Paquete 7 pelucas colores,https://listado.mercadolibre.com.mx/pelucas-de-colores,,,México,México,México,Producto,Media,2,"Paquete de 7 pelucas largas de colores, mayoreo",research
Belleza,Pelucas de colores,Peluca afro rosa pastel,https://listado.mercadolibre.com.mx/pelucas-fantasia,,,México,México,México,Producto,Media,2,"Peluca afro tono rosa pastel, vía ML",research
Belleza,Pelucas de colores,Peluca corta bob colores,https://listado.mercadolibre.com.mx/pelucas-colores-fantasia,,,México,México,México,Producto,Media,2,"Peluca corta bob de colores fantasía/disfraz, 12 colores",research
Belleza,Pelucas de colores,Peluca larga rosa mayoreo,https://listado.mercadolibre.com.mx/pelucas-de-colores,,,México,México,México,Producto,Media,2,"Peluca larga color disfraz cosplay, mayoreo",research
Belleza,Pelucas de colores,Pelucas de colores (ejemplo original),https://www.elfamundi.com.mx/,,,,,México,Ejemplo original,Media,2,Seed del cliente,ejemplo_cliente
Belleza,Pelucas de colores,Supreme Wigs,,,,CDMX,CDMX,México,Ecom,Media,2,"Tienda de pelucas con sucursales CDMX, Monterrey y Cancún; venta online",research
Belleza,Pelucas de colores,Comercializadora de Novedades,,,,México,México,México,Mayoreo,Baja,1,"Pelucas largas de colores mayoreo desde 3 pzs; seller de ML (4.1★, 55 reviews)",research
Belleza,Pelucas de colores,Disfraces Luza Peluza,,,,México,México,México,Marca,Baja,1,Pelucas de personajes (Aquaman) vía ML,brand
Belleza,Pelucas de colores,Extensioneslibni,,,,México,México,México,Marca,Baja,1,"Pelucas de fantasía onduladas (rosa, plata, amarillo) vía ML",brand
Belleza,Pelucas de colores,KANEKALON,,,,México,México,México,Marca,Baja,1,Pelucas con fleco largas cosplay y colores fantasía; 4.4★ vía ML,brand
Belleza,Pelucas de colores,Misi Shop,,,,CDMX,CDMX,México,Tienda,Baja,1,Tienda de pelucas en el Centro CDMX,research
Belleza,Pelucas de colores,Pelucas Morris,,,,CDMX,CDMX,México,Tienda,Baja,1,Tienda de pelucas en el Centro CDMX; drag y transformismo,research
Belleza,Pelucas de colores,Premium Wigs,,,,México,México,México,Marca,Baja,1,Pelucas de gama premium vía ML,brand
Belleza,Pelucas de colores,SensHair MX,,,,CDMX,CDMX,México,Tienda,Baja,1,"Pelucas de cabello natural y sintético; cosplay, drag y uso diario",research
Belleza,Pelucas de colores,Sombreros y Fiesta,,,,México,México,México,Mayoreo,Baja,1,Pelucas lacias cortas colores fantasía mayoreo; seller de ML,research
Belleza,Perfumes,Amazon MX perfumes,https://www.amazon.com.mx/s?k=perfumes,,,México,México,México,Marketplace,Media,2,Sellers de perfumes,research
Belleza,Perfumes,Arome (ejemplo),https://arome.mx/,,,CDMX,CDMX,México,Ejemplo original,Media,3,Ejemplo del cliente — perfumes,ejemplo_cliente
Belleza,Perfumes,Bellaroma,https://www.bellaroma.mx/,,,CDMX,CDMX,México,Mayoreo,Media,4,20+ años; perfumes importados originales; precio mayoreo desde 6 pzs,research
Belleza,Perfumes,El Palacio de Hierro,https://www.elpalaciodehierro.com/,,,CDMX,CDMX,México,Retail,Media,3,Perfumería premium,brand
Belleza,Perfumes,Jafra,https://www.jafra.com.mx/,,,CDMX,CDMX,México,Marca,Media,4,"Venta por catálogo, perfumes y cosméticos",brand
Belleza,Perfumes,Liverpool Perfumería,https://www.liverpool.com.mx/,,,CDMX,CDMX,México,Retail,Media,3,Perfumería de diseñador,brand
Belleza,Perfumes,Mercado Libre perfumes,https://listado.mercadolibre.com.mx/perfumes-mayoreo,,,México,México,México,Marketplace,Media,2,Perfumes originales y de mayoreo,research
Belleza,Perfumes,Natura México,https://www.natura.com.mx/,,,CDMX,CDMX,México,Marca,Media,4,Perfumes y cosmética por consultoría,brand
Belleza,Perfumes,Perfume árabe — Amber Rouge,https://romarperfumes.com/,,,,,México,Producto,Media,2,"Top-seller árabe, reventa",research
Belleza,Perfumes,Perfume árabe — Club de Nuit,https://romarperfumes.com/,,,,,México,Producto,Media,2,Club de Nuit Sillage / Woman,research
Belleza,Perfumes,PerfumeMayoreo,https://www.perfumemayoreo.mx/,,,,,México,Mayoreo,Media,3,10+ años; 300 marcas; hasta 70% descuento; envíos MX,research
Belleza,Perfumes,Perfumería La Rosa,https://perfumes-originales.com.mx/,,,CDMX,CDMX,México,Mayoreo,Media,4,Perfumes originales mayoreo sin compra mínima; tienda física; árabes y diseñador,research
Belleza,Perfumes,Perfumes (ejemplo original),https://arome.mx/,,,,,México,Ejemplo original,Media,2,Seed del cliente,ejemplo_cliente
Belleza,Perfumes,Romar Perfumes Árabes,https://romarperfumes.com/,,,,,México,Mayoreo,Media,3,Perfumes árabes originales para reventa; envíos MX; importación directa,research
Belleza,Perfumes,Sears Perfumería,https://www.sears.com.mx/,,,CDMX,CDMX,México,Retail,Media,3,Perfumería de diseñador,brand
Belleza,Perfumes,X Mayoreo,https://xmayoreo.mx/,,,,,México,Mayoreo,Media,3,Perfumes al por mayor para distribuidores y regalos corporativos,research
Belleza,Perfumes,Zermat,,,,Puebla,Puebla,México,Marca,Media,2,Perfumes y cosméticos por catálogo,brand
Belleza,Perfumes,Esika / L'Bel (Belcorp),,,,,,México,Marca,Baja,1,Perfumería por catálogo,brand
Belleza,Perfumes,Juleriaque,,,,CDMX,CDMX,México,Retail,Baja,1,Perfumería con sucursales y ecom,brand
Belleza,Perfumes,Perfumerías Estrada,,,,CDMX,CDMX,México,Retail,Baja,1,Cadena de perfumerías con tienda en línea,brand
Belleza,Perfumes,Yanbal,,,,,,México,Marca,Baja,1,Perfumería por catálogo,brand
Belleza,"Productos para el cabello (keratina, cremas, ampolletas)",Don Juan Beauty Supply (ejemplo),https://donjuan.mx/,contacto@donjuan.mx,6621940726,Hermosillo,Sonora,México,Ejemplo original,Alta,8,Ejemplo del cliente — productos capilares y keratina,ejemplo_cliente
Belleza,"Productos para el cabello (keratina, cremas, ampolletas)",Rizos Mexicanos,https://www.rizosmexicanos.com/,,5514718602,CDMX,CDMX,México,Ecom,Alta,6,Productos para cabello rizado MX,research
Belleza,"Productos para el cabello (keratina, cremas, ampolletas)",Alev Natural,https://alev-natural.ueniweb.com/,,,CDMX,CDMX,México,Mayoreo,Media,4,"Keratina 100% brasileña al mayoreo, CDMX",research
Belleza,"Productos para el cabello (keratina, cremas, ampolletas)",Amazon MX keratina,https://www.amazon.com.mx/s?k=keratina+para+cabello,,,México,México,México,Marketplace,Media,2,Sellers de keratina y productos capilares,research
Belleza,"Productos para el cabello (keratina, cremas, ampolletas)",Asepxia (Genomma),https://www.genommalab.com/,,,CDMX,CDMX,México,Marca,Media,4,"Cuidado capilar y facial, laboratorio MX",brand
Belleza,"Productos para el cabello (keratina, cremas, ampolletas)",Beauty Art,https://shop.beautyart.com.mx/,,,CDMX,CDMX,México,Retail,Media,3,Tienda de productos de belleza profesional,research
Belleza,"Productos para el cabello (keratina, cremas, ampolletas)",Betsary Real Beauty Supply,https://betsary.com/,,,CDMX,CDMX,México,Distribuidor,Media,4,Distribuidora de productos de belleza con envíos a todo México,research
Belleza,"Productos para el cabello (keratina, cremas, ampolletas)",Chedraui,https://www.chedraui.com.mx/,,,Xalapa,Veracruz,México,Retail,Media,3,Vende línea capilar,brand
Belleza,"Productos para el cabello (keratina, cremas, ampolletas)",Coppel,https://www.coppel.com/,,,CDMX,CDMX,México,Retail,Media,3,Vende línea capilar,brand
Belleza,"Productos para el cabello (keratina, cremas, ampolletas)",Cosmética AKCARE,https://akcare.mx/,,,México,México,México,Mayoreo,Media,3,"Productos de salón por mayoreo: keratina, botox capilar, shampoo sin sal; etiqueta propia",research
Belleza,"Productos para el cabello (keratina, cremas, ampolletas)",Distribuidora Alhóndiga,,,,CDMX,CDMX,México,Distribuidor,Media,2,"Distribuidora de productos de belleza, Col. Juárez",research
Belleza,"Productos para el cabello (keratina, cremas, ampolletas)",Distribuidora de belleza Alejandri,,,,CDMX,CDMX,México,Distribuidor,Media,2,Distribuidora de productos de belleza CDMX,research
Belleza,"Productos para el cabello (keratina, cremas, ampolletas)",Farmacias del Ahorro,https://www.fahorro.com/,,,CDMX,CDMX,México,Retail,Media,3,Vende ampolletas y tratamientos capilares,brand
Belleza,"Productos para el cabello (keratina, cremas, ampolletas)",Farmacias Guadalajara,https://www.farmaciasguadalajara.com.mx/,,,Guadalajara,Jalisco,México,Retail,Media,3,Vende línea capilar,brand
Belleza,"Productos para el cabello (keratina, cremas, ampolletas)",HEB México,https://www.heb.com.mx/,,,Monterrey,Nuevo León,México,Retail,Media,3,Vende línea capilar,brand
Belleza,"Productos para el cabello (keratina, cremas, ampolletas)",Kativa,,,,Colombia,,México,Marca,Media,2,"Keratina y cuidado capilar, distribuido en MX",brand
Belleza,"Productos para el cabello (keratina, cremas, ampolletas)",Kérastase,https://www.kerastase.com.mx/,,,CDMX,CDMX,México,Marca,Media,4,"Lujo capilar, retail MX",brand
Belleza,"Productos para el cabello (keratina, cremas, ampolletas)",L'Oréal Professionnel México,https://www.lorealprofessionnel.com.mx/,,,CDMX,CDMX,México,Marca,Media,4,Tratamientos profesionales de keratina,brand
Belleza,"Productos para el cabello (keratina, cremas, ampolletas)",Mercado Libre keratina,https://listado.mercadolibre.com.mx/keratina-mayoreo,,,México,México,México,Marketplace,Media,2,Mayoreo de keratina y tratamientos capilares,research
Belleza,"Productos para el cabello (keratina, cremas, ampolletas)",MexMax,https://mexmax.com/,,,USA,,México,Mayoreo,Media,4,Mayorista de productos capilares mexicanos (compra a fabricantes MX),research
Belleza,"Productos para el cabello (keratina, cremas, ampolletas)",Nagama Keratina y Botox,https://www.nagamakeratinaybotox.com/,,,México,México,México,Fabricante,Media,3,"Empresa mexicana de keratina, botox capilar y shampoo post-tratamiento; distribución por estados",research
Belleza,"Productos para el cabello (keratina, cremas, ampolletas)",Pantene (P&G),https://www.pantene.com.mx/,,,CDMX,CDMX,México,Marca,Media,4,"Línea keratina y ampolletas, retail MX",brand
Belleza,"Productos para el cabello (keratina, cremas, ampolletas)","Productos para el cabello (keratina, cremas, ampolletas) (ejemplo original)",https://donjuan.mx/,,,,,México,Ejemplo original,Media,2,Seed del cliente,ejemplo_cliente
Belleza,"Productos para el cabello (keratina, cremas, ampolletas)",Redken,https://www.redken.com.mx/,,,CDMX,CDMX,México,Marca,Media,4,"Cuidado capilar profesional, retail MX",brand
Belleza,"Productos para el cabello (keratina, cremas, ampolletas)",Salerm Cosmetics,,,,España,,México,Marca,Media,2,"Keratina y ampolletas profesionales, distribuido en MX",brand
Belleza,"Productos para el cabello (keratina, cremas, ampolletas)",Sally Beauty México,https://www.sallymexico.com/,,,CDMX,CDMX,México,Retail,Media,3,Cadena de productos de belleza profesional,brand
Belleza,"Productos para el cabello (keratina, cremas, ampolletas)",Schwarzkopf Professional,https://www.schwarzkopf.com.mx/,,,CDMX,CDMX,México,Marca,Media,4,Color y cuidado capilar profesional,brand
Belleza,"Productos para el cabello (keratina, cremas, ampolletas)",Sedal (Unilever),https://www.unilever.com.mx/,,,CDMX,CDMX,México,Marca,Media,4,"Línea de shampoo y keratina, retail MX",brand
Belleza,"Productos para el cabello (keratina, cremas, ampolletas)",Sofía Distribuidora,,,,Guadalajara,Jalisco,México,Distribuidor,Media,2,Distribuidora de belleza en GDL,research
Belleza,"Productos para el cabello (keratina, cremas, ampolletas)",Soriana,https://www.soriana.com/,,,CDMX,CDMX,México,Retail,Media,3,Vende línea capilar masiva,brand
Belleza,"Productos para el cabello (keratina, cremas, ampolletas)",TRESemmé,https://www.tresemme.com/,,,CDMX,CDMX,México,Marca,Media,4,"Profesional accesible, retail MX",brand
Belleza,"Productos para el cabello (keratina, cremas, ampolletas)",Walmart México,https://www.walmart.com.mx/,,,CDMX,CDMX,México,Retail,Media,3,"Vende Pantene, Sedal, TRESemmé, ampolletas",brand
Belleza,"Productos para el cabello (keratina, cremas, ampolletas)",Wella Professionals,https://www.wella.com.mx/,,,CDMX,CDMX,México,Marca,Media,4,Color y tratamiento profesional,brand
Belleza,"Productos para el cabello (keratina, cremas, ampolletas)",ARKARA CO,,,,México,México,México,Distribuidor,Baja,1,Distribuye Salerm en ML,research
Belleza,"Productos para el cabello (keratina, cremas, ampolletas)",Bio Bellisima,,,,México,México,México,Marca,Baja,1,"Keratina galón, vía ML",brand
Belleza,"Productos para el cabello (keratina, cremas, ampolletas)",Bio Products Corps,,,,México,México,México,Marca,Baja,1,"Keratina brasileña galón, vía ML",brand
Belleza,"Productos para el cabello (keratina, cremas, ampolletas)",Biutik,,,,Coyoacán,CDMX,México,Tienda,Baja,1,Cosmetics & beauty supply en Coyoacán,research
Belleza,"Productos para el cabello (keratina, cremas, ampolletas)",Caprice,,,,México,México,México,Marca,Baja,1,Productos capilares mexicanos,brand
Belleza,"Productos para el cabello (keratina, cremas, ampolletas)",Casa Barba,,,,CDMX,CDMX,México,Tienda,Baja,1,Cosmetics & beauty supply en CDMX,research
Belleza,"Productos para el cabello (keratina, cremas, ampolletas)",Dlord,,,,México,México,México,Marca,Baja,1,"Keratina Gold litro, vía ML",brand
Belleza,"Productos para el cabello (keratina, cremas, ampolletas)",Firenze,,,,México,México,México,Marca,Baja,1,"Ampolletas keratina 12 pzs, vía ML",brand
Belleza,"Productos para el cabello (keratina, cremas, ampolletas)",Fábrica de Keratinas,,,,México,México,México,Fabricante,Baja,1,"Keratina japonesa 19L, post-keratina y alaciados, vía ML",research
Belleza,"Productos para el cabello (keratina, cremas, ampolletas)",G&K Cosmetics,,,,Guadalajara,Jalisco,México,Tienda,Baja,1,Cosmetics & beauty supply en Jalisco,research
Belleza,"Productos para el cabello (keratina, cremas, ampolletas)",Hair Genics,,,,México,México,México,Marca,Baja,1,"Cuidado capilar, venta MX",brand
Belleza,"Productos para el cabello (keratina, cremas, ampolletas)",Jockey Club,,,,México,México,México,Marca,Baja,1,Gel fijador y cuidado capilar MX,brand
Belleza,"Productos para el cabello (keratina, cremas, ampolletas)",Keratin bio xai,,,,México,México,México,Marca,Baja,1,"Keratinas artesanales galón/20L, vía ML",brand
Belleza,"Productos para el cabello (keratina, cremas, ampolletas)",KeratinShot True Professional,,,,México,México,México,Marca,Baja,1,"Keratina alaciado japonés/brasileño mayoreo, vía ML",brand
Belleza,"Productos para el cabello (keratina, cremas, ampolletas)",LACIO,,,,México,México,México,Marca,Baja,1,"Keratina japonesa galón 5L, vía ML",brand
Belleza,"Productos para el cabello (keratina, cremas, ampolletas)",Liss-Factory,,,,México,México,México,Marca,Baja,1,"Keratin Repair 2.0, alaciados sin formol, vía ML",brand
Belleza,"Productos para el cabello (keratina, cremas, ampolletas)",Loquay,,,,México,México,México,Marca,Baja,1,"Primer aminokeratina y ampolletas, vía ML",brand
Belleza,"Productos para el cabello (keratina, cremas, ampolletas)",Mel Bros Co.,,,,Guadalajara,Jalisco,México,Tienda,Baja,1,Cosmetics & beauty supply en GDL,research
Belleza,"Productos para el cabello (keratina, cremas, ampolletas)",Moco de Gorila,,,,México,México,México,Marca,Baja,1,Gel y productos capilares mexicanos,brand
Belleza,"Productos para el cabello (keratina, cremas, ampolletas)",More Keratinas,,,,México,México,México,Marca,Baja,1,"Keratina Ultra 19L cubeta, vía ML",brand
Belleza,"Productos para el cabello (keratina, cremas, ampolletas)",Nancy Bruno Productos Capilares,,,,México,México,México,Distribuidor,Baja,1,"Tratamientos capilares por mayoreo, vía ML",research
Belleza,"Productos para el cabello (keratina, cremas, ampolletas)",Natura (línea capilar),,,,México,México,México,Marca,Baja,1,Productos naturales para cabello,brand
Belleza,"Productos para el cabello (keratina, cremas, ampolletas)",Novedades Santy,,,,Guadalajara,Jalisco,México,Tienda,Baja,1,Cosmetics & beauty supply en GDL,research
Belleza,"Productos para el cabello (keratina, cremas, ampolletas)",Nutrapel Keractive,,,,México,México,México,Marca,Baja,1,"Ampolletas keratina, vía ML",brand
Belleza,"Productos para el cabello (keratina, cremas, ampolletas)",Nutriliss,,,,México,México,México,Marca,Baja,1,"Keratina por litro, vía ML",brand
Belleza,"Productos para el cabello (keratina, cremas, ampolletas)",Ro Keratin,,,,México,México,México,Marca,Baja,1,"Keratina plastificado 1L, vía ML",brand
Belleza,"Productos para el cabello (keratina, cremas, ampolletas)",Sally and Beauty GDL,,,,Guadalajara,Jalisco,México,Tienda,Baja,1,"Tienda de cosméticos y belleza, 4.6★ en GDL",research
Belleza,"Productos para el cabello (keratina, cremas, ampolletas)",Savile,,,,México,México,México,Marca,Baja,1,"Shampoo biotina y cuidado capilar, marca MX",brand
Belleza,"Productos para el cabello (keratina, cremas, ampolletas)",SELGRY,,,,México,México,México,Marca,Baja,1,"Mayoreo keratina capilar 10 pzs, vía ML",brand
Belleza,"Productos para el cabello (keratina, cremas, ampolletas)",STEFANIE,,,,México,México,México,Marca,Baja,1,"Ampolletas queratina y colágeno, vía ML",brand
Belleza,"Productos para el cabello (keratina, cremas, ampolletas)",TO BEAUTYSHOP,,,,México,México,México,Distribuidor,Baja,1,Vende Salerm ampolletas en ML,research
Belleza,"Productos para el cabello (keratina, cremas, ampolletas)",Vittale,,,,México,México,México,Marca,Baja,1,"Keratina reestructurante 320ml, vía ML",brand
Belleza,"Productos para el cabello (keratina, cremas, ampolletas)",Volga,,,,México,México,México,Marca,Baja,1,"Kit 4L keratina, vía ML",brand
Belleza,"Productos para el cabello (keratina, cremas, ampolletas)",ZAIRE,,,,México,México,México,Marca,Baja,1,"Kerat-in alisado perfecto mayoreo, vía ML",brand
Belleza,"Productos para uñas (esmaltes, pegamentos, piedritas)",Bella Bella Distribuidora,https://bellabella.mx/,ventas@bellabella.mx,5588530819,CDMX,CDMX,México,Mayoreo,Alta,9,"Mín. $8000, WA 5614874776, Miss Cherry / Fantasy",research
Belleza,"Productos para uñas (esmaltes, pegamentos, piedritas)",Círculo B,https://circulob.mx/,contacto@circulob.mx,2381270502,Tehuacán,Puebla,México,Ejemplo original,Alta,8,"Ejemplo del cliente — esmaltes, pegamentos, piedritas",ejemplo_cliente
Belleza,"Productos para uñas (esmaltes, pegamentos, piedritas)",Fantasy Nails Shop CDMX,https://www.facebook.com/fantasynailscdmx/,,5579007784,CDMX,CDMX,México,Mayoreo,Alta,6,Envíos nacionales,research
Belleza,"Productos para uñas (esmaltes, pegamentos, piedritas)",Mc Nails México,https://www.mcnailsmexico.com/,ventas@mcnailsmexico.com,5570290745,CDMX,CDMX,México,Mayoreo,Alta,9,Productos para uñas y accesorios; mayoreo WhatsApp 55 1224 2149,research
Belleza,"Productos para uñas (esmaltes, pegamentos, piedritas)",Nails Shop SLP,https://www.nailsshop.com.mx/,,4448096424,San Luis Potosí,SLP,México,Mayoreo,Alta,6,"Río Verde 315, Fantasy/Organic/Wapizima",research
Belleza,"Productos para uñas (esmaltes, pegamentos, piedritas)",Romez Distribuidora,https://www.romezdistribuidora.com.mx/,,4448096424,San Luis Potosí,SLP,México,Mayoreo,Alta,6,"Fantasy Nails, Organic, Mc Nails, Wapizima, Gelish; Carretera Río Verde 315; subdistribuidor",research
Belleza,"Productos para uñas (esmaltes, pegamentos, piedritas)",Wapizima,https://wapizima.shop/,antonio@wapizima.info,,México,México,México,Marca,Alta,6,Esmaltes y acrílico nacional,research
Belleza,"Productos para uñas (esmaltes, pegamentos, piedritas)",Cyndy Nails,,,5512242149,Tlalnepantla,EdoMex,México,Mayoreo,Media,4,"Venta de productos para uñas; Moctezuma 104, Tlalnepantla",research
Belleza,"Productos para uñas (esmaltes, pegamentos, piedritas)",MC Nails Oficial,https://mcnails.mx/,,,México,México,México,Marca,Media,3,"Kits de polygel, acrílico y esmaltes semipermanentes premium",brand
Belleza,"Productos para uñas (esmaltes, pegamentos, piedritas)","Productos para uñas (esmaltes, pegamentos, piedritas) (ejemplo original)",https://circulob.mx/,,,,,México,Ejemplo original,Media,2,Seed del cliente,ejemplo_cliente
Belleza,"Productos para uñas (esmaltes, pegamentos, piedritas)",Wapizima Tienda,https://wapizima.shop/,,,Guadalajara,Jalisco,México,Marca,Media,4,Mayoreo de productos de uñas en GDL; asesoría a manicuristas,research
Belleza,"Productos para uñas (esmaltes, pegamentos, piedritas)",Miss Cherry,,,,México,México,México,Marca,Baja,1,"Kit poligel/acrigel sistema dual, vía ML",brand
Belleza,"Productos para uñas (esmaltes, pegamentos, piedritas)",MISSTU,,,,México,México,México,Marca,Baja,1,"Kit polygel Beaucat 18 pcs, más vendido en ML",brand
Belleza,"Productos para uñas (esmaltes, pegamentos, piedritas)",Studio Nails,,,,México,México,México,Marca,Baja,1,"Polygel en colores, 4.8★ vía ML",brand
Belleza,Pupilentes,GioLens Vision Care,https://www.giolensvisioncare.com.mx/,giolens@hotmail.com,6643700664,Tijuana,BC,México,Marca/retail,Alta,9,"Blvd Sánchez Taboada 16005, mayoreo Freshgo / Meetone",research
Belleza,Pupilentes,Lentematic,https://lentematic.com/,clientes@lentematic.com,8000220342,San Pedro Garza García,NL,México,Ecom,Alta,9,"Desde 2012, Mall del Valle Calz. del Valle 400",research
Belleza,Pupilentes,Lentes en México,https://www.lentesenmexico.com.mx/,ventas@lentesenmexico.com.mx,5562860422,CDMX,CDMX,México,Óptica online,Alta,8,"Centro Cuauhtémoc, FreshLook / Air Optix, WA 5569378629",research
Belleza,Pupilentes,Pupilentes GDL,https://www.facebook.com/pupilentesGDL/,pupilentesgdl@gmail.com,3317621010,Guadalajara,Jalisco,México,Tienda,Alta,8,"Plaza Kristal local 4, Fco. Javier Mina 325",research
Belleza,Pupilentes,SColorsMX,https://www.scolorsmx.com/,scolorsmx@gmail.com,5517272796,CDMX,CDMX,México,Mayoreo D2C,Alta,9,"Plaza de la República 9, Freshlady Love Story",research
Belleza,Pupilentes,Lentes World,https://www.lentesworld.com.mx/,,,México,México,México,Ecom,Media,3,Acuvue / Air Optix / Biofinity,research
Belleza,Pupilentes,Más Visión,https://www.masvision.mx/,,,México,México,México,Ecom óptica,Media,3,"Acuvue, Air Optix, Biofinity, iWear",research
Belleza,Pupilentes,Pupilentes (ejemplo original),https://pupilentes.shop/,,,,,México,Ejemplo original,Media,2,Seed del cliente,ejemplo_cliente
Belleza,Pupilentes,Pupilentes.shop,https://pupilentes.shop/,,,México,México,México,Ejemplo original,Media,2,Ejemplo del cliente — ecom pupilentes de color,ejemplo_cliente
Belleza,Pupilentes,PupilentesYA,https://pupilentesya.com/,,,México,México,México,Ecom,Media,3,"Lentes de contacto de color; Lunare, FreshLook; envío gratis MX",research
Belleza,Pupilentes,Ópticas Lux,https://lux.mx/collections/lentes-de-contacto,,,México,México,México,Retail,Media,2,Air Optix / Acuvue / Contalux,brand
Belleza,Pupilentes,Air Optix Colors (Alcon),,,,,,México,Marca,Baja,1,Pupilentes hidrogel de silicona de Alcon,brand
Belleza,Pupilentes,FreshLook ColorBlends (Alcon),,,,,,México,Marca,Baja,1,Pupilentes de color mensuales Alcon,brand
Belleza,Pupilentes,Sense,,,,,,México,Marca,Baja,1,"Lente esférico blando de color, vía ópticas MX",brand
Belleza,Pupilentes,SofLens StarColors (Bausch+Lomb),,,,,,México,Marca,Baja,1,Lentes de contacto de color Bausch+Lomb,brand
Refaccionaria,Refacciones automotrices,Dago Hidalgo,https://dago.com.mx/,hidalgo@dago.com.mx,,Pachuca,Hidalgo,México,Sucursal,Alta,6,"Río Tamazula 223, Issste, Pachuca",research
Refaccionaria,Refacciones automotrices,Dago Refacciones,https://dago.com.mx/,toluca@dago.com.mx,,Toluca,EdoMex,México,Mayoreo,Alta,7,"15+ años; Toluca, Querétaro, Pachuca y Puebla; catálogos NGK/filtros",research
Refaccionaria,Refacciones automotrices,Filtros producto,https://dago.com.mx/,toluca@dago.com.mx,,Toluca,EdoMex,México,Producto,Alta,6,Catálogo de filtros 2025,research
Refaccionaria,Refacciones automotrices,Mayoreo Automotriz ML,https://www.mayoreoautomotrizml.com.mx/,mayoreomlventas@gmail.com,3331124080,Guadalajara,Jalisco,México,Mayoreo,Alta,9,"Béjar 1667, Sta. Elena de la Cruz; BAW, CAP, Cauplas, Profilter",research
Refaccionaria,Refacciones automotrices,Mayoreo ML 2o tel,https://www.mayoreoautomotrizml.com.mx/,,3334500960,Guadalajara,Jalisco,México,Canal,Alta,5,33 3450 0960,research
Refaccionaria,Refacciones automotrices,Nikko Autoparts,https://www.nikkoauto.mx/,,5557161400,CDMX,CDMX,México,Mayoreo,Alta,6,"50+ años; 15,000 productos; Av. Javier Rojo Gómez 1201, Iztapalapa",research
Refaccionaria,Refacciones automotrices,Todo Refacciones,https://todorefacciones.mx/,ventas@todorefacciones.mx,8134407739,Monterrey,Nuevo León,México,Mayoreo,Alta,9,"Arteaga 948 Centro, MTY; mayoreo, distribución e importación",research
Refaccionaria,Refacciones automotrices,Amazon MX autopartes,https://www.amazon.com.mx/s?k=refacciones+automotrices,,,México,México,México,Marketplace,Media,2,Sellers de autopartes,research
Refaccionaria,Refacciones automotrices,AutoZone México,https://www.autozone.com.mx/,,,CDMX,CDMX,México,Retail,Media,3,Refaccionarias de autoservicio,brand
Refaccionaria,Refacciones automotrices,Baleros y rodamientos producto,https://www.masterautopartes.com/,,,CDMX,CDMX,México,Producto,Media,3,Línea baleros y rodamientos,research
Refaccionaria,Refacciones automotrices,Bosch México,https://www.bosch.com.mx/,,,,,México,Marca,Media,3,Autopartes,brand
Refaccionaria,Refacciones automotrices,Clutch y frenos producto,https://www.masterautopartes.com/,,,CDMX,CDMX,México,Producto,Media,3,Línea clutch y frenos,research
Refaccionaria,Refacciones automotrices,Master Autopartes,https://www.masterautopartes.com/,,,CDMX,CDMX,México,Mayoreo,Media,4,"45+ años, 25,000 productos; Central 115 Col. Atlántida; distribuidor Nikko",research
Refaccionaria,Refacciones automotrices,Mayoreo Continental (MACOSA),https://www.mayoreocontinental.com.mx/,,,,,México,Mayoreo,Media,3,"Desde 1977, distribución al mayoreo, Sureste Mexicano",research
Refaccionaria,Refacciones automotrices,ML refacciones mayoreo,https://listado.mercadolibre.com.mx/refacciones-automotrices-mayoreo,,,México,México,México,Marketplace,Media,2,Mayoreo de refacciones,research
Refaccionaria,Refacciones automotrices,MotorStore (ejemplo),https://motorstore.mx/,,,,,México,Ejemplo original,Media,2,Ejemplo del cliente — refacciones automotrices,ejemplo_cliente
Refaccionaria,Refacciones automotrices,NAPA México,https://www.napaautopartes.mx/,,,,,México,Retail,Media,2,Refaccionarias,brand
Refaccionaria,Refacciones automotrices,NGK México,https://www.ngkntk.com.mx/,,,,,México,Marca,Media,3,Bujías y filtros,brand
Refaccionaria,Refacciones automotrices,O'Reilly Auto Parts MX,https://www.oreillyauto.com.mx/,,,,,México,Retail,Media,2,Refaccionarias,brand
Refaccionaria,Refacciones automotrices,Refacciones automotrices (ejemplo original),https://motorstore.mx/,,,,,México,Ejemplo original,Media,2,Seed del cliente,ejemplo_cliente
Refaccionaria,Refacciones automotrices,Brembo,,,,,,México,Marca,Baja,1,Frenos,brand
Refaccionaria,Refacciones automotrices,Continental / VDO,,,,,,México,Marca,Baja,1,Electrónica automotriz,brand
Refaccionaria,Refacciones automotrices,Denso México,,,,,,México,Marca,Baja,1,Partes eléctricas y encendido,brand
Refaccionaria,Refacciones automotrices,ELCA / NSB,,,,,,México,Marca,Baja,1,"Partes eléctricas, vía Master Autopartes",brand
Regalos,Scoops / sorpresas,Cool Scoops MX,https://www.tiktok.com/@cool.scoops.mx,,5534286710,México,México,México,Ecom,Alta,5,Mystery scoop orders con envíos a todo México; WhatsApp 55 3428 6710,research
Regalos,Scoops / sorpresas,Scoops Sorpresas Mx,https://www.tiktok.com/@scoopssorpresasmx,,6142442232,Chihuahua,Chihuahua,México,Ejemplo original,Alta,5,Ejemplo del cliente — scoop orders por TikTok; WhatsApp 614 244 2232; envíos nacionales,ejemplo_cliente
Regalos,Scoops / sorpresas,Bookscoop MX,https://www.tiktok.com/@bookscoopmx,,,México,México,México,Ecom,Media,3,Caja sorpresa 20 scoops temática booktok/libros,research
Regalos,Scoops / sorpresas,Bubble Scoops,https://www.tiktok.com/@bubble.scoops,,,México,México,México,Ecom,Media,3,"Pedidos kawaii con ASMR; fidgets, squishy y papelería",research
Regalos,Scoops / sorpresas,Chíkidi,https://chikidi.com.mx/,,,México,México,México,Papelería kawaii,Media,2,Tienda MX de papelería kawaii y stickers Sanrio; insumo para scoops,research
Regalos,Scoops / sorpresas,Crystaira Mystery Scoop,https://www.tiktok.com/@crystaira_mystery,,,México,México,México,Ecom,Media,3,Sanrio cards + scoops; packing orders,research
Regalos,Scoops / sorpresas,CUTIENINI Boutique,https://www.tiktok.com/@cutienini_boutique,,,México,México,México,Ecom,Media,3,Sanrio mix box y mystery scoop ASMR,research
Regalos,Scoops / sorpresas,Deiker Scoops,https://deikerscoops.com/,,,México,México,México,Ecom,Media,3,Scoops sorpresa con productos seleccionados; Luxe Clásica $899; video personalizado,research
Regalos,Scoops / sorpresas,Favorite Scoops,https://www.tiktok.com/@favorite.scoops,,,México,México,México,Ecom,Media,3,Mini scoops temáticas Sanrio/Hello Kitty,research
Regalos,Scoops / sorpresas,FLOR DE NEÓN | scoops,https://www.tiktok.com/@flordeneon.scoops,,,México,México,México,Ecom,Media,3,Scoop orders con envíos a toda la República; papelería kawaii y Sanrio,research
Regalos,Scoops / sorpresas,Hammy Scoops MX,https://www.tiktok.com/@sweethamscoops,,,México,México,México,Ecom,Media,3,Scoop orders Sanrio/papelería kawaii; TikTok Shop; envíos MX,research
Regalos,Scoops / sorpresas,Kawaii Box Kuromi (ML),https://listado.mercadolibre.com.mx/sanrio-papeleria,,,México,México,México,Marketplace,Media,2,Kits de papelería Sanrio en caja de regalo kawaii,research
Regalos,Scoops / sorpresas,Kawaii Devil Shop,https://www.tiktok.com/@kawaiidevilshop,,,México,México,México,Ecom,Media,3,"Mystery scoop box con charms, pins y stickers; mini scoop gratis por orden",research
Regalos,Scoops / sorpresas,Küssy Scoop,https://www.tiktok.com/@kussyscoop,,,México,México,México,Ecom,Media,3,Maxi y sweet scoop orders kawaii; empaque ASMR; scoopmexico,research
Regalos,Scoops / sorpresas,LiquiMart México,https://www.tiktok.com/@liquimartmexico,,,México,México,México,Ecom,Media,3,Cajas sorpresa de electrónica y liquidación,research
Regalos,Scoops / sorpresas,Maneki Lucky Scoop MX,https://www.instagram.com/manekiluckyscoopmx/,,,CDMX,CDMX,México,Ecom,Media,4,Scoop order kawaii y Sanrio desde CDMX; envíos nacionales,research
Regalos,Scoops / sorpresas,Mystery Box Caja Sorpresa ML,https://listado.mercadolibre.com.mx/caja-sorpresa,,,México,México,México,Marketplace,Media,2,Sellers de cajas sorpresa/misteriosas de electrónica en ML,research
Regalos,Scoops / sorpresas,Papecute,https://www.instagram.com/papecuteoficial/,,5550326851,México,México,México,Papelería kawaii,Media,4,Papelería boutique MX especializada en accesorios kawaii y Sanrio; catálogo WhatsApp,research
Regalos,Scoops / sorpresas,Puchi Scoop,https://www.tiktok.com/@puchi.scoop,,,México,México,México,Ecom,Media,3,Mystery scoop shop: maquillaje y papelería,research
Regalos,Scoops / sorpresas,Regalos y Canastas,https://www.regalosycanastas.mx/,,,Mérida,Yucatán,México,Regalos,Media,3,"Caja sorpresa con flores, chocolates y frase personalizada (Mérida)",research
Regalos,Scoops / sorpresas,Sanrio,https://www.sanrio.com.mx/,,,,,México,Marca,Media,3,Licencias Hello Kitty y personajes kawaii que se revenden en scoops,brand
Regalos,Scoops / sorpresas,Scoops / sorpresas (ejemplo original),https://www.facebook.com/p/Scoops-Sorpresas-Mx-61574706583273/,,,,,México,Ejemplo original,Media,2,Seed del cliente,ejemplo_cliente
Regalos,Scoops / sorpresas,Scoup Mewss,,,,Torreón,Coahuila,México,Ecom,Media,2,Pionera de scoops en La Laguna: mini (7-12 artículos) y premium (12-20) con video ASMR,research
Regalos,Scoops / sorpresas,Shoppink,https://www.tiktok.com/@shoppinkk0,,,México,México,México,Ecom,Media,3,Mystery scoop de 20 cápsulas con productos de belleza y regalos,research
Regalos,Scoops / sorpresas,Tienda Komet,https://tiendakomet.com/,,,México,México,México,Ecom,Media,3,Cajas sorpresa de electrónica (Apple/iPhone) con 20% off hot sale,research
Regalos,Scoops / sorpresas,TikTok Shop México,https://shop.tiktok.com/,,,,,México,Marketplace,Media,2,Plataforma donde operan la mayoría de tiendas scoop MX,research
Regalos,Scoops / sorpresas,Etsy — sellers scoop,https://www.etsy.com/mx/market/kawaii_stationery_scoop,,,,,México,Marketplace,Baja,1,Vendedores de mystery scoops y lucky dips,research
Regalos,Scoops / sorpresas,Lola Tienda,,,,México,México,México,Distribuidor,Baja,1,Lapiceras y papelería Sanrio; seller de ML,research
Regalos,Scoops / sorpresas,PANGEA Un Mundo de Diversión,,,,México,México,México,Distribuidor,Baja,1,Stickers Hello Kitty 500 pzas; seller de ML,research
Regalos,Scoops / sorpresas,Squishmallows MX,,,,,,México,Marca,Baja,1,Squishy y peluches que se incluyen en scoops,brand
Fintech,Servicio de envios de tarjetas,Albo,https://www.albo.mx/,,,CDMX,CDMX,México,Neobanco,Media,3,Cuenta digital con tarjeta de débito,brand
Fintech,Servicio de envios de tarjetas,American Express México,https://www.americanexpress.com/mx,,,CDMX,CDMX,México,Red,Media,3,Emisora de tarjetas premium,brand
Fintech,Servicio de envios de tarjetas,BanBajío,https://www.banbajio.com/,,,León,Guanajuato,México,Banco,Media,3,Banco con tarjetas garantizadas,brand
Fintech,Servicio de envios de tarjetas,Banco Azteca,https://www.bancoazteca.com.mx/,,,CDMX,CDMX,México,Banco,Media,3,Banco con tarjetas y envíos,brand
Fintech,Servicio de envios de tarjetas,Banco Plata (ejemplo),https://bancoplata.mx/es,,,CDMX,CDMX,México,Ejemplo original,Media,3,Ejemplo del cliente — banco digital con tarjetas,ejemplo_cliente
Fintech,Servicio de envios de tarjetas,Banorte,https://www.banorte.com/,,,Monterrey,Nuevo León,México,Banco,Media,3,Banco tradicional con envío de tarjetas,brand
Fintech,Servicio de envios de tarjetas,BBVA México,https://www.bbva.mx/,,,CDMX,CDMX,México,Banco,Media,3,Banco tradicional con envío de tarjetas,brand
Fintech,Servicio de envios de tarjetas,Bineo,https://www.bineo.com.mx/,,,CDMX,CDMX,México,Neobanco,Media,3,Banco digital de Banorte,brand
Fintech,Servicio de envios de tarjetas,Broxel,https://broxel.com/,,,CDMX,CDMX,México,Fintech,Media,3,Emisión de tarjetas y nómina digital,brand
Fintech,Servicio de envios de tarjetas,Citibanamex,https://www.banamex.com/,,,CDMX,CDMX,México,Banco,Media,3,Banco tradicional con envío de tarjetas,brand
Fintech,Servicio de envios de tarjetas,Clara,https://www.clara.com/mx,,,CDMX,CDMX,México,Fintech,Media,3,Tarjetas corporativas B2B,brand
Fintech,Servicio de envios de tarjetas,Cuenca,https://www.cuenca.mx/,,,CDMX,CDMX,México,Fintech,Media,3,Cuenta digital para negocios,brand
Fintech,Servicio de envios de tarjetas,DolarApp,https://dolarapp.com/,,,CDMX,CDMX,México,Fintech,Media,3,Cuenta en dólares con tarjeta,brand
Fintech,Servicio de envios de tarjetas,Finsus,https://www.finsus.mx/,,,CDMX,CDMX,México,Fintech,Media,3,Cuenta de ahorro y tarjeta,brand
Fintech,Servicio de envios de tarjetas,Fondeadora,https://fondeadora.com/,,,CDMX,CDMX,México,Neobanco,Media,3,Cuenta digital con tarjeta física,brand
Fintech,Servicio de envios de tarjetas,Hey Banco,https://www.heybanco.com/,,,Monterrey,Nuevo León,México,Neobanco,Media,3,Banco digital de Banregio; tarjetas con cashback,brand
Fintech,Servicio de envios de tarjetas,HSBC México,https://www.hsbc.com.mx/,,,CDMX,CDMX,México,Banco,Media,3,Banco tradicional con envío de tarjetas,brand
Fintech,Servicio de envios de tarjetas,Kapital,https://www.kapital.mx/,,,CDMX,CDMX,México,Fintech,Media,3,Finanzas empresariales y tarjetas corporativas,brand
Fintech,Servicio de envios de tarjetas,Klar,https://klar.mx/,,,CDMX,CDMX,México,Neobanco,Media,3,Cuenta digital e inversiones; 3M+ usuarios,brand
Fintech,Servicio de envios de tarjetas,Konfío,https://konfio.mx/,,,CDMX,CDMX,México,Fintech,Media,3,Tarjetas empresariales y crédito PYME,brand
Fintech,Servicio de envios de tarjetas,Mastercard México,https://www.mastercard.com.mx/,,,CDMX,CDMX,México,Red,Media,3,Red de pagos,brand
Fintech,Servicio de envios de tarjetas,Mercado Pago,https://www.mercadopago.com.mx/,,,CDMX,CDMX,México,Fintech,Media,3,Wallet y tarjeta,brand
Fintech,Servicio de envios de tarjetas,NOVACARD,https://novacard.mx/,,,CDMX,CDMX,México,Fintech,Media,3,Tarjeta garantizada 100% digital desde $500,research
Fintech,Servicio de envios de tarjetas,Nu México,https://www.nu.com.mx/,,,CDMX,CDMX,México,Neobanco,Media,3,Tarjeta de crédito 100% digital; envío a domicilio,brand
Fintech,Servicio de envios de tarjetas,Openbank México,https://www.openbank.mx/,,,CDMX,CDMX,México,Neobanco,Media,3,Banco digital de Grupo Santander,brand
Fintech,Servicio de envios de tarjetas,RappiCard,https://www.rappicard.com/,,,CDMX,CDMX,México,Fintech,Media,3,"Tarjeta con cashback, alianza Banco J.P. Morgan",brand
Fintech,Servicio de envios de tarjetas,Revolut México,https://www.revolut.com/mx/,,,CDMX,CDMX,México,Neobanco,Media,3,Cuenta multi-divisa con tarjeta,brand
Fintech,Servicio de envios de tarjetas,Santander México,https://www.santander.com.mx/,,,CDMX,CDMX,México,Banco,Media,3,Banco tradicional con envío de tarjetas,brand
Fintech,Servicio de envios de tarjetas,Scotiabank México,https://www.scotiabank.com.mx/,,,CDMX,CDMX,México,Banco,Media,3,Banco tradicional con envío de tarjetas,brand
Fintech,Servicio de envios de tarjetas,Servicio de envios de tarjetas (ejemplo original),https://bancoplata.mx/es,,,,,México,Ejemplo original,Media,2,Seed del cliente,ejemplo_cliente
Fintech,Servicio de envios de tarjetas,Spin by OXXO,https://www.spin.com.mx/,,,Monterrey,Nuevo León,México,Fintech,Media,3,Cuenta y tarjeta de débito de OXXO,brand
Fintech,Servicio de envios de tarjetas,Stori,https://www.stori.com.mx/,,,CDMX,CDMX,México,Fintech,Media,3,Tarjeta sin historial; 2M+ usuarios,brand
Fintech,Servicio de envios de tarjetas,Ualá México,https://www.uala.mx/,,,CDMX,CDMX,México,Neobanco,Media,3,Cuenta y tarjeta digital; alianza ABC Capital,brand
Fintech,Servicio de envios de tarjetas,Vexi,https://vexi.mx/,,,CDMX,CDMX,México,Fintech,Media,3,"Tarjeta de crédito sin buró, red Amex; 1M+ clientes",brand
Fintech,Servicio de envios de tarjetas,Visa México,https://www.visa.com.mx/,,,CDMX,CDMX,México,Red,Media,3,Red de pagos,brand
Fintech,Servicio de envios de tarjetas,Didi Card,,,,CDMX,CDMX,México,Fintech,Baja,1,Tarjeta de crédito de Didi,brand
Belleza,"Shampoo artesanal, shampoo con tinte",Bam Boo Lifestyle,https://www.bamboolifestyle.com.mx/,onnearrss@gmail.com,5579388337,CDMX,CDMX,México,Marca eco,Alta,9,"Saratoga 904 Benito Juárez, shampoo sólido rizos",research
Belleza,"Shampoo artesanal, shampoo con tinte",Don Juan Beauty Supply,https://donjuan.mx/,contacto@donjuan.mx,6621940726,Hermosillo,Sonora,México,Mayoreo,Alta,9,"Keratina, cremas, ampolletas, L-S 9-17",research
Belleza,"Shampoo artesanal, shampoo con tinte",Jabones Artesanales Ordaz,https://www.jabonesartesanalesordaz.net/,ventas@jabonesartesanalesordaz.net,5536169938,CDMX,CDMX,México,Fabricante,Alta,9,"Avena 161 Granjas Esmeralda Iztapalapa, WA 5514966392",research
Belleza,"Shampoo artesanal, shampoo con tinte",Productos Möe,https://www.productosmoe.com/,,3330365447,Zapopan,Jalisco,México,Fabricante,Alta,6,"Shampoo sólido, jabones y velas de soja; mayoreo con marca personal; Río Tuxpan 1049",research
Belleza,"Shampoo artesanal, shampoo con tinte",RIS.O.S.,https://risos.com.mx/tienda/,,5564657515,CDMX,CDMX,México,Marca rizos,Alta,6,Mariano Escobedo 194 Miguel Hidalgo 11320,research
Belleza,"Shampoo artesanal, shampoo con tinte",Rizos Mexicanos,https://www.rizosmexicanos.com/,,5514718602,México,México,México,Marca D2C,Alta,5,"Shampoo sólido avena, rizos, sin sulfatos",research
Belleza,"Shampoo artesanal, shampoo con tinte",AMAI MX,https://amai.mx/,,,México,México,México,Marca D2C,Media,3,Shampoo en barra anticaída / rizos / hidratación,research
Belleza,"Shampoo artesanal, shampoo con tinte",Jabón de Zorro D'Avi,https://www.jabondezorro.com/,,,México,México,México,Ecom,Media,3,Champú sólido ecológico y artesanal; venta por mayor y menor,research
Belleza,"Shampoo artesanal, shampoo con tinte",Laguna Cyprien,https://lagunacyprien.mx/,,,México,México,México,Marca,Media,3,"Shampoo sólido sin sulfatos ni plásticos, hecho en México",brand
Belleza,"Shampoo artesanal, shampoo con tinte",MEIDU México,https://www.meidu.com.mx/,,5511336665,México,México,México,Ejemplo original,Media,4,Ejemplo del cliente — shampoo tinte 3 en 1 cubre canas,ejemplo_cliente
Belleza,"Shampoo artesanal, shampoo con tinte",OnlyShop México,https://www.onlyshop.com.mx/,,,México,México,México,Ecom,Media,3,Shampoo tinte cubre canas jengibre 500ml; sin amoníaco,research
Belleza,"Shampoo artesanal, shampoo con tinte","Shampoo artesanal, shampoo con tinte (ejemplo original)",https://www.meidu.com.mx/,,,,,México,Ejemplo original,Media,2,Seed del cliente,ejemplo_cliente
Belleza,"Shampoo artesanal, shampoo con tinte",Avellana Beauty Eco Boutique,,,,México,México,México,Marca,Baja,1,"Shampoo sólido anti-canas a base de nogal, salvia y romero",brand
Belleza,"Shampoo artesanal, shampoo con tinte",Baregk,,,,México,México,México,Marca,Baja,1,"Tinte shampoo café castaño en sobres, vía ML",brand
Belleza,"Shampoo artesanal, shampoo con tinte",Kaisasa,,,,México,México,México,Marca,Baja,1,Shampoo con tinte cubre canas jengibre; 4.7★ (687 reseñas) vía ML,brand
Belleza,"Shampoo artesanal, shampoo con tinte",Lu'um Nuestra Tierra,,,,México,México,México,Marca,Baja,1,Shampoo matizante de canas sólido,brand
Belleza,"Shampoo artesanal, shampoo con tinte",Raíces Co,,,,México,México,México,Marca,Baja,1,"Shampoo sólido anti-canas de nogal, $180/90g",brand
Belleza,Skincare Coreano,KBeauty MX,https://kbeautymx.com/,contacto.kbeautymx@gmail.com,,México,México,México,Ecom,Alta,6,"Skin1004, Tocobo, Medicube; L-V 9-18",research
Belleza,Skincare Coreano,Klara Beauty,https://klarabeauty.com.mx/,hola@klarabeauty.com.mx,4776121896,León,Guanajuato,México,Ecom,Alta,9,Muralista Latino 204; marcas coreanas originales,research
Belleza,Skincare Coreano,MakeupMX Distribuidora,https://makeupmx.com/,contacto@makeupmxdistribuidora.com,4424673394,Querétaro,Querétaro,México,Mayoreo,Alta,9,K-beauty y cosmética originales; Campo Real 1402 local 4,research
Belleza,Skincare Coreano,Mayoreo K-Beauty,https://mayoreokbeauty.com.mx/,info@mayoreokbeauty.com.mx,,México,México,México,Mayoreo,Alta,6,From Seoul to Tokyo; etiquetado COFEPRIS,research
Belleza,Skincare Coreano,Yoon Lab,https://yoonlab.mx/,contacto@yoonlab.mx,5520041035,CDMX,CDMX,México,Ecom,Alta,9,Juan Salvador Agraz 73; skincare coreano auténtico,research
Belleza,Skincare Coreano,Amazon MX K-beauty,https://www.amazon.com.mx/s?k=skincare+coreano,,,México,México,México,Marketplace,Media,2,Sellers de skincare coreano,research
Belleza,Skincare Coreano,Anua,,,,Corea,,México,Marca,Media,2,"Skincare coreano, retail MX",brand
Belleza,Skincare Coreano,Beauty of Joseon,,,,Corea,,México,Marca,Media,2,"Skincare coreano viral, venta MX",brand
Belleza,Skincare Coreano,Celiz,https://www.celiz.com.mx/,,,México,México,México,Mayoreo,Media,3,Proveedor de skincare coreano al mayoreo; 50% desc al invertir $30k,research
Belleza,Skincare Coreano,COSRX,,,,Corea,,México,Marca,Media,2,"Skincare coreano, retail MX vía Youngmi y otros",brand
Belleza,Skincare Coreano,Etude House,,,,Corea,,México,Marca,Media,2,"K-beauty, retail MX",brand
Belleza,Skincare Coreano,Halo Skin (ejemplo),https://haloskin.mx/,,,México,México,México,Ejemplo original,Media,2,Ejemplo del cliente — skincare coreano D2C,ejemplo_cliente
Belleza,Skincare Coreano,Innisfree,,,,Corea,,México,Marca,Media,2,"Skincare coreano, retail MX",brand
Belleza,Skincare Coreano,Laly Skin,https://www.lalyskin.com/,,,México,México,México,Mayoreo,Media,3,Mayoreo de skincare coreano en línea,research
Belleza,Skincare Coreano,Laneige,,,,Corea,,México,Marca,Media,2,"Skincare coreano, retail departamental MX",brand
Belleza,Skincare Coreano,Liverpool belleza coreana,https://www.liverpool.com.mx/,,,CDMX,CDMX,México,Retail,Media,3,Sección de K-beauty,brand
Belleza,Skincare Coreano,Medicube,,,,Corea,,México,Marca,Media,2,"Skincare coreano, retail MX",brand
Belleza,Skincare Coreano,Mercado Libre K-beauty,https://listado.mercadolibre.com.mx/skincare-coreano,,,México,México,México,Marketplace,Media,2,Tiendas de skincare coreano en ML,research
Belleza,Skincare Coreano,Missha,,,,Corea,,México,Marca,Media,2,"K-beauty, venta MX",brand
Belleza,Skincare Coreano,Nahima Korean Beauty,https://nahima.mx/,,,Mexicali,BC,México,Ecom,Media,4,K-beauty en frontera,research
Belleza,Skincare Coreano,Piel Coreana,https://www.pielcoreana.com/,,,México,México,México,Mayoreo,Media,3,8+ años con marcas coreanas; mayoreo K-beauty con factura y envíos express 1-2 días,research
Belleza,Skincare Coreano,Purito,,,,Corea,,México,Marca,Media,2,"Skincare coreano, venta MX vía K-beauty shops",brand
Belleza,Skincare Coreano,Sephora México K-beauty,https://www.sephora.com.mx/,,,CDMX,CDMX,México,Retail,Media,3,"Vende marcas coreanas (Laneige, Innisfree)",brand
Belleza,Skincare Coreano,Skin1004,,,,Corea,,México,Marca,Media,2,"Centella asiática, retail MX",brand
Belleza,Skincare Coreano,Skincare Coreano (ejemplo original),https://haloskin.mx/,,,,,México,Ejemplo original,Media,2,Seed del cliente,ejemplo_cliente
Belleza,Skincare Coreano,TikTok Shop K-beauty,https://shop.tiktok.com/,,,México,México,México,Marketplace,Media,2,Venta D2C de K-beauty,research
Belleza,Skincare Coreano,Tocobo,,,,Corea,,México,Marca,Media,2,"Skincare coreano, retail MX",brand
Belleza,Skincare Coreano,Youngmi,https://youngmi.mx/,,,México,México,México,Ecom,Media,3,"+800 productos COSRX, Anua, Medicube",research
Belleza,Skincare Coreano,Kkul,,,,México,México,México,Mayoreo,Baja,1,Skincare coreano a precio de mayoreo desde 1 pieza; envíos MX y USA,research
Belleza,Skincare y maquillaje,Bamboo Store Cosméticos,https://www.bamboocosmeticos.com/,contacto@bamboocosmeticos.com,5568303103,CDMX,CDMX,México,Mayoreo,Alta,9,"Calz. Tlalpan 1074 local C, Benito Juárez; originales y chinos",research
Belleza,Skincare y maquillaje,Bamboo WA,https://www.bamboocosmeticos.com/,,5513822468,CDMX,CDMX,México,Canal,Alta,5,WhatsApp +52 55 1382 2468,research
Belleza,Skincare y maquillaje,Beauty Care Latam (ejemplo),https://beautycarelatam.com.mx/,,5591382000,CDMX,CDMX,México,Ejemplo original,Alta,5,Ejemplo del cliente — skincare y maquillaje; Reforma 1015 P.5 Santa Fe,ejemplo_cliente
Belleza,Skincare y maquillaje,Cosmétics mayoreo CDMX,https://www.facebook.com/cdmxcosmeticosmayoreo/,,5577619644,CDMX,CDMX,México,Mayoreo,Alta,6,"Transvaal 531 int 1; sin mínimo, envíos República",research
Belleza,Skincare y maquillaje,House of Beauty,https://www.housebeauty.mx/mayoreo/,,5575227542,CDMX,CDMX,México,Mayoreo,Alta,6,"Adara Paris, Beauty Creations, La Girl, La Colors, Pink Up, Rude…",research
Belleza,Skincare y maquillaje,MAKEUPMX Distribuidora,https://makeupmx.com/,contacto@makeupmxdistribuidora.com,4424673394,Querétaro,Querétaro,México,Mayoreo,Alta,9,"Campo Real 1402 local 4, El Refugio; K-beauty y cosmética",research
Belleza,Skincare y maquillaje,MAKEUPMX soporte,https://makeupmx.com/,equipomakeupmx@gmail.com,4424673394,Querétaro,Querétaro,México,Canal,Alta,8,Soporte / ATC,research
Belleza,Skincare y maquillaje,ML Beauty Trend,https://mlbeautytrend.mx/,hola@mlbeautytrend.mx,,Querétaro,Querétaro,México,Mayoreo,Alta,7,"Beauty Creations, Arantza, Pink Up, Moira +20 marcas; mín. $1,490",research
Belleza,Skincare y maquillaje,Paletas de sombras producto,https://www.housebeauty.mx/mayoreo/,,5575227542,CDMX,CDMX,México,Producto,Alta,5,Paletas Beauty Creations / Moira,research
Belleza,Skincare y maquillaje,Protector solar producto,https://mlbeautytrend.mx/,hola@mlbeautytrend.mx,,Querétaro,Querétaro,México,Producto,Alta,6,SPF en mayoreo,research
Belleza,Skincare y maquillaje,Sérum vitamina C producto,https://makeupmx.com/,,4424673394,Querétaro,Querétaro,México,Producto,Alta,5,Skincare activos,research
Belleza,Skincare y maquillaje,Zelar Shop Mayoreo,https://mayoreo.zelarshop.com/,ventas@zelarshop.com,3319462952,Zapopan,Jalisco,México,Mayoreo,Alta,9,"Oscar Wilde 5895A, Lomas Universidad; Beauty Creations",research
Belleza,Skincare y maquillaje,Amazon MX cosméticos,https://www.amazon.com.mx/s?k=maquillaje+mayoreo,,,México,México,México,Marketplace,Media,2,Sellers de maquillaje y skincare,research
Belleza,Skincare y maquillaje,El Palacio de Hierro,https://www.elpalaciodehierro.com/,,,CDMX,CDMX,México,Retail,Media,3,Belleza premium,brand
Belleza,Skincare y maquillaje,Farmacias del Ahorro,https://www.fahorro.com/,,,CDMX,CDMX,México,Retail,Media,3,Dermocosmética en farmacias,brand
Belleza,Skincare y maquillaje,Liverpool Belleza,https://www.liverpool.com.mx/,,,CDMX,CDMX,México,Retail,Media,3,Cosmética y perfumería,brand
Belleza,Skincare y maquillaje,Mega Bodega Soluna,,,,CDMX,CDMX,México,Mayoreo,Media,2,Bodega de maquillaje y cosméticos CDMX,research
Belleza,Skincare y maquillaje,Melón Bombón Shop,,,,CDMX,CDMX,México,Mayoreo,Media,2,Distribuidor mayorista de cosméticos sin mínimo de compra,research
Belleza,Skincare y maquillaje,ML cosméticos mayoreo,https://listado.mercadolibre.com.mx/maquillaje-mayoreo,,,México,México,México,Marketplace,Media,2,Kits y lotes de maquillaje,research
Belleza,Skincare y maquillaje,SANMAR Tienda de cosméticos,,,9984240133,Cancún,Q. Roo,México,Mayoreo,Media,4,Cosméticos de mayoreo CDMX/Cancún,research
Belleza,Skincare y maquillaje,Sephora México,https://www.sephora.com.mx/,,,CDMX,CDMX,México,Retail,Media,3,Cadenas de belleza,brand
Belleza,Skincare y maquillaje,Skincare y maquillaje (ejemplo original),https://beautycarelatam.com.mx/,,,,,México,Ejemplo original,Media,2,Seed del cliente,ejemplo_cliente
Belleza,Skincare y maquillaje,Arantza Cosmetics,,,,,,México,Marca,Baja,1,Maquillaje mexicano,brand
Belleza,Skincare y maquillaje,Beauty Creations,,,,,,México,Marca,Baja,1,"Maquillaje mayoreo, distribución MX",brand
Belleza,Skincare y maquillaje,Italia Deluxe,,,,,,México,Marca,Baja,1,Cosméticos,brand
Belleza,Skincare y maquillaje,La Girl / La Colors,,,,,,México,Marca,Baja,1,Maquillaje,brand
Belleza,Skincare y maquillaje,Moira Beauty,,,,,,México,Marca,Baja,1,Maquillaje profesional,brand
Belleza,Skincare y maquillaje,Pink Up Cosmetics,,,,,,México,Marca,Baja,1,Maquillaje mayoreo MX,brand
Belleza,Skincare y maquillaje,Prosa / Kevin & Coco,,,,,,México,Marca,Baja,1,Cosméticos mayoreo,brand
Belleza,Skincare y maquillaje,Rude Cosmetics,,,,,,México,Marca,Baja,1,Maquillaje,brand
Belleza,"Skincare, cosmeticos",Beauty Care Latam,https://beautycarelatam.com.mx/,,5591382000,CDMX,CDMX,México,Mayoreo,Alta,6,Reforma 1015 Piso 5 Lomas Santa Fe,research
Belleza,"Skincare, cosmeticos",Beauty Latin México,https://www.beautylatinmexico.com.mx/,,4492114422,Aguascalientes,Aguascalientes,México,Distribuidor,Alta,6,Nacionales e internacionales,research
Belleza,"Skincare, cosmeticos",Bond's Boutique,https://www.bondsboutique.com.mx/,ventas@bondsboutique.com.mx,5555585862,CDMX,CDMX,México,Tienda artística,Alta,8,"Calle 61 #110 Col. Puebla, L-V 9-18 S 9-15",research
Belleza,"Skincare, cosmeticos",Cosmetics CDMX Mayoreo,https://www.facebook.com/cdmxcosmeticosmayoreo/,,5577619644,CDMX,CDMX,México,Mayoreo,Alta,6,"Transvaal 531 int 1, sin mínimo, envíos República",research
Belleza,"Skincare, cosmeticos",KBeauty MX,https://kbeautymx.com/,contacto.kbeautymx@gmail.com,,México,México,México,K-beauty,Alta,5,"Skin1004, Tocobo, Medicube, L-V 9-18",research
Belleza,"Skincare, cosmeticos",Klara Beauty,https://klarabeauty.com.mx/,hola@klarabeauty.com.mx,4776121896,León,Guanajuato,México,K-beauty,Alta,8,"Muralista Latino 204, marcas coreanas originales",research
Belleza,"Skincare, cosmeticos",MakeupMX Distribuidora,https://makeupmx.com/,equipomakeupmx@gmail.com,4424673394,Querétaro,Querétaro,México,Mayoreo,Alta,9,"Campo Real 1402 local 4 El Refugio, K-beauty",research
Belleza,"Skincare, cosmeticos",Mayoreo y Más Mérida,,judithy5@hotmail.com,9984082106,Mérida,Yucatán,México,Mayoreo,Alta,7,"Calle 86 B #544 Centro, Chedraui Itzaes",research
Belleza,"Skincare, cosmeticos",Meriti Cosmetics,https://meriticosmetics.com.mx/,,5528655026,CDMX,CDMX,México,Ejemplo original,Alta,5,"Ejemplo del cliente — Balsas 14 Benito Juárez, ecom express",ejemplo_cliente
Belleza,"Skincare, cosmeticos",The Makeup Center,https://themakeupcenter.com/,ventas@themakeupc.com,5565491471,CDMX,CDMX,México,Tienda profesional,Alta,8,"Roma Norte, Kryolan / academia",research
Belleza,"Skincare, cosmeticos",Yoon Lab,https://yoonlab.mx/,contacto@yoonlab.mx,5520041035,CDMX,CDMX,México,K-beauty,Alta,8,"Juan Salvador Agraz 73, skincare coreano auténtico",research
Belleza,"Skincare, cosmeticos",Celiz,https://www.celiz.com.mx/,,,México,México,México,Mayoreo,Media,3,Proveedor de skincare coreano al mayoreo (50% desc al invertir $30k),research
Belleza,"Skincare, cosmeticos",Halo Skin,https://haloskin.mx/,,,México,México,México,K-beauty,Media,2,Skincare coreano D2C,research
Belleza,"Skincare, cosmeticos",Laly Skin,https://www.lalyskin.com/,,,México,México,México,Mayoreo,Media,3,Mayoreo de skincare coreano en línea,research
Belleza,"Skincare, cosmeticos",Piel Coreana,https://www.pielcoreana.com/,,,México,México,México,Mayoreo,Media,3,8+ años con marcas coreanas; mayoreo K-beauty con factura y envíos express,research
Belleza,"Skincare, cosmeticos","Skincare, cosmeticos (ejemplo original)",https://meriticosmetics.com.mx/,,,,,México,Ejemplo original,Media,2,Seed del cliente,ejemplo_cliente
Belleza,"Skincare, cosmeticos",Youngmi,https://youngmi.mx/,,,México,México,México,K-beauty,Media,2,"+800 productos COSRX, Anua, Medicube",research
Belleza,"Skincare, cosmeticos",Kkul,,,,México,México,México,Mayoreo,Baja,1,Skincare coreano a precio de mayoreo desde 1 pieza; envíos MX y USA,research
MedTech,Suministros medicos / farmaceuticos,GMMC México,https://www.gmmcmexico.com/,,5555304433,CDMX,CDMX,México,Mayoreo,Alta,6,Distribuidora de material médico; Viaducto Río de la Piedad 261,research
MedTech,Suministros medicos / farmaceuticos,J&M Distribuciones,https://jmdistribuciones.mx/,info@jmdistribuciones.mx,3316578530,Guadalajara,Jalisco,México,Mayoreo,Alta,9,"Material de curación y quirúrgico; San Salvador 1959 y Cruz del Sur 65, GDL",research
MedTech,Suministros medicos / farmaceuticos,3M Health Care México,https://www.3m.com.mx/,,,CDMX,CDMX,México,Marca,Media,4,"Vendaje, antisepsia y equipo de protección",brand
MedTech,Suministros medicos / farmaceuticos,Abbott Médica,https://www.abbott.com.mx/,,,CDMX,CDMX,México,Marca,Media,4,Diagnóstico y dispositivos médicos,brand
MedTech,Suministros medicos / farmaceuticos,Amazon MX material médico,https://www.amazon.com.mx/s?k=material+medico,,,México,México,México,Marketplace,Media,2,Sellers de insumos médicos,research
MedTech,Suministros medicos / farmaceuticos,Baxter México,,,,CDMX,CDMX,México,Marca,Media,2,Soluciones intravenosas y terapia renal,brand
MedTech,Suministros medicos / farmaceuticos,BD Biosciences,,,,CDMX,CDMX,México,Marca,Media,2,Citometría y laboratorio,brand
MedTech,Suministros medicos / farmaceuticos,Becton Dickinson de México,https://www.bd.com/mx,,,CDMX,CDMX,México,Fabricante,Media,4,"Dispositivos médicos, jeringas y catéteres; 12 plantas en MX",brand
MedTech,Suministros medicos / farmaceuticos,Bsn (BSN Medical),,,,Alemania,,México,Marca,Media,2,"Vendaje, venta MX",brand
MedTech,Suministros medicos / farmaceuticos,Cardinal Health México,,,,CDMX,CDMX,México,Fabricante,Media,2,Manufactura y distribución de productos médicos; 5 plantas en MX,brand
MedTech,Suministros medicos / farmaceuticos,Casa Marzam,https://www.marzam.com.mx/,,,CDMX,CDMX,México,Mayoreo,Media,4,Distribuidora farmacéutica nacional,brand
MedTech,Suministros medicos / farmaceuticos,Costco México,https://www.costco.com.mx/,,,CDMX,CDMX,México,Retail,Media,3,Farmacia por mayoreo,brand
MedTech,Suministros medicos / farmaceuticos,Farmacias ABC,https://farmaciasabc.com/,,,CDMX,CDMX,México,Retail,Media,3,Cadena CDMX,brand
MedTech,Suministros medicos / farmaceuticos,Farmacias Benavides,https://www.benavides.com.mx/,,,Monterrey,Nuevo León,México,Retail,Media,3,Cadena del norte,brand
MedTech,Suministros medicos / farmaceuticos,Farmacias del Ahorro,https://www.fahorro.com/,,,CDMX,CDMX,México,Retail,Media,3,Cadena nacional,brand
MedTech,Suministros medicos / farmaceuticos,Farmacias del Sol,https://www.farmaciasdelsol.mx/,,,CDMX,CDMX,México,Retail,Media,3,Cadena CDMX,brand
MedTech,Suministros medicos / farmaceuticos,Farmacias Guadalajara,https://www.farmaciasguadalajara.com.mx/,,,Guadalajara,Jalisco,México,Retail,Media,3,Cadena nacional,brand
MedTech,Suministros medicos / farmaceuticos,Farmacias Morelos,https://www.farmaciasmorelos.com.mx/,,,Cuernavaca,Morelos,México,Retail,Media,3,Cadena del sur,brand
MedTech,Suministros medicos / farmaceuticos,Farmacias Roma,https://www.farmaciasroma.com.mx/,,,CDMX,CDMX,México,Retail,Media,3,Cadena CDMX,brand
MedTech,Suministros medicos / farmaceuticos,Farmacias San Pablo,https://farmaciasanpablo.mx/,,,CDMX,CDMX,México,Retail,Media,3,Cadena CDMX,brand
MedTech,Suministros medicos / farmaceuticos,Farmacias YZA,https://farmaciasyza.com/,,,CDMX,CDMX,México,Retail,Media,3,Cadena CDMX,brand
MedTech,Suministros medicos / farmaceuticos,Fresenius Medical Care México,,,,CDMX,CDMX,México,Marca,Media,2,Equipos de diálisis,brand
MedTech,Suministros medicos / farmaceuticos,Fármacos Nacionales,,,,CDMX,CDMX,México,Mayoreo,Media,2,Distribuidora farmacéutica,brand
MedTech,Suministros medicos / farmaceuticos,GE HealthCare México,,,,CDMX,CDMX,México,Marca,Media,2,Imagenología y monitoreo,brand
MedTech,Suministros medicos / farmaceuticos,Grupo Fármacos Especializados,,,,CDMX,CDMX,México,Mayoreo,Media,2,Distribuidora farmacéutica,brand
MedTech,Suministros medicos / farmaceuticos,Johnson & Johnson MedTech,,,,CDMX,CDMX,México,Marca,Media,2,Dispositivos médicos y quirúrgicos,brand
MedTech,Suministros medicos / farmaceuticos,JTC Tienda Online,https://jtc.com.mx/,,,México,México,México,Mayoreo,Media,3,"Material de curación, dental, ortopedia e instrumental médico; menudeo y mayoreo; sector privado y gobierno",research
MedTech,Suministros medicos / farmaceuticos,Laboratorios PiSA,https://www.pisa.com.mx/,,,Guadalajara,Jalisco,México,Laboratorio,Media,3,Farmacéutica mexicana; soluciones intravenosas y medicamentos,brand
MedTech,Suministros medicos / farmaceuticos,Laboratorios PiSA (ejemplo),https://www.pisa.com.mx/,,,Guadalajara,Jalisco,México,Ejemplo original,Media,3,Ejemplo del cliente — farmacéutica mexicana,ejemplo_cliente
MedTech,Suministros medicos / farmaceuticos,Medline Industries México,,,,CDMX,CDMX,México,Fabricante,Media,2,Distribución y manufactura de insumos médicos,brand
MedTech,Suministros medicos / farmaceuticos,Mega Farms,,,,CDMX,CDMX,México,Mayoreo,Media,2,Distribuidora farmacéutica,brand
MedTech,Suministros medicos / farmaceuticos,Mercado Libre insumos médicos,https://listado.mercadolibre.com.mx/material-medico-mayoreo,,,México,México,México,Marketplace,Media,2,Mayoreo de material médico,research
MedTech,Suministros medicos / farmaceuticos,Nadro,https://www.nadro.mx/,,,CDMX,CDMX,México,Mayoreo,Media,4,Distribuidora farmacéutica nacional,brand
MedTech,Suministros medicos / farmaceuticos,Nipro,,,,Japón,,México,Marca,Media,2,"Jeringas y venoclisis, venta MX",brand
MedTech,Suministros medicos / farmaceuticos,Promexsa,https://www.promexsa.com.mx/,,,México,México,México,Mayoreo,Media,3,"Material de curación (gasas, vendas, soluciones) por mayoreo; 210 productos",research
MedTech,Suministros medicos / farmaceuticos,Proveedores Hospitalarios de México,https://proveedoreshospitalariosdemexico.com/,,,México,México,México,Mayoreo,Media,3,Material médico al mayoreo y menudeo; cobertura nacional,research
MedTech,Suministros medicos / farmaceuticos,Roche Diagnostics México,,,,CDMX,CDMX,México,Marca,Media,2,Diagnóstico in vitro,brand
MedTech,Suministros medicos / farmaceuticos,Sanborns Farmacia,https://www.sanborns.com.mx/,,,CDMX,CDMX,México,Retail,Media,3,Farmacia en tiendas departamentales,brand
MedTech,Suministros medicos / farmaceuticos,Siemens Healthineers México,,,,CDMX,CDMX,México,Marca,Media,2,Equipos de imagenología,brand
MedTech,Suministros medicos / farmaceuticos,Smith+Nephew México,,,,CDMX,CDMX,México,Marca,Media,2,Curación avanzada y ortopedia,brand
MedTech,Suministros medicos / farmaceuticos,Stryker México,,,,CDMX,CDMX,México,Fabricante,Media,2,"Tecnología médica, ortopedia y quirúrgico",brand
MedTech,Suministros medicos / farmaceuticos,Suministros medicos / farmaceuticos (ejemplo original),https://www.pisa.com.mx/,,,,,México,Ejemplo original,Media,2,Seed del cliente,ejemplo_cliente
MedTech,Suministros medicos / farmaceuticos,Tegaderm (3M),,,,USA,,México,Marca,Media,2,"Apósitos transparentes, venta MX",brand
MedTech,Suministros medicos / farmaceuticos,Walmart México,https://www.walmart.com.mx/,,,CDMX,CDMX,México,Retail,Media,3,Sección farmacia,brand
MedTech,Suministros medicos / farmaceuticos,Alcomex,,,,México,México,México,Marca,Baja,1,Alcohol y antisépticos,brand
MedTech,Suministros medicos / farmaceuticos,Ambiderm,,,,México,México,México,Marca,Baja,1,Guantes y material de curación,brand
MedTech,Suministros medicos / farmaceuticos,Dibar,,,,México,México,México,Marca,Baja,1,Material médico,brand
MedTech,Suministros medicos / farmaceuticos,Drotasa,,,,México,México,México,Marca,Baja,1,Guantes y material médico,brand
MedTech,Suministros medicos / farmaceuticos,Dryper,,,,México,México,México,Marca,Baja,1,Toallitas y productos desechables,brand
MedTech,Suministros medicos / farmaceuticos,Jaloma,,,,México,México,México,Marca,Baja,1,Guantes de látex,brand
MedTech,Suministros medicos / farmaceuticos,Medicel,,,,México,México,México,Marca,Baja,1,Material de curación,brand
MedTech,Suministros medicos / farmaceuticos,Quirmex,,,,México,México,México,Marca,Baja,1,Gasas y material de curación,brand
MedTech,Suministros medicos / farmaceuticos,Sensi Medical,,,,México,México,México,Marca,Baja,1,Material de curación,brand
MedTech,Suministros medicos / farmaceuticos,Tuk (curitas),,,,México,México,México,Marca,Baja,1,Cintas y material de curación,brand
MedTech,Suministros medicos / farmaceuticos,Vendamax,,,,México,México,México,Marca,Baja,1,Vendas y curitas,brand
Articulos religiosos,"Tarot, lociones y velas esotericas",Rinconcito Mágico,https://www.rinconcitomagico.mx/,info@rinconcitomagico.mx,7711429045,Pachuca,Hidalgo,México,Tienda,Alta,8,"Cita previa, velas y esoterismo",research
Articulos religiosos,"Tarot, lociones y velas esotericas",Stellum,https://www.stellum.mx/,tienda.stellum@icloud.com,8123619626,Monterrey,NL,México,Tienda,Alta,8,"Plaza Fiesta San Agustín 222, velas mágicas y tarot",research
Articulos religiosos,"Tarot, lociones y velas esotericas",Tarot México León,https://tarotmexico.com.mx/,informes@tarotmexico.com,4771843418,León,Guanajuato,México,Servicio + retail,Alta,8,Loma 103 Jardines del Moral,research
Articulos religiosos,"Tarot, lociones y velas esotericas",Tarots del Mundo,https://tarotsdelmundo.com/,info@tarotsdelmundo.com,5519983301,CDMX,CDMX,México,Tienda,Alta,8,"Horacio 136 Polanco, 555335000 / WA 5590228817",research
Articulos religiosos,"Tarot, lociones y velas esotericas",Bougie Boyer,https://bougieboyer.com.mx/,,,CDMX,CDMX,México,Fabricante,Media,4,"Fábrica de velas desde 1951: decorativas, aromáticas, soya, masaje; venta de fábrica",research
Articulos religiosos,"Tarot, lociones y velas esotericas",Los 7 Arcángeles Boutique,,,5536431447,CDMX,CDMX,México,Tienda,Media,3,"Av. Cuauhtémoc 24 local 1, lecturas + retail",research
Articulos religiosos,"Tarot, lociones y velas esotericas",Magic Ways,https://magicways.mx/,,,Metepec,EdoMex,México,D2C,Media,4,"Paseo San Isidro 202, velas soya / cuarzos / tarot",research
Articulos religiosos,"Tarot, lociones y velas esotericas",Pinka,https://pinka.com.mx/tarots-y-oraculos/tarot/,,,México,México,México,Ejemplo original,Media,2,Ejemplo del cliente — tarots y oráculos,ejemplo_cliente
Articulos religiosos,"Tarot, lociones y velas esotericas",Serendipia Esotérica,,,,CDMX,CDMX,México,Ecom,Media,2,"Velas, sahumerios, cuarzos, sales de baño y kits mágicos en línea",research
Articulos religiosos,"Tarot, lociones y velas esotericas","Tarot, lociones y velas esotericas (ejemplo original)",https://pinka.com.mx/tarots-y-oraculos/tarot/,,,,,México,Ejemplo original,Media,2,Seed del cliente,ejemplo_cliente
Articulos religiosos,"Tarot, lociones y velas esotericas",The Candle Place,https://thecandleplace.mx/,,,EdoMex,EdoMex,México,Fabricante,Media,4,"Velas de cera de soya artesanales; capacidad 10,000/mes; desarrollo de marcas",research
Articulos religiosos,"Tarot, lociones y velas esotericas",Tiara Mayorista Uruguay,,,,CDMX,CDMX,México,Mayoreo,Media,2,"República de Uruguay 66, velas / santería / Yoruba",research
Articulos religiosos,"Tarot, lociones y velas esotericas",Tienda Esotérica MX,https://tiendaesoterica.com.mx/,,,México,México,México,Ecom,Media,3,"Tarot, velas, wicca, amuletos, runas",research
Articulos religiosos,"Tarot, lociones y velas esotericas",Café Libertad,,,,CDMX,CDMX,México,Tienda,Baja,1,"Condesa: sahumerios, velas aromáticas y productos para rituales",research
Articulos religiosos,"Tarot, lociones y velas esotericas",La Cofradía WitchCraft Store,,,,CDMX,CDMX,México,Tienda,Baja,1,"Kits de hechizos, suministros de altar, velas, libros y joyas paganas",research
Articulos religiosos,"Tarot, lociones y velas esotericas",Makia,,,,CDMX,CDMX,México,Tienda,Baja,1,"C. Querétaro 182G, Roma Norte: cuarzos, amuletos, sahumerios y velas",research
Articulos religiosos,"Tarot, lociones y velas esotericas",Piedra de Luna,,,,CDMX,CDMX,México,Tienda,Baja,1,Velas aromáticas con ingredientes orgánicos y cuarzos incrustados,research
Articulos religiosos,"Tarot, lociones y velas esotericas",Todos los Ángeles,,,,CDMX,CDMX,México,Tienda,Baja,1,"Veladoras de alta magia, Flores de Bach y artículos Feng Shui",research
Articulos religiosos,"Tarot, lociones y velas esotericas",Velas Artesanal MX (Monte Vitro),,,,México,México,México,Marca,Baja,1,"Velas aromáticas citronela en balde, 4.8★ vía ML",brand
Articulos religiosos,"Tarot, lociones y velas esotericas",Víctor Tarot,,,,CDMX,CDMX,México,Tienda,Baja,1,"Calz. Acoxpa 550, Prado Coapa: cuarzos, inciensos, velas y tarot",research
Ropa y calzado,"Tenis, botas, playeras",Calzado Andy Mayoreo,https://calzadoandymexmayoreo.com/,calzado.andy12331@gmail.com,4777631422,León,Guanajuato,México,Fabricante,Alta,9,"Paseo de los Cóndores 203 San Isidro, desde 1991",research
Ropa y calzado,"Tenis, botas, playeras",Mayoreo de Tenis,https://www.mayoreodetenis.com.mx/,contacto@mayoreodetenis.com.mx,4761490544,San Francisco del Rincón,Guanajuato,México,Mayoreo,Alta,9,Envíos México,research
Ropa y calzado,"Tenis, botas, playeras",Mayoreo de Zapato León,https://mayoreo-de-zapato-en-leon-gto.ueniweb.com/,,4772082506,León,Guanajuato,México,Mayoreo,Alta,6,Zapatería mayorista,research
Ropa y calzado,"Tenis, botas, playeras",Mayoreo Tenis MTY,https://www.facebook.com/MayoreoTenisMTY/,shoesf56@gmail.com,8115148837,Monterrey,NL,México,Mayoreo,Alta,9,Juárez 470 Sur entre 5 y 15 de Mayo,research
Ropa y calzado,"Tenis, botas, playeras",Mi Tennis,https://www.mitennis.mx/,,5594629696,Huixquilucan,EdoMex,México,Retail,Alta,5,"Parque Interlomas, WA 5574546190",research
Ropa y calzado,"Tenis, botas, playeras",Mistertennis,https://www.mistertennis.shop/,contacto@mtsport.com.mx,2222123151,Puebla,Puebla,México,Retail deportivo,Alta,8,Calzado y ropa tennis,research
Ropa y calzado,"Tenis, botas, playeras",Tenis Mayoreo,https://tenismayoreo.com/,,4761900834,San Francisco del Rincón,Guanajuato,México,Mayoreo,Alta,6,"Fábrica, cajas cerradas 6 pares, $1200-1500",research
Ropa y calzado,"Tenis, botas, playeras",Tenis Morgan,https://www.tenismorgan.com/,,4774958719,León,Guanajuato,México,Mayoreo,Alta,6,500+ modelos; proveedor de tenis mayoreo en León; Calle Juan Nepomuceno Herrera 608a,research
Ropa y calzado,"Tenis, botas, playeras",Bajío Shoes,https://bajioshoes.com/,,,San Francisco del Rincón,Guanajuato,México,Fabricante,Media,4,Calzado clon y nacional desde 2009; mayoreo y medio mayoreo,research
Ropa y calzado,"Tenis, botas, playeras",Grupo Máximo / Tenis Clon,https://clon.store/quienes-somos/,,,San Francisco del Rincón,Guanajuato,México,Fabricante,Media,4,"Fabricante de tenis clon; surtido desde 5 pares, medio mayoreo y mayoreo",research
Ropa y calzado,"Tenis, botas, playeras",LHESH,https://lhesh.mx/,,,México,México,México,Mayoreo,Media,3,Botas tácticas / lona por caja 12 pares,research
Ropa y calzado,"Tenis, botas, playeras",Mayoreando,https://mayoreando.mx/,,,México,México,México,Mayoreo,Media,3,Playeras / jerseys deportivos,research
Ropa y calzado,"Tenis, botas, playeras",Mayoreo Borcelle,,,4777320943,León,Guanajuato,México,Mayoreo,Media,4,"Prendas $100, mayoreo y menudeo",research
Ropa y calzado,"Tenis, botas, playeras",Miky Shop,https://mikyshop.com.mx/,,,México,México,México,Ejemplo original,Media,2,"Ejemplo del cliente — tenis, botas, playeras",ejemplo_cliente
Ropa y calzado,"Tenis, botas, playeras",MOGA Shoes MX,,,4776025037,León,Guanajuato,México,Mayoreo,Media,4,"Calzado femenino, envíos República",research
Ropa y calzado,"Tenis, botas, playeras",Tenis Clon Mayoreo León,,,,León,Guanajuato,México,Mayoreo,Media,2,"Venta de tenis al mayoreo por corridas; La Luz 1213, León Centro",research
Ropa y calzado,"Tenis, botas, playeras","Tenis, botas, playeras (ejemplo original)",https://mikyshop.com.mx/,,,,,México,Ejemplo original,Media,2,Seed del cliente,ejemplo_cliente
Papeleria,Tijeras con patron al corte,La Esquinita del Scrap,https://laesquinitadelscrap.com/,hola@laesquinitadelscrap.com,5533627167,CDMX,CDMX,México,Tienda scrap,Alta,8,"Casas Grandes 27 Narvarte, Fiskars y tijeras",research
Papeleria,Tijeras con patron al corte,Lumen,https://lumen.com.mx/,ventasmayoreo@lumen.com.mx,5544455000,CDMX,CDMX,México,Mayoreo,Alta,9,"Útiles, arte y tijeras, El Salvador 52 Centro",research
Papeleria,Tijeras con patron al corte,Mishu Scrap,https://www.mishuscrap.com/,,5574612039,Tonanitla,EdoMex,México,Tienda scrap,Alta,5,"Villa Viena CP 55787, mayoreo + tienda física",research
Papeleria,Tijeras con patron al corte,Papelería Lozano Hnos,https://papeleriaslozanohermanos.com.mx/,papeleria@lozano.com.mx,5557611520,CDMX,CDMX,México,Mayoreo,Alta,9,Gutiérrez Nájera 60 Obrera / Vallejo 5555873979,research
Papeleria,Tijeras con patron al corte,Papelería Mérida,https://papeleriasmerida.com.mx/,,9993813500,Mérida,Yucatán,México,Mayoreo,Alta,6,"Tijeras escolares, reglas, cutters, Miraflores",research
Papeleria,Tijeras con patron al corte,Scrap It Coyoacán,https://scrapit.mx/,scrapitmexico@gmail.com,5588433224,CDMX,CDMX,México,Tienda scrap,Alta,8,"Quevedo 505 Local C, Fiskars / Silhouette / Cricut",research
Papeleria,Tijeras con patron al corte,Tony Superpapelerías,https://www.tony.com.mx/,,8000008669,México,México,México,Mayoreo,Alta,5,"Cadena, Barrilito / Maped / BIC",research
Papeleria,Tijeras con patron al corte,Yoyi,https://yoyi.com.mx/,ventas@yoyi.com.mx,9612233720,Chiapa de Corzo,Chiapas,México,Ejemplo original,Alta,8,"Ejemplo del cliente — 5 de Febrero 316, móvil 9611756292",ejemplo_cliente
Papeleria,Tijeras con patron al corte,Alva Papelería,https://alvapapeleria.com/,,,México,México,México,Mayoreo,Media,3,Tijeras Barrilito T7X/T8X y MAE MT-5,research
Papeleria,Tijeras con patron al corte,Bella Scrap México,https://www.bellascrapmexico.com.mx/,,,México,México,México,Ecom scrap,Media,3,"Tijeras y cutters, envío <24 h",research
Papeleria,Tijeras con patron al corte,Fiskars,https://www.fiskars.com.mx/,,,México,México,México,Marca,Media,3,Tijeras dentadas Chevron y herramientas de corte,brand
Papeleria,Tijeras con patron al corte,Ofix,https://www.ofix.mx/,,,México,México,México,Mayoreo,Media,3,Cadena papelería / oficina,research
Papeleria,Tijeras con patron al corte,Papelería Sahuayo,https://www.papeleriasahuayo.com/,,,Sahuayo,Michoacán,México,Mayoreo,Media,4,"+20 años, BIC Maped Dixon Barrilito",research
Papeleria,Tijeras con patron al corte,Papira,https://papira.com.mx/,,,México,México,México,Mayoreo,Media,3,"Útiles, tijeras, plotters y manualidades",research
Papeleria,Tijeras con patron al corte,Scrapfer,https://scrapfer.com.mx/,,,México,México,México,Ecom,Media,3,"14 años; herramientas scrapbooking: suajadoras, perforadoras, tijeras; TK Tools, Silhouette",research
Papeleria,Tijeras con patron al corte,Super Papelera,https://superpapelera.com.mx/,,,Toluca,EdoMex,México,Mayoreo,Media,4,"Tijeras y cutter Barrilito / MAE, ~60 años",research
Papeleria,Tijeras con patron al corte,Tijeras con patron al corte (ejemplo original),https://yoyi.com.mx/,,,,,México,Ejemplo original,Media,2,Seed del cliente,ejemplo_cliente
Papeleria,Tijeras con patron al corte,UCEC,https://www.amazon.com.mx/,,,México,México,México,Marca,Media,3,Set 12 tijeras decorativas zigzag/patrón vía Amazon MX,brand
Papeleria,Tijeras con patron al corte,Up&Scrap,https://www.upandscrap.com/,,,,,México,Ecom,Media,3,Tienda de scrapbooking con tijeras dentadas Chevron de Fiskars,research
Papeleria,Tijeras con patron al corte,We R Memory Keepers,,,,USA,,México,Marca,Media,2,"Tijeras de oficina y herramientas scrap, vía Scrapfer",brand
Papeleria,Tijeras con patron al corte,DMC,,,,,,México,Marca,Baja,1,"Hilos de bordar y tijeras, marca internacional",brand
Ropa,Trajes tipicos,Calzado Manzano (trajes típicos),https://calzadomanzano.com/,hola@calzadomanzano.com,7221016661,San Mateo Atenco,EdoMex,México,Calzado adyacente,Alta,8,Pareja del traje,research
Ropa,Trajes tipicos,Confección a la medida charro CDMX,https://fabricadetrajesdecharrogabrieles.com/,ventas@fabricadetrajesdecharrogabrieles.com,(55) 2631-6476,CDMX,CDMX,México,Taller,Alta,8,Azcapotzalco,research
Ropa,Trajes tipicos,Confección a la medida El Charro,https://www.elcharro1.com/,sales@elcharro1.com,,Guadalajara,Jalisco,México,Taller,Alta,6,Mayoreo US/MX,research
Ropa,Trajes tipicos,Disfrazia trajes regionales,https://www.disfrazia.com.mx/,,5555262563,CDMX,CDMX,México,Tienda,Alta,5,Disfraces y típicos,research
Ropa,Trajes tipicos,El Charro,https://www.elcharro1.com/,sales@elcharro1.com,9155347956,Guadalajara,Jalisco,México,Fabricante,Alta,9,"Desde 1961 mariachi, folklórico, tiendas GDL/CDMX/El Paso",research
Ropa,Trajes tipicos,El Charro sucursal CDMX,https://www.elcharro1.com/,sales@elcharro1.com,,CDMX,CDMX,México,Sucursal,Alta,6,Retail,research
Ropa,Trajes tipicos,El Famundi trajes regionales,https://www.elfamundi.com.mx/,,5555525294,CDMX,CDMX,México,Fabricante,Alta,6,Regionales y fantasía,research
Ropa,Trajes tipicos,Fábrica Los Gabrieles,https://fabricadetrajesdecharrogabrieles.com/,ventas@fabricadetrajesdecharrogabrieles.com,(55) 6794-1664,CDMX,CDMX,México,Fabricante charro,Alta,9,"+45 años, Calle 5 #235 Azcapotzalco",research
Ropa,Trajes tipicos,Isa y Alex Mayoreo Artesanal,https://trajesartesanales.com/,,9711164783,Juchitán,Oaxaca,México,Mayoreo istmeño,Alta,6,"Huipiles, enaguas, tehuana, envíos MX",research
Ropa,Trajes tipicos,Los Gabrieles sucursal León,https://fabricadetrajesdecharrogabrieles.com/,ventas@fabricadetrajesdecharrogabrieles.com,(55) 3701-5964,León,Guanajuato,México,Sucursal,Alta,8,"Plaza La Esperanza, Justo Sierra 224",research
Ropa,Trajes tipicos,Renta charro León,https://fabricadetrajesdecharrogabrieles.com/,,(55) 3701-5964,León,Guanajuato,México,Renta/venta,Alta,5,Sucursal Gabrieles,research
Ropa,Trajes tipicos,Trajes jarabe tapatío,https://www.elcharro1.com/,sales@elcharro1.com,,Guadalajara,Jalisco,México,Folklórico,Alta,6,El Charro línea,research
Ropa,Trajes tipicos,Zapatos folklóricos Manzano canal traje,https://calzadomanzano.com/,hola@calzadomanzano.com,7221016661,San Mateo Atenco,EdoMex,México,Calzado adyacente,Alta,8,Pareja del traje,research
Ropa,Trajes tipicos,Amazon MX typical dresses,https://www.amazon.com.mx/s?k=traje+tipico,,,México,México,México,Marketplace,Media,2,Sellers,research
Ropa,Trajes tipicos,Charrería y Vestidos Reyes,,,5511353982,CDMX,CDMX,México,Lagunilla,Media,3,Trajes de charro y regionales,research
Ropa,Trajes tipicos,Charros and Cowboys Toluca,,,7223579599,Toluca,EdoMex,México,Mayoreo/menudeo,Media,4,Ignacio López Rayón 200 Centro + Villa Charra,research
Ropa,Trajes tipicos,Distribuidora Zucami CDMX,,,5534516463,CDMX,CDMX,México,Mayoreo artesanías,Media,4,República del Salvador 96 2o piso Centro,research
Ropa,Trajes tipicos,Dos Malinches,https://dosmalinches.com/,,,México,México,México,Ejemplo original,Media,2,"Ejemplo del cliente — ropa étnica, huipiles y vestidos",ejemplo_cliente
Ropa,Trajes tipicos,FONART tiendas,https://www.gob.mx/fonart,,,CDMX,CDMX,México,Institucional,Media,3,Artesanías oficiales,brand
Ropa,Trajes tipicos,Huipiles Oaxaca mayoreo,,,,Oaxaca,Oaxaca,México,Mayoreo,Media,2,Bordado a mano,research
Ropa,Trajes tipicos,JBO Lino,https://www.jbolino.com/,,,Mérida,Yucatán,México,Guayaberas,Media,3,"Bazar García Rejón, lino ~1000 MXN",research
Ropa,Trajes tipicos,Liverpool ropa típica / fiestas,https://www.liverpool.com.mx/,,,CDMX,CDMX,México,Retail,Media,3,Temporada,brand
Ropa,Trajes tipicos,Mayakim,https://www.mayakim.com.mx/,,,Mérida,Yucatán,México,Marca yucateca,Media,4,"Guayaberas y vestidos, Calle 40 #506 Los Pinos",research
Ropa,Trajes tipicos,ML vestidos típicos sellers,https://listado.mercadolibre.com.mx/traje-tipico-mexicano,,,México,México,México,Marketplace,Media,2,Tiendas oficiales,research
Ropa,Trajes tipicos,Palacio artesanías / textil,https://www.elpalaciodehierro.com/,,,CDMX,CDMX,México,Retail premium,Media,3,Diseño,brand
Ropa,Trajes tipicos,Renta charro Toluca,,,7221603175,Toluca,EdoMex,México,Renta,Media,3,Boutique charro,research
Ropa,Trajes tipicos,Renta trajes regionales CDMX,,,2283062367,CDMX,CDMX,México,Renta,Media,3,Eventos escolares,research
Ropa,Trajes tipicos,Trajes tipicos (ejemplo original),https://dosmalinches.com/,,,,,México,Ejemplo original,Media,2,Seed del cliente,ejemplo_cliente
Ropa,Trajes tipicos,Abanicos y mandiles típicos,,,,México,México,México,Accesorio,Baja,,Veracruz / Jalisco,research
Ropa,Trajes tipicos,Agujas de oro / filigrana textil,,,,Oaxaca,Oaxaca,México,Artesanal premium,Baja,1,Novia istmeña,research
Ropa,Trajes tipicos,Blusas campesinas mayoreo,,,,CDMX,CDMX,México,Prenda,Baja,1,Folklor,research
Ropa,Trajes tipicos,Bordadoras Chiapas cooperativas,,,,San Cristóbal,Chiapas,México,Cooperativa,Baja,1,Broches y huipil,research
Ropa,Trajes tipicos,Bordadoras Guerrero Costa Chica,,,,Ometepec,Guerrero,México,Cooperativa,Baja,1,Textil afromexicano,research
Ropa,Trajes tipicos,Bordadoras Oaxaca cooperativas,,,,Oaxaca,Oaxaca,México,Cooperativa,Baja,1,Huipil,research
Ropa,Trajes tipicos,Bordadoras Tenango Hidalgo,,,,Tenango de Doria,Hidalgo,México,Artesanal,Baja,1,Tenangos,research
Ropa,Trajes tipicos,Bordadoras Yucatán cooperativas,,,,Mérida,Yucatán,México,Cooperativa,Baja,1,Hipil,research
Ropa,Trajes tipicos,Botonadura y herrajes charro,,,,León,Guanajuato,México,Insumos,Baja,1,Piel y metal,research
Ropa,Trajes tipicos,Boutique típicos Coyoacán,,,,CDMX,CDMX,México,Boutique,Baja,1,Artesanal,research
Ropa,Trajes tipicos,Boutique típicos Polanco,,,,CDMX,CDMX,México,Boutique,Baja,1,Premium,research
Ropa,Trajes tipicos,Boutique típicos Roma / Condesa,,,,CDMX,CDMX,México,Boutique,Baja,1,Diseño contemporáneo,research
Ropa,Trajes tipicos,Casa de las Artesanías Jalisco,,,,Guadalajara,Jalisco,México,Institucional,Baja,1,Charro y huichol,research
Ropa,Trajes tipicos,Casa de las Artesanías Michoacán,,,,Morelia,Michoacán,México,Institucional,Baja,1,Textiles,research
Ropa,Trajes tipicos,Cintos piteados mayoreo,,,,Colotlán,Jalisco,México,Accesorio,Baja,1,Piteado tradicional,research
Ropa,Trajes tipicos,Delantales folklóricos mayoreo,,,,México,México,México,Prenda,Baja,,Estados varios,research
Ropa,Trajes tipicos,Enaguas de listón mayoreo,,,,CDMX,CDMX,México,Prenda,Baja,1,Folklor,research
Ropa,Trajes tipicos,G. Candila,,,,Mérida,Yucatán,México,Tienda,Baja,1,Guayaberas temporada,research
Ropa,Trajes tipicos,Guayaberas Izamal,,,,Izamal,Yucatán,México,Cluster pueblo,Baja,1,Varias tiendas,research
Ropa,Trajes tipicos,Hipiles mayas Quintana Roo,,,,Cancún,Q. Roo,México,Artesanal,Baja,1,Turismo + local,research
Ropa,Trajes tipicos,Huaraches danza folklórica,,,,México,México,México,Calzado adyacente,Baja,,Complemento traje,research
Ropa,Trajes tipicos,Huipiles Tehuacán / Sierra,,,,Tehuacán,Puebla,México,Artesanal,Baja,1,Región,research
Ropa,Trajes tipicos,IEPA / artesanías Yucatán,,,,Mérida,Yucatán,México,Institucional,Baja,1,Hipil y hamaca,research
Ropa,Trajes tipicos,Insumos listón y encaje folklor,,,,CDMX,CDMX,México,Insumos,Baja,1,Mercería danza,research
Ropa,Trajes tipicos,La Ciudadela artesanías CDMX,,,,CDMX,CDMX,México,Mercado artesanal,Baja,1,Textiles y trajes,research
Ropa,Trajes tipicos,La Joyita Portal de Granos,,,,Mérida,Yucatán,México,Tienda centro,Baja,1,Bordados y guayaberas,research
Ropa,Trajes tipicos,Moños y corbatas de charro,,,,CDMX,CDMX,México,Accesorio,Baja,1,Lagunilla / Centro,research
Ropa,Trajes tipicos,Peinetas y accesorios peinado,,,,CDMX,CDMX,México,Accesorio,Baja,1,Folklor / china poblana,research
Ropa,Trajes tipicos,Presuel guayaberas,,,,Mérida,Yucatán,México,Tienda,Baja,1,Precios locales,research
Ropa,Trajes tipicos,Productos Regionales CT Tabasco,,,,Villahermosa,Tabasco,México,Tienda,Baja,1,Plaza Campestre / Galerías,research
Ropa,Trajes tipicos,Rebozos Santa María del Río,,,,Santa María del Río,SLP,México,Textil,Baja,1,Seda y algodón,research
Ropa,Trajes tipicos,Rebozos Tenancingo,,,,Tenancingo,EdoMex,México,Textil,Baja,1,Rebozo tradicional,research
Ropa,Trajes tipicos,Renta charro GDL,,,,Guadalajara,Jalisco,México,Renta,Baja,1,Eventos y XV,research
Ropa,Trajes tipicos,Renta trajes regionales Apatzingán,,,,Apatzingán,Michoacán,México,Renta,Baja,1,Eventos escolares y cívicos,research
Ropa,Trajes tipicos,Renta trajes regionales Huatulco,,,,Huatulco,Oaxaca,México,Renta,Baja,1,Eventos escolares y cívicos,research
Ropa,Trajes tipicos,Renta trajes regionales Iguala,,,,Iguala,Guerrero,México,Renta,Baja,1,Eventos escolares y cívicos,research
Ropa,Trajes tipicos,Renta trajes regionales Palenque,,,,Palenque,Chiapas,México,Renta,Baja,1,Eventos escolares y cívicos,research
Ropa,Trajes tipicos,Renta trajes regionales Puerto Escondido,,,,Puerto Escondido,Oaxaca,México,Renta,Baja,1,Eventos escolares y cívicos,research
Ropa,Trajes tipicos,Renta trajes regionales Salina Cruz,,,,Salina Cruz,Oaxaca,México,Renta,Baja,1,Eventos escolares y cívicos,research
Ropa,Trajes tipicos,Renta trajes regionales Taxco,,,,Taxco,Guerrero,México,Renta,Baja,1,Eventos escolares y cívicos,research
Ropa,Trajes tipicos,Renta trajes regionales Tehuantepec,,,,Tehuantepec,Oaxaca,México,Renta,Baja,1,Eventos escolares y cívicos,research
Ropa,Trajes tipicos,Renta trajes regionales Tequisquiapan,,,,Tequisquiapan,Querétaro,México,Renta,Baja,1,Eventos escolares y cívicos,research
Ropa,Trajes tipicos,Renta trajes regionales Tula,,,,Tula,Hidalgo,México,Renta,Baja,1,Eventos escolares y cívicos,research
Ropa,Trajes tipicos,Renta trajes regionales Tuxtepec,,,,Tuxtepec,Oaxaca,México,Renta,Baja,1,Eventos escolares y cívicos,research
Ropa,Trajes tipicos,Renta trajes regionales Victoria,,,,Victoria,Tamaulipas,México,Renta,Baja,1,Eventos escolares y cívicos,research
Ropa,Trajes tipicos,Ropa vaquera mayoreo Bajío,,,,León,Guanajuato,México,Western,Baja,1,Adyacente charro,research
Ropa,Trajes tipicos,Sombreros de charro mayoreo,,,,México,México,México,Accesorio,Baja,,Complemento traje,research
Ropa,Trajes tipicos,Sombreros Stetson / texana MX,,,,México,México,México,Accesorio,Baja,,Complemento,research
Ropa,Trajes tipicos,Tlaquepaque artesanías trajes,,,,Tlaquepaque,Jalisco,México,Turismo + local,Baja,1,Textil,research
Ropa,Trajes tipicos,Trajes Baja California folklórico,,,,Tijuana,BC,México,Escuelas danza,Baja,1,Grupos folklóricos,research
Ropa,Trajes tipicos,Trajes Chamula / Zinacantán,,,,San Cristóbal,Chiapas,México,Artesanal,Baja,1,Lana y brocado,research
Ropa,Trajes tipicos,Trajes de concheros CDMX,,,,CDMX,CDMX,México,Danza ritual,Baja,1,Insumos,research
Ropa,Trajes tipicos,Trajes escolares folklor CDMX,,,,CDMX,CDMX,México,Canal escolar,Baja,1,Primarias,research
Ropa,Trajes tipicos,Trajes huichol / wixárika,,,,Tepic,Nayarit,México,Artesanal,Baja,1,Chaquira y manta,research
Ropa,Trajes tipicos,Trajes infantiles folklóricos mayoreo,,,,CDMX,CDMX,México,Infantil,Baja,1,Escuelas de danza,research
Ropa,Trajes tipicos,Trajes jalisco / escaramuza GDL,,,,Guadalajara,Jalisco,México,Charro/escaramuza,Baja,1,Occidente,research
Ropa,Trajes tipicos,Trajes mazahua / otomí EdoMex,,,,Toluca,EdoMex,México,Artesanal,Baja,1,Bordado,research
Ropa,Trajes tipicos,Trajes Nuevo León folklórico,,,,Monterrey,NL,México,Escuelas danza,Baja,1,Grupos,research
Ropa,Trajes tipicos,Trajes purépecha Michoacán,,,,Pátzcuaro,Michoacán,México,Artesanal,Baja,1,Rebozo y delantal,research
Ropa,Trajes tipicos,Trajes tarahumara / rarámuri,,,,Creel,Chihuahua,México,Artesanal,Baja,1,Sierra Tarahumara,research
Ropa,Trajes tipicos,Trajes universitarios folklor,,,,México,México,México,Canal uni,Baja,,Grupos representativos,research
Hogar,"Utensilios de cocina, tuppers",ACMA Plastics,https://acmaplastics.com/,hola@acmaplastics.com,5561063801,Nextlalpan,EdoMex,México,Fabricante,Alta,9,"Fabricante PP: cubetas, tuppers, tazas, palanganas; mayoreo directo de fábrica",research
Hogar,"Utensilios de cocina, tuppers",Almacenes Anfora,https://anfora.com/,ventas@anfora.com,7717163100,Mineral de la Reforma,Hidalgo,México,Cadena,Alta,8,"85+ años; fábrica Camino a Pozos Téllez km 1.5, HGO; 85+ años; fábrica Camino a Pozos Téllez km 1.5, HGO; 85+ años: utensilios, vajillas, cristalería y electrodomésticos",research
Hogar,"Utensilios de cocina, tuppers",Anfora showroom Constituyentes,https://anfora.com/,,5568004839,CDMX,CDMX,México,Sucursal,Alta,5,"Av. Constituyentes 345, Daniel Garza; cita 55 6800 4839",research
Hogar,"Utensilios de cocina, tuppers",Anfora tienda fábrica CDMX,https://anfora.com/,,5555885426,CDMX,CDMX,México,Sucursal,Alta,5,"Dr. Lucio 181, Col. Doctores; 55 5588 5426",research
Hogar,"Utensilios de cocina, tuppers",Anforama,https://anforama.com/,contacto@anforama.com,5555108826,CDMX,CDMX,México,Cadena,Alta,8,5000+ artículos cocina y comedor; 34 sucursales CDMX/metro/Bajío; 5000+ artículos cocina y comedor; 34 sucursales CDMX/metro/Bajío; 5000+ artículos cocina y comedor; mayoreo con cotización,research
Hogar,"Utensilios de cocina, tuppers",Anforama WhatsApp canal,https://anforama.com/,,5538559676,CDMX,CDMX,México,Canal,Alta,5,WhatsApp 55 3855 9676,research
Hogar,"Utensilios de cocina, tuppers",MAHA Food Service,https://maha.com.mx/,hola@maha.com.mx,,CDMX,CDMX,México,Mayoreo,Alta,7,"Food service: vajillas, cristalería, tuppers y desechables para restaurantes",research
Hogar,"Utensilios de cocina, tuppers",Surtiloza,https://surtiloza.mx/,ventas@surtiloza.com,3323851294,Guadalajara,Jalisco,México,Ejemplo original,Alta,8,"Ejemplo del cliente — loza, utensilios y equipo de cocina; ventas@surtiloza.com; Ejemplo del cliente — loza, utensilios y equipo de cocina; ventas@surtiloza.com; Ejemplo del cliente — utensilios de cocina y tuppers",ejemplo_cliente
Hogar,"Utensilios de cocina, tuppers",Surtiloza WhatsApp canal,https://surtiloza.mx/,,3323851294,Guadalajara,Jalisco,México,Canal,Alta,5,WhatsApp ventas empresas (33) 2385 1294,research
Hogar,"Utensilios de cocina, tuppers",Tupperware Amanecer,https://www.tupperwareamanecer.com/,haydeeunasconestilo@gmail.com,5528949718,CDMX,CDMX,México,Distribuidor,Alta,9,"Catálogo GAM, 35 años, venta a domicilio",research
Hogar,"Utensilios de cocina, tuppers",Tupperware México,https://www.tupperware.com.mx/,ecommerce@tupperware.com,5525577600,CDMX,CDMX,México,Marca,Alta,9,"Paseo de los Laureles 458, Cuajimalpa; 55+ años en MX",brand
Hogar,"Utensilios de cocina, tuppers",Vencort,https://vencort.mx/,oscar@vencort.mx,5591554381,CDMX,CDMX,México,Mayoreo,Alta,9,"Av. Plutarco Elías Calles 816A, Iztacalco; utensilios y menaje; Av. Plutarco Elías Calles 816A, Iztacalco; utensilios y menaje; Proveedor utensilios y menaje; restaurantes y hogar",research
Hogar,"Utensilios de cocina, tuppers",Vencort preguntas canal,https://vencort.mx/contacto/,preguntas@vencort.mx,5626249961,CDMX,CDMX,México,Canal,Alta,8,WhatsApp 56 2624 9961; respuesta <24h,research
Hogar,"Utensilios de cocina, tuppers",Abasteo.mx,https://www.abasteo.mx/Fabricante/CINSA/2/,,,,,México,Marketplace,Media,2,Precios por volumen con factura,research
Hogar,"Utensilios de cocina, tuppers",Amazon MX utensilios,https://www.amazon.com.mx/s?k=utensilios+de+cocina,,,México,México,México,Marketplace,Media,2,Sellers utensilios y tuppers,research
Hogar,"Utensilios de cocina, tuppers",Baterías de cocina producto,http://cinsa.com.mx/,,,Saltillo,Coahuila,México,Producto,Media,3,Ollas y cacerolas CINSA,research
Hogar,"Utensilios de cocina, tuppers",CINSA,http://cinsa.com.mx/,,,Saltillo,Coahuila,México,Fabricante,Media,4,"Grupo Industrial Saltillo, 90+ años: ollas, cacerolas, sartenes y arroceras",brand
Hogar,"Utensilios de cocina, tuppers",Cooking Menaje,https://cookingmenaje.com/,,,,,México,Ecom,Media,3,Menaje del hogar y pequeño electrodoméstico,research
Hogar,"Utensilios de cocina, tuppers",Coppel Hogar,https://www.coppel.com/,,,CDMX,CDMX,México,Retail,Media,3,Hogar y electrodomésticos,brand
Hogar,"Utensilios de cocina, tuppers",Cristalería y copas producto,https://almacenesanfora.com/,,,,,México,Producto,Media,2,Cristalería para mesa,research
Hogar,"Utensilios de cocina, tuppers",Cubetas y palanganas producto,https://acmaplastics.com/,,,,,México,Producto,Media,2,Plásticos PP para hogar y ferretería,research
Hogar,"Utensilios de cocina, tuppers",Home Depot México,https://www.homedepot.com.mx/,,,CDMX,CDMX,México,Retail,Media,3,Línea cocina y almacenaje,brand
Hogar,"Utensilios de cocina, tuppers",Lamex,,,,Monterrey,Nuevo León,México,Marca,Media,2,"Cristalería y menaje, grupo regiomontano",brand
Hogar,"Utensilios de cocina, tuppers",Liverpool Hogar,https://www.liverpool.com.mx/tienda/hogar,,,CDMX,CDMX,México,Retail,Media,3,Cadenas: menaje y electrodomésticos,brand
Hogar,"Utensilios de cocina, tuppers",MAHA Instagram canal,https://www.instagram.com/MAHA_FOODSERVICE,,,CDMX,CDMX,México,Canal,Media,3,@MAHA_FOODSERVICE,research
Hogar,"Utensilios de cocina, tuppers",Mayoreo Vip hogar,https://mayoreo.vip/,,,CDMX,CDMX,México,Mayoreo,Media,4,"Centro CDMX, categorías hogar y cocina",research
Hogar,"Utensilios de cocina, tuppers",Menaje.com.mx,https://menaje.com.mx/,,,Cuautitlán Izcalli,EdoMex,México,Ecom,Media,4,"Guillermo González Camarena 59, Industrial Cuamatla; artículos hogar; Guillermo González Camarena 59, Industrial Cuamatla; artículos hogar; Artículos para el hogar y la cocina",research
Hogar,"Utensilios de cocina, tuppers",Mercado Libre cocina mayoreo,https://listado.mercadolibre.com.mx/utensilios-de-cocina-mayoreo,,,México,México,México,Marketplace,Media,2,Mayoreo utensilios y menaje,research
Hogar,"Utensilios de cocina, tuppers",Sears Hogar,https://www.sears.com.mx/,,,CDMX,CDMX,México,Retail,Media,3,Línea hogar,brand
Hogar,"Utensilios de cocina, tuppers",T-fal México,https://www.tfal.com.mx/,,,,,México,Marca,Media,3,Groupe SEB: sartenes y ollas,brand
Hogar,"Utensilios de cocina, tuppers",Tramontina México,https://www.tramontina.com.mx/,,,,,México,Marca,Media,3,"Baterías de cocina y utensilios, operación MX",brand
Hogar,"Utensilios de cocina, tuppers",Tuppers herméticos producto,https://maha.com.mx/collections/tuppers-contenedores,,,CDMX,CDMX,México,Producto,Media,3,Contenedores y tuppers para food service,research
Hogar,"Utensilios de cocina, tuppers","Utensilios de cocina, tuppers (ejemplo original)",https://surtiloza.mx/,,,,,México,Ejemplo original,Media,2,Seed del cliente,ejemplo_cliente
Hogar,"Utensilios de cocina, tuppers",Vajillas melamina producto,https://anforama.com/,,,CDMX,CDMX,México,Producto,Media,3,Vajillas de melamina para restaurante,research
Hogar,"Utensilios de cocina, tuppers",Vasconia,,,,,,México,Marca,Baja,1,"Ollas y baterías de cocina, fabricante MX",brand
Jardin,Vitaminas para plantas y abono,Módulos fertilizantes NPK producto,https://vinde.com.mx/product/modulos-fertilizantes/,ventas@vinde.com.mx,5547121065,CDMX,CDMX,México,Producto,Alta,8,"Pastillas verde/amarillo/café, NPK + ácidos fúlvicos",research
Jardin,Vitaminas para plantas y abono,Vinde,https://vinde.com.mx/,ventas@vinde.com.mx,5547121065,CDMX,CDMX,México,Mayoreo,Alta,9,Módulos fertilizantes en pastilla (NPK); tienda física norte CDMX,research
Jardin,Vitaminas para plantas y abono,Vinde 2o tel,https://vinde.com.mx/,ventas@vinde.com.mx,5530405164,CDMX,CDMX,México,Canal,Alta,8,55 3040 5164,research
Jardin,Vitaminas para plantas y abono,Vitabloom,https://vitabloom.mx/,vidaqueflorece@vitabloom.mx,2228048419,Cholula,Puebla,México,Marca,Alta,9,"10 Norte 603, Cholula; biofertilizantes orgánicos y vitamínicos",research
Jardin,Vitaminas para plantas y abono,Vitabloom 2o tel,https://vitabloom.mx/contacto/,vidaqueflorece@vitabloom.mx,2229102821,Cholula,Puebla,México,Canal,Alta,8,+52 222 910 2821,research
Jardin,Vitaminas para plantas y abono,Vitabloom WA,https://vitabloom.mx/producto/vitalawn/,,2215816358,Cholula,Puebla,México,Canal,Alta,5,WhatsApp 221 581 6358,research
Jardin,Vitaminas para plantas y abono,VitaHuertos Dúo producto,https://vitabloom.mx/producto/vitahuertos/,,2228048419,Cholula,Puebla,México,Producto,Alta,5,Biofertilizante orgánico para huertos y frutales,research
Jardin,Vitaminas para plantas y abono,Agroquímicos JAM,,,6222248244,Empalme,Sonora,México,Distribuidor,Media,4,Carretera a Ortiz y Emiliano Zapata; distribuidor Envu,research
Jardin,Vitaminas para plantas y abono,Agroservicios Nacionales,,,3338113203,Guadalajara,Jalisco,México,Distribuidor,Media,4,"Lázaro Cárdenas 2390, Col. Del Fresno; distribuidor Envu",research
Jardin,Vitaminas para plantas y abono,Amazon MX fertilizantes,https://www.amazon.com.mx/s?k=fertilizante+vitaminas+plantas,,,México,México,México,Marketplace,Media,2,Sellers de fertilizantes,research
Jardin,Vitaminas para plantas y abono,Grow Shop México,https://growshopmexico.com/,,,,,México,Ecom,Media,3,"Tienda online de cultivo: BioBizz, nutrientes orgánicos, hidroponía",research
Jardin,Vitaminas para plantas y abono,ML fertilizantes y vitaminas,https://hogar.mercadolibre.com.mx/jardines-exteriores/fertilizantes-y-vitaminas-para-plantas,,,México,México,México,Marketplace,Media,2,"Vitaminas Anthurium, Fitobolic, Bayfolan…",research
Jardin,Vitaminas para plantas y abono,Nucle.ag México (ejemplo),https://mexico.nucle.ag/,,,,,México,Ejemplo original,Media,2,Ejemplo del cliente — nutrición vegetal y abonos,ejemplo_cliente
Jardin,Vitaminas para plantas y abono,VitaLawn producto,https://vitabloom.mx/producto/vitalawn/,,,Cholula,Puebla,México,Producto,Media,3,Fertilizante para pastos verdes,research
Jardin,Vitaminas para plantas y abono,Vitaminas para plantas y abono (ejemplo original),https://mexico.nucle.ag/,,,,,México,Ejemplo original,Media,2,Seed del cliente,ejemplo_cliente
Jardin,Vitaminas para plantas y abono,AgroGenial,,,,,,México,Marketplace,Baja,,"Fitobolic, Grofol, Nitrofoska vía ML",research
Jardin,Vitaminas para plantas y abono,Bayfolan (Bayer),,,,,,México,Marca,Baja,1,Fertilizante foliar vitamínico,brand
Jardin,Vitaminas para plantas y abono,BioBizz,,,,,,México,Marca,Baja,1,Nutrientes orgánicos importados,brand
Jardin,Vitaminas para plantas y abono,Campo Divino,,,,,,México,Marketplace,Baja,,Bayfolan sólido y foliares,research
Jardin,Vitaminas para plantas y abono,CRONOS AGRO,,,,,,México,Marketplace,Baja,,Agromil V potenciador de crecimiento,research
Jardin,Vitaminas para plantas y abono,Econofibras,,,,,,México,Marca,Baja,1,Fertilizante 20-20-20 para plantas,brand
Jardin,Vitaminas para plantas y abono,Ferlin,,,,,,México,Marca,Baja,1,Bioestimulante hormonal vitaminado,brand
Jardin,Vitaminas para plantas y abono,GrowTech,,,,,,México,Marca,Baja,1,Nutrición vegetal importada,brand
Jardin,Vitaminas para plantas y abono,Orquidium / Anthurium vitaminas,,,,,,México,Marca,Baja,1,Vitaminas líquidas para plantas de ornato,brand
Salud,Vitaminas y suplementos,Abbott México,https://www.abbott.com.mx/,,,CDMX,CDMX,México,Laboratorio,Media,3,Ensure y nutrición,brand
Salud,Vitaminas y suplementos,Almacén de Medicinas,,,,CDMX,CDMX,México,Mayoreo,Media,2,Distribuidora farmacéutica,brand
Salud,Vitaminas y suplementos,Amazon MX vitaminas,https://www.amazon.com.mx/s?k=vitaminas+y+suplementos,,,México,México,México,Marketplace,Media,2,Sellers de vitaminas y suplementos,research
Salud,Vitaminas y suplementos,Amino Vida (Genomma),https://www.genommalab.com/,,,CDMX,CDMX,México,Marca,Media,4,Suplemento para cabello y uñas,brand
Salud,Vitaminas y suplementos,B Life,https://www.blife.mx/,,,CDMX,CDMX,México,D2C,Media,4,Suplementos y vitaminas ecom,research
Salud,Vitaminas y suplementos,B Life (ejemplo),https://www.blife.mx/,,,CDMX,CDMX,México,Ejemplo original,Media,3,Ejemplo del cliente — vitaminas y suplementos D2C,ejemplo_cliente
Salud,Vitaminas y suplementos,Bayer México,https://www.bayer.mx/,,,CDMX,CDMX,México,Laboratorio,Media,3,"Berocca, Supradyn, One A Day",brand
Salud,Vitaminas y suplementos,Berocca (Bayer),,,,Alemania,,México,Marca,Media,2,Efervescentes de vitaminas B+C,brand
Salud,Vitaminas y suplementos,BSN,,,,USA,,México,Marca,Media,2,"Suplementos deportivos, distribución MX",brand
Salud,Vitaminas y suplementos,Carlson Labs,,,,USA,,México,Marca,Media,2,"Vitaminas y omega, venta MX",brand
Salud,Vitaminas y suplementos,Casa Ley,https://www.casaley.mx/,,,Culiacán,Sinaloa,México,Retail,Media,3,Autoservicio del noroeste,brand
Salud,Vitaminas y suplementos,Casa Marzam,https://www.marzam.com.mx/,,,CDMX,CDMX,México,Mayoreo,Media,4,Distribuidora farmacéutica nacional,brand
Salud,Vitaminas y suplementos,Centrum,,,,USA,,México,Marca,Media,2,"Multivitamínico + omega, importado",brand
Salud,Vitaminas y suplementos,Chedraui,https://www.chedraui.com.mx/,,,Xalapa,Veracruz,México,Retail,Media,3,Autoservicio con sección de vitaminas,brand
Salud,Vitaminas y suplementos,City Club,https://www.cityclub.com.mx/,,,CDMX,CDMX,México,Retail,Media,3,Club de precios con vitaminas por mayoreo,brand
Salud,Vitaminas y suplementos,Costco México,https://www.costco.com.mx/,,,CDMX,CDMX,México,Retail,Media,3,Mayoreo de vitaminas (Kirkland),brand
Salud,Vitaminas y suplementos,Deportes Martí,https://www.marti.mx/,,,CDMX,CDMX,México,Retail,Media,3,Tienda deportiva MX con suplementos,brand
Salud,Vitaminas y suplementos,Disur,,,,CDMX,CDMX,México,Mayoreo,Media,2,Distribuidora farmacéutica,brand
Salud,Vitaminas y suplementos,Doctor's Best,https://www.drbvitamins.com/,,,USA,,México,Marca,Media,4,"Suplementos importados, venta MX",brand
Salud,Vitaminas y suplementos,Dymatize,,,,USA,,México,Marca,Media,2,"Proteínas y aminoácidos, distribución MX",brand
Salud,Vitaminas y suplementos,Farmacias ABC,https://farmaciasabc.com/,,,CDMX,CDMX,México,Retail,Media,3,Cadena de farmacias CDMX,brand
Salud,Vitaminas y suplementos,Farmacias Benavides,https://www.benavides.com.mx/,,,Monterrey,Nuevo León,México,Retail,Media,3,Cadena de farmacias del norte,brand
Salud,Vitaminas y suplementos,Farmacias del Ahorro,https://www.fahorro.com/,,,CDMX,CDMX,México,Retail,Media,3,Cadena nacional de farmacias con línea de vitaminas,brand
Salud,Vitaminas y suplementos,Farmacias del Sol,https://www.farmaciasdelsol.mx/,,,CDMX,CDMX,México,Retail,Media,3,Cadena de farmacias CDMX,brand
Salud,Vitaminas y suplementos,Farmacias Guadalajara,https://www.farmaciasguadalajara.com.mx/,,,Guadalajara,Jalisco,México,Retail,Media,3,Cadena nacional con sección de suplementos,brand
Salud,Vitaminas y suplementos,Farmacias Morelos,https://www.farmaciasmorelos.com.mx/,,,Cuernavaca,Morelos,México,Retail,Media,3,Cadena de farmacias del sur,brand
Salud,Vitaminas y suplementos,Farmacias Roma,https://www.farmaciasroma.com.mx/,,,CDMX,CDMX,México,Retail,Media,3,Cadena de farmacias CDMX,brand
Salud,Vitaminas y suplementos,Farmacias San Pablo,https://farmaciasanpablo.mx/,,,CDMX,CDMX,México,Retail,Media,3,Cadena de farmacias CDMX,brand
Salud,Vitaminas y suplementos,Farmacias YZA,https://farmaciasyza.com/,,,CDMX,CDMX,México,Retail,Media,3,Cadena de farmacias CDMX,brand
Salud,Vitaminas y suplementos,Frubiés (Liomont),https://www.liomont.com.mx/,,,CDMX,CDMX,México,Marca,Media,4,Vitaminas efervescentes,brand
Salud,Vitaminas y suplementos,Fármacos Especializados,,,,CDMX,CDMX,México,Mayoreo,Media,2,Distribuidora farmacéutica,brand
Salud,Vitaminas y suplementos,Fármacos Nacionales,,,,CDMX,CDMX,México,Mayoreo,Media,2,Distribuidora farmacéutica,brand
Salud,Vitaminas y suplementos,Garden of Life,,,,USA,,México,Marca,Media,2,"Suplementos orgánicos, venta MX",brand
Salud,Vitaminas y suplementos,Genomma Lab,https://www.genommalab.com/,,,CDMX,CDMX,México,Laboratorio,Media,3,"Farmacéutica mexicana (Amino Vida, Rescata)",brand
Salud,Vitaminas y suplementos,GNC México,https://www.gnc.com.mx/,,,CDMX,CDMX,México,Marca,Media,4,Tienda especializada en suplementos,brand
Salud,Vitaminas y suplementos,Grisi,https://www.grisi.com.mx/,,,CDMX,CDMX,México,Marca,Media,4,"Vitaminas y salud, marca mexicana",brand
Salud,Vitaminas y suplementos,GSK México,https://www.gsk.com.mx/,,,CDMX,CDMX,México,Laboratorio,Media,3,Pharmaton y multivitamínicos,brand
Salud,Vitaminas y suplementos,Gummy Life,https://www.gummylife.mx/,,,México,México,México,D2C,Media,3,"Gomitas vitamínicas mexicanas (biotina, omega 3, magnesio)",research
Salud,Vitaminas y suplementos,HEB México,https://www.heb.com.mx/,,,Monterrey,Nuevo León,México,Retail,Media,3,Autoservicio del noreste,brand
Salud,Vitaminas y suplementos,Herbalife México,https://www.herbalife.com.mx/,,,CDMX,CDMX,México,Marca,Media,4,Nutrición deportiva y control de peso,brand
Salud,Vitaminas y suplementos,iHerb,https://es.iherb.com/,,,México,México,México,D2C,Media,3,Tienda internacional de suplementos con envío a MX,brand
Salud,Vitaminas y suplementos,Innvictus,https://www.innvictus.com.mx/,,,CDMX,CDMX,México,Retail,Media,3,Tienda deportiva MX con suplementos,brand
Salud,Vitaminas y suplementos,Jarrow Formulas,,,,USA,,México,Marca,Media,2,"Suplementos importados, venta MX",brand
Salud,Vitaminas y suplementos,Kirkland Signature,https://www.costco.com.mx/,,,USA,,México,Marca,Media,4,Multivitamínicos por mayoreo en Costco,brand
Salud,Vitaminas y suplementos,La Comer,https://www.lacomer.com.mx/,,,CDMX,CDMX,México,Retail,Media,3,Autoservicio con sección de vitaminas,brand
Salud,Vitaminas y suplementos,Laboratorios Carnot,https://www.carnot.com.mx/,,,CDMX,CDMX,México,Laboratorio,Media,3,Farmacéutica mexicana,brand
Salud,Vitaminas y suplementos,Laboratorios Liomont,https://www.liomont.com.mx/,,,CDMX,CDMX,México,Laboratorio,Media,3,"Farmacéutica mexicana (Frubiés, Bion)",brand
Salud,Vitaminas y suplementos,Laboratorios PiSA,https://www.pisa.com.mx/,,,Guadalajara,Jalisco,México,Laboratorio,Media,3,Farmacéutica mexicana con línea de vitaminas,brand
Salud,Vitaminas y suplementos,Life Extension,,,,USA,,México,Marca,Media,2,"Suplementos importados, venta MX",brand
Salud,Vitaminas y suplementos,Marathón Sports,https://www.marathon-sports.com.mx/,,,CDMX,CDMX,México,Retail,Media,3,Tienda deportiva MX con suplementos,brand
Salud,Vitaminas y suplementos,MegaFood,,,,USA,,México,Marca,Media,2,"Vitaminas alimentarias, venta MX",brand
Salud,Vitaminas y suplementos,Member's Mark,https://www.sams.com.mx/,,,USA,,México,Marca,Media,4,Multivitamínicos por mayoreo en Sam's,brand
Salud,Vitaminas y suplementos,Mercado Libre suplementos,https://listado.mercadolibre.com.mx/suplementos-alimenticios-mayoreo,,,México,México,México,Marketplace,Media,2,Mayoreo de suplementos,research
Salud,Vitaminas y suplementos,Merck México,https://www.merckgroup.com/mx,,,CDMX,CDMX,México,Laboratorio,Media,3,Productos de salud,brand
Salud,Vitaminas y suplementos,Multicentrum,,,,USA,,México,Marca,Media,2,"Multivitamínico, venta MX",brand
Salud,Vitaminas y suplementos,MuscleTech,,,,USA,,México,Marca,Media,2,"Suplementos deportivos, distribución MX",brand
Salud,Vitaminas y suplementos,Myprotein,https://www.myprotein.com.mx/,,,México,México,México,D2C,Media,3,Suplementos en línea con operación MX,brand
Salud,Vitaminas y suplementos,Nadro,https://www.nadro.mx/,,,CDMX,CDMX,México,Mayoreo,Media,4,Distribuidora farmacéutica nacional,brand
Salud,Vitaminas y suplementos,Natrol,,,,USA,,México,Marca,Media,2,"Melatonina en gomitas, importado",brand
Salud,Vitaminas y suplementos,Nature Made,,,,USA,,México,Marca,Media,2,"Gomitas omega 3 y magnesio, importado",brand
Salud,Vitaminas y suplementos,Nature's Bounty,,,,USA,,México,Marca,Media,2,"Gomitas zinc y multivitamínicas, importado",brand
Salud,Vitaminas y suplementos,Nature's Truth,,,,USA,,México,Marca,Media,2,"Vitamina D3 gomitas, importado",brand
Salud,Vitaminas y suplementos,Nature's Way,https://www.naturesway.com/,,,USA,,México,Marca,Media,4,"Suplementos importados, venta ML",brand
Salud,Vitaminas y suplementos,NOW Foods,https://www.nowfoods.com/,,,USA,,México,Marca,Media,4,"Suplementos importados, distribución MX",brand
Salud,Vitaminas y suplementos,Nutrilite / Amway,https://www.amway.com.mx/,,,CDMX,CDMX,México,Marca,Media,4,Vitaminas y suplementos por consultoría,brand
Salud,Vitaminas y suplementos,Nutriólogos / MediNat,https://www.medinat.com.mx/,,,CDMX,CDMX,México,Marca,Media,4,Suplementos mexicanos,brand
Salud,Vitaminas y suplementos,Omnilife,https://www.omnilife.com/,,,Guadalajara,Jalisco,México,Marca,Media,4,Suplementos alimenticios MLM mexicano,brand
Salud,Vitaminas y suplementos,One A Day,,,,USA,,México,Marca,Media,2,"Multivitamínicos, venta MX",brand
Salud,Vitaminas y suplementos,Optimum Nutrition,,,,USA,,México,Marca,Media,2,"Proteínas y suplementos deportivos, distribución MX",brand
Salud,Vitaminas y suplementos,Pfizer México,https://www.pfizer.com.mx/,,,CDMX,CDMX,México,Laboratorio,Media,3,Centrum,brand
Salud,Vitaminas y suplementos,Pharmaton (GSK),,,,Suiza,,México,Marca,Media,2,Multivitamínico con ginseng,brand
Salud,Vitaminas y suplementos,Prozis,https://www.prozis.com/mx,,,México,México,México,D2C,Media,3,"Suplementos en línea, operación MX",brand
Salud,Vitaminas y suplementos,Pure Encapsulations,,,,USA,,México,Marca,Media,2,"Suplementos hipoalergénicos, venta MX",brand
Salud,Vitaminas y suplementos,Sam's Club México,https://www.sams.com.mx/,,,CDMX,CDMX,México,Retail,Media,3,Mayoreo de vitaminas (Member's Mark),brand
Salud,Vitaminas y suplementos,Sanfer,https://www.sanfer.com.mx/,,,CDMX,CDMX,México,Laboratorio,Media,3,Farmacéutica mexicana,brand
Salud,Vitaminas y suplementos,Sanofi México,https://www.sanofi.com.mx/,,,CDMX,CDMX,México,Laboratorio,Media,3,Magnesio y suplementos,brand
Salud,Vitaminas y suplementos,Schiff,,,,USA,,México,Marca,Media,2,"Vitaminas y omega, venta MX",brand
Salud,Vitaminas y suplementos,Solaray,https://www.solaray.com/,,,USA,,México,Marca,Media,4,"Vitaminas importadas, venta MX",brand
Salud,Vitaminas y suplementos,Soriana,https://www.soriana.com/,,,CDMX,CDMX,México,Retail,Media,3,Autoservicio con sección de vitaminas,brand
Salud,Vitaminas y suplementos,Sundown Naturals,,,,USA,,México,Marca,Media,2,"Vitaminas importadas, venta MX",brand
Salud,Vitaminas y suplementos,Supradyn (Bayer),,,,Alemania,,México,Marca,Media,2,Multivitamínico energético,brand
Salud,Vitaminas y suplementos,Swanson Health,https://www.swansonvitamins.com/,,,USA,,México,Marca,Media,4,"Vitaminas importadas, venta MX",brand
Salud,Vitaminas y suplementos,Thorne Research,,,,USA,,México,Marca,Media,2,"Suplementos médicos, venta MX",brand
Salud,Vitaminas y suplementos,TikTok Shop suplementos,https://shop.tiktok.com/,,,México,México,México,Marketplace,Media,2,Venta de suplementos D2C,research
Salud,Vitaminas y suplementos,Universal Nutrition,,,,USA,,México,Marca,Media,2,"Suplementos deportivos, distribución MX",brand
Salud,Vitaminas y suplementos,Vitaflor,https://www.vitaflor.com.mx/,,,CDMX,CDMX,México,Marca,Media,4,Suplementos mexicanos,brand
Salud,Vitaminas y suplementos,Vitafusion,,,,USA,,México,Marca,Media,2,"Gomitas multivitamínicas, importado",brand
Salud,Vitaminas y suplementos,Vital Suplementos MX,https://vitalsuplementosmex.com/,,,México,México,México,D2C,Media,3,Gomitas de vitaminas y suplementos,research
Salud,Vitaminas y suplementos,Vitaldin,https://www.vitaldin.com.mx/,,,CDMX,CDMX,México,Marca,Media,4,Suplementos mexicanos,brand
Salud,Vitaminas y suplementos,Vitaminas y suplementos (ejemplo original),https://www.blife.mx/,,,,,México,Ejemplo original,Media,2,Seed del cliente,ejemplo_cliente
Salud,Vitaminas y suplementos,Walmart México,https://www.walmart.com.mx/,,,CDMX,CDMX,México,Retail,Media,3,Autoservicio con sección de vitaminas,brand
Salud,Vitaminas y suplementos,Zumub,https://www.zumub.com/mx/,,,México,México,México,D2C,Media,3,"Suplementos en línea, operación MX",brand
Salud,Vitaminas y suplementos,Belabear,,,,México,México,México,Marca,Baja,1,Gomitas multivitamínico women 150 pzs,research
Salud,Vitaminas y suplementos,Básicos de la casa,,,,México,México,México,Distribuidor,Baja,1,Nature Made y Centrum vía ML,research
Salud,Vitaminas y suplementos,C-Boost,,,,México,México,México,Marca,Baja,1,Gomitas multivitamínicas 180 pzs,research
Salud,Vitaminas y suplementos,Geomed,,,,México,México,México,Distribuidor,Baja,1,Distribuye Plenlife en ML (4.9★),research
Salud,Vitaminas y suplementos,Heally,,,,México,México,México,Marca,Baja,1,Multivitamínico + colágeno en gomitas,research
Salud,Vitaminas y suplementos,Nutrisport,,,,México,México,México,Marca,Baja,1,Suplementos mexicanos,brand
Salud,Vitaminas y suplementos,OK Vitaminas,,,,México,México,México,Distribuidor,Baja,1,Nature's Way y gomitas vía ML,research
Salud,Vitaminas y suplementos,Plenlife,,,,México,México,México,Marca,Baja,1,"Gomitas calcio+vit D y multivitamínico, vía ML",research
Salud,Vitaminas y suplementos,Suplefit MX,,,,México,México,México,Distribuidor,Baja,1,Vitafusion y gomitas importadas vía ML,research
Salud,Vitaminas y suplementos,Vitamin World,,,,México,México,México,Distribuidor,Baja,1,Natrol melatonina gomitas vía ML,research
Zapatos,Zapatos para danza,Allegro Dance Store,https://allegro.mx/,,(222) 169-7869,Puebla,Puebla,México,Retail danza,Alta,5,Circuito Juan Pablo II 3111 Las Ánimas,research
Zapatos,Zapatos para danza,Andanzza,https://andanzza.com.mx/,,(55) 6155-8577,CDMX,CDMX,México,Tienda ballet,Alta,5,Interlomas (55) 5580-5898,research
Zapatos,Zapatos para danza,Bluëin Shoes,https://www.blueinshoes.com/,,5510082182,CDMX,CDMX,México,Fabricante baile social,Alta,6,Tango/salsa/bachata — Parroquia 637 Del Valle,research
Zapatos,Zapatos para danza,Calzado Manzano,https://calzadomanzano.com/,hola@calzadomanzano.com,7221016661,San Mateo Atenco,EdoMex,México,Ejemplo original,Alta,8,"Ejemplo del cliente — folklórico, Juan Aldama 603",ejemplo_cliente
Zapatos,Zapatos para danza,Dance Field,https://www.dancefield.com.mx/,,3343160899,Guadalajara,Jalisco,México,Tienda líder GDL,Alta,5,Plaza Los Arcos Vallarta 2440 — 33 3616 2036,research
Zapatos,Zapatos para danza,Dance Field Los Robles Zapopan,https://www.dancefield.com.mx/,,3343160899,Zapopan,Jalisco,México,Dirección fiscal/tienda,Alta,5,Av. Los Robles 2075,research
Zapatos,Zapatos para danza,Mayoreo escuelas folklor Atenco,https://calzadomanzano.com/,hola@calzadomanzano.com,7221016661,San Mateo Atenco,EdoMex,México,Mayoreo escuelas,Alta,9,Folklor,research
Zapatos,Zapatos para danza,Pirouette Dancewear,https://www.pirouette.mx/,tienda@pirouette.mx,3336100291,Zapopan,Jalisco,México,Tienda ballet,Alta,8,Pablo Neruda 4341 Plaza Universidad Local G4,research
Zapatos,Zapatos para danza,ZA&ZA Dancewear,https://info.zazadancewear.com/,contacto@zazadancewear.com,5561371366,Monterrey,NL,México,Multimarca,Alta,9,"+15 años, MTY/Puebla/Oaxaca, envíos MX",research
Zapatos,Zapatos para danza,ZA&ZA sucursal Monterrey,https://info.zazadancewear.com/,contacto@zazadancewear.com,5561371366,Monterrey,NL,México,Sucursal,Alta,8,Hidalgo 2258 Pte Plaza Picachos Local 10,research
Zapatos,Zapatos para danza,ZA&ZA sucursal Oaxaca,https://info.zazadancewear.com/,,5561894779,Oaxaca,Oaxaca,México,Sucursal,Alta,5,Heroico Colegio Militar 420 Reforma,research
Zapatos,Zapatos para danza,ZA&ZA sucursal Puebla,https://info.zazadancewear.com/,,5561894779,Puebla,Puebla,México,Sucursal,Alta,5,Plaza Universidad Local 1C,research
Zapatos,Zapatos para danza,Zapatillas de punta fitting Pirouette,https://www.pirouette.mx/,tienda@pirouette.mx,3336100291,Zapopan,Jalisco,México,Fitting profesional,Alta,8,Cita,research
Zapatos,Zapatos para danza,Zapatos De Danza Regional Lagunilla,,castrolopezamerica@icloud.com,5539682121,CDMX,CDMX,México,Mayoreo mercado,Alta,7,Lagunilla pasillo 1 local 97-98,research
Zapatos,Zapatos para danza,Centro Proveedora de Tacones,,,7282872026,San Mateo Atenco,EdoMex,México,Insumos,Media,3,Benito Juárez 821 San Luquitas,research
Zapatos,Zapatos para danza,Danzar S.A. de C.V.,,,,San Mateo Atenco,EdoMex,México,Fabricante,Media,2,Industria Norte 59,research
Zapatos,Zapatos para danza,Don León Calzado Danza Teatral,,,,San Mateo Atenco,EdoMex,México,Fabricante,Media,2,Guerrero 611 Barrio San Miguel,research
Zapatos,Zapatos para danza,Fábrica de Sandalias FASA,,,,San Mateo Atenco,EdoMex,México,Fabricante,Media,2,Blvd Miguel Alemán 65,research
Zapatos,Zapatos para danza,Gonze But,,,7282874087,San Mateo Atenco,EdoMex,México,Fabricante,Media,4,Independencia 432 San Francisco,research
Zapatos,Zapatos para danza,Insumos suelas danza Atenco,,,7282872026,San Mateo Atenco,EdoMex,México,Insumo,Media,3,Tacones y suelas,research
Zapatos,Zapatos para danza,Ital Group de México,,,7282880173,San Mateo Atenco,EdoMex,México,Fabricante,Media,4,Del Panteón 309,research
Zapatos,Zapatos para danza,Kuali Shoes,https://listado.mercadolibre.com.mx/zapatos-flamenco-danza_Store_kuali-shoes,,,México,México,México,Marca ML,Media,3,Flamenco y folklórica,research
Zapatos,Zapatos para danza,Mayoreo folklor Mercado de Sonora,,,,CDMX,CDMX,México,Mayoreo mercado,Media,2,Calzado + traje,research
Zapatos,Zapatos para danza,Mayoreo zapatillas ballet CDMX centro,,,,CDMX,CDMX,México,Mayoreo,Media,2,Escuelas,research
Zapatos,Zapatos para danza,Miguelito Dancing Shoes,https://miguelitousa.com/home.html,,,CDMX,CDMX,México,Fabricante teatral,Media,4,Ballet/flamenco/folklore CDMX,research
Zapatos,Zapatos para danza,Plaza Azul calzado Atenco,,,7282870863,San Mateo Atenco,EdoMex,México,Grupo artesanal,Media,3,Mayoreo calzado,research
Zapatos,Zapatos para danza,Supllies de México / Berrendo,,,7282882501,San Mateo Atenco,EdoMex,México,Insumos calzado,Media,3,Benito Juárez 218,research
Zapatos,Zapatos para danza,ZA&ZA en Barbiboo Guadalupe,,,8141883606,Guadalupe,NL,México,Punto venta,Media,3,Plaza Santa María Pablo Livas 7500,research
Zapatos,Zapatos para danza,Zapatos para danza (ejemplo original),https://calzadomanzano.com/,,,,,México,Ejemplo original,Media,2,Seed del cliente,ejemplo_cliente
Zapatos,Zapatos para danza,Bloch México vía retailers,,,,México,México,México,Marca internacional,Baja,1,Puntas y jazz,brand
Zapatos,Zapatos para danza,Calzado folklórico Barrio de San Nicolás Atenco,,,,San Mateo Atenco,EdoMex,México,Taller,Baja,1,Cluster,research
Zapatos,Zapatos para danza,Calzado folklórico Barrio de San Pedro Atenco,,,,San Mateo Atenco,EdoMex,México,Taller,Baja,1,Cluster,research
Zapatos,Zapatos para danza,Capezio México vía retailers,,,,México,México,México,Marca internacional,Baja,1,ZA&ZA / Dance Field / Andanzza,brand
Zapatos,Zapatos para danza,Compañías de danza institucionales,,,,México,México,México,Canal institucional,Baja,,INBAL / estatales,research
Zapatos,Zapatos para danza,Fitting / venta zapatillas CDMX,,,,CDMX,CDMX,México,Retail regional,Baja,1,Puntas y jazz,research
Zapatos,Zapatos para danza,Freed of London México,,,,México,México,México,Marca premium,Baja,1,Puntas,brand
Zapatos,Zapatos para danza,Gaynor Minden México,,,,México,México,México,Marca premium,Baja,1,Puntas,brand
Zapatos,Zapatos para danza,Grishko México vía retailers,,,,México,México,México,Marca internacional,Baja,1,Puntas rusas,brand
Zapatos,Zapatos para danza,Insumos clavos flamenco,,,,México,México,México,Insumo,Baja,,Taconeo,research
Zapatos,Zapatos para danza,Leo's Dancewear México,,,,México,México,México,Marca,Baja,1,Jazz/tap,brand
Zapatos,Zapatos para danza,Resuela / reparación danza,,,,CDMX,CDMX,México,Servicio,Baja,1,Puntas y folklor,research
Zapatos,Zapatos para danza,Russian Pointe México,,,,México,México,México,Marca puntas,Baja,1,Retail especialidad,brand
Zapatos,Zapatos para danza,Sansha México,,,,México,México,México,Marca internacional,Baja,1,Jazz/ballet,brand
Zapatos,Zapatos para danza,So Danca México,,,,México,México,México,Marca internacional,Baja,1,Retail danza,brand
Zapatos,Zapatos para danza,Wear Moi México,,,,México,México,México,Marca internacional,Baja,1,Mallas y puntas,brand
Zapatos,Zapatos para danza,Zapatillas de jazz mayoreo,,,,México,México,México,Jazz,Baja,,Capezio/Bloch canal,research
Zapatos,Zapatos para danza,Zapatillas de media punta mayoreo,,,,México,México,México,Mayoreo escuelas,Baja,1,Retailers,research
Zapatos,Zapatos para danza,Zapatos chilenas Guerrero,,,,Acapulco,Guerrero,México,Folklor,Baja,1,Costa,research
Zapatos,Zapatos para danza,Zapatos de contemporáneo MX,,,,México,México,México,Contemporáneo,Baja,,Foot thongs / paws,research
Zapatos,Zapatos para danza,Zapatos de flamenco MX fábricas,,,,México,México,México,Flamenco,Baja,,Manzano / Miguelito / Kuali,research
Zapatos,Zapatos para danza,Zapatos de folklor San Mateo cluster,,,,San Mateo Atenco,EdoMex,México,Cluster fábrica,Baja,,Decenas de talleres,research
Zapatos,Zapatos para danza,Zapatos de heels / exotic dance MX,,,,México,México,México,Heels,Baja,,ZA&ZA línea,research
Zapatos,Zapatos para danza,Zapatos de tap / claqué MX,,,,México,México,México,Tap,Baja,,Retail especialidad,research
Zapatos,Zapatos para danza,Zapatos huapango SLP / Hgo,,,,San Luis Potosí,SLP,México,Folklor,Baja,1,Huasteca,research
Zapatos,Zapatos para danza,Zapatos jarabe tapatío GDL,,,,Guadalajara,Jalisco,México,Folklor,Baja,1,Jalisco,research
Zapatos,Zapatos para danza,Zapatos polka norteña,,,,Monterrey,NL,México,Folklor,Baja,1,Norte,research
Zapatos,Zapatos para danza,Zapatos sones istmeños,,,,Juchitán,Oaxaca,México,Folklor,Baja,1,Istmo,research
